[{
    "time": 28879,
    "timeup": false,
    "done": true,
    "player": "54466119708542",
    "stage": {
        "stage": 1,
        "step": 1,
        "round": 1
    },
    "timestamp": 1619470283081,
    "session": "room000027"
}, {
    "time": 30964,
    "timeup": false,
    "done": true,
    "player": "591091344719601",
    "stage": {
        "stage": 1,
        "step": 1,
        "round": 1
    },
    "timestamp": 1619470284481,
    "session": "room000027"
}, {
    "time": 42930,
    "timeup": false,
    "done": true,
    "player": "349295103723161",
    "stage": {
        "stage": 1,
        "step": 1,
        "round": 1
    },
    "timestamp": 1619470296592,
    "session": "room000027"
}, {
    "time": 52267,
    "timeup": false,
    "done": true,
    "player": "50672781561674",
    "stage": {
        "stage": 1,
        "step": 1,
        "round": 1
    },
    "timestamp": 1619470305736,
    "session": "room000027"
}, {
    "order": [
        0,
        1,
        2,
        3,
        4
    ],
    "forms": {
        "coinsEveryRound": {
            "id": "coinsEveryRound",
            "choice": "0",
            "time": 14811,
            "nClicks": 1,
            "order": [
                0,
                3,
                2,
                1
            ],
            "value": "20",
            "isCorrect": true,
            "attempts": [
                "0"
            ]
        },
        "coinsMaxi": {
            "id": "coinsMaxi",
            "choice": "0",
            "time": 18373,
            "nClicks": 1,
            "order": [
                1,
                3,
                0,
                2
            ],
            "value": "40",
            "isCorrect": true,
            "attempts": [
                "0"
            ]
        },
        "coinsMini": {
            "id": "coinsMini",
            "choice": "0",
            "time": 24692,
            "nClicks": 1,
            "order": [
                3,
                1,
                2,
                0
            ],
            "value": "10",
            "isCorrect": true,
            "attempts": [
                "0"
            ]
        },
        "coinsOthers": {
            "id": "coinsOthers",
            "choice": "0",
            "time": 34034,
            "nClicks": 1,
            "order": [
                0,
                3,
                1,
                2
            ],
            "value": "30",
            "isCorrect": true,
            "attempts": [
                "0"
            ]
        },
        "lowestPayment1": {
            "id": "lowestPayment1",
            "choice": "0",
            "time": 75298,
            "nClicks": 1,
            "order": [
                0,
                2,
                1,
                3
            ],
            "value": "15",
            "isCorrect": true,
            "attempts": [
                "0"
            ]
        }
    },
    "missValues": [],
    "id": "quiz",
    "isCorrect": true,
    "time": 76564,
    "timeup": false,
    "done": true,
    "player": "54466119708542",
    "stage": {
        "stage": 2,
        "step": 1,
        "round": 1
    },
    "timestamp": 1619470382900,
    "session": "room000027"
}, {
    "order": [
        0,
        1,
        2,
        3,
        4
    ],
    "forms": {
        "coinsEveryRound": {
            "id": "coinsEveryRound",
            "choice": "0",
            "time": 9672,
            "nClicks": 1,
            "order": [
                2,
                0,
                3,
                1
            ],
            "value": "20",
            "isCorrect": true,
            "attempts": [
                "0"
            ]
        },
        "coinsMaxi": {
            "id": "coinsMaxi",
            "choice": "0",
            "time": 23102,
            "nClicks": 1,
            "order": [
                0,
                2,
                1,
                3
            ],
            "value": "40",
            "isCorrect": true,
            "attempts": [
                "0"
            ]
        },
        "coinsMini": {
            "id": "coinsMini",
            "choice": "0",
            "time": 31976,
            "nClicks": 1,
            "order": [
                0,
                1,
                2,
                3
            ],
            "value": "10",
            "isCorrect": true,
            "attempts": [
                "0"
            ]
        },
        "coinsOthers": {
            "id": "coinsOthers",
            "choice": "0",
            "time": 86601,
            "nClicks": 2,
            "order": [
                3,
                0,
                1,
                2
            ],
            "value": "30",
            "isCorrect": true,
            "attempts": [
                "0"
            ]
        },
        "lowestPayment1": {
            "id": "lowestPayment1",
            "choice": "0",
            "time": 115133,
            "nClicks": 1,
            "order": [
                2,
                3,
                0,
                1
            ],
            "value": "15",
            "isCorrect": true,
            "attempts": [
                "0"
            ]
        }
    },
    "missValues": [],
    "id": "quiz",
    "isCorrect": true,
    "time": 118444,
    "timeup": false,
    "done": true,
    "player": "349295103723161",
    "stage": {
        "stage": 2,
        "step": 1,
        "round": 1
    },
    "timestamp": 1619470424638,
    "session": "room000027"
}, {
    "order": [
        0,
        1,
        2,
        3,
        4
    ],
    "forms": {
        "coinsEveryRound": {
            "id": "coinsEveryRound",
            "choice": "0",
            "time": 8427,
            "nClicks": 1,
            "order": [
                2,
                0,
                3,
                1
            ],
            "value": "20",
            "isCorrect": true,
            "attempts": [
                "0",
                "0"
            ]
        },
        "coinsMaxi": {
            "id": "coinsMaxi",
            "choice": "0",
            "time": 24386,
            "nClicks": 3,
            "order": [
                0,
                3,
                1,
                2
            ],
            "value": "40",
            "isCorrect": true,
            "attempts": [
                "0",
                "0"
            ]
        },
        "coinsMini": {
            "id": "coinsMini",
            "choice": "0",
            "time": 54135,
            "nClicks": 3,
            "order": [
                0,
                3,
                1,
                2
            ],
            "value": "10",
            "isCorrect": true,
            "attempts": [
                "0",
                "0"
            ]
        },
        "coinsOthers": {
            "id": "coinsOthers",
            "choice": "0",
            "time": 86236,
            "nClicks": 2,
            "order": [
                3,
                0,
                1,
                2
            ],
            "value": "30",
            "isCorrect": true,
            "attempts": [
                "0",
                "0"
            ]
        },
        "lowestPayment1": {
            "id": "lowestPayment1",
            "choice": "0",
            "time": 118951,
            "nClicks": 4,
            "order": [
                3,
                1,
                0,
                2
            ],
            "value": "15",
            "isCorrect": true,
            "attempts": [
                "!?_null",
                "0"
            ]
        }
    },
    "missValues": [],
    "id": "quiz",
    "isCorrect": true,
    "time": 120627,
    "timeup": false,
    "done": true,
    "player": "591091344719601",
    "stage": {
        "stage": 2,
        "step": 1,
        "round": 1
    },
    "timestamp": 1619470426739,
    "session": "room000027"
}, {
    "order": [
        0,
        1,
        2,
        3,
        4
    ],
    "forms": {
        "coinsEveryRound": {
            "id": "coinsEveryRound",
            "choice": "0",
            "time": 15700,
            "nClicks": 1,
            "order": [
                0,
                3,
                2,
                1
            ],
            "value": "20",
            "isCorrect": true,
            "attempts": [
                "0"
            ]
        },
        "coinsMaxi": {
            "id": "coinsMaxi",
            "choice": "0",
            "time": 23752,
            "nClicks": 1,
            "order": [
                3,
                0,
                1,
                2
            ],
            "value": "40",
            "isCorrect": true,
            "attempts": [
                "0"
            ]
        },
        "coinsMini": {
            "id": "coinsMini",
            "choice": "0",
            "time": 56921,
            "nClicks": 2,
            "order": [
                2,
                3,
                0,
                1
            ],
            "value": "10",
            "isCorrect": true,
            "attempts": [
                "0"
            ]
        },
        "coinsOthers": {
            "id": "coinsOthers",
            "choice": "0",
            "time": 85704,
            "nClicks": 2,
            "order": [
                2,
                0,
                1,
                3
            ],
            "value": "30",
            "isCorrect": true,
            "attempts": [
                "0"
            ]
        },
        "lowestPayment1": {
            "id": "lowestPayment1",
            "choice": "0",
            "time": 115635,
            "nClicks": 2,
            "order": [
                1,
                0,
                3,
                2
            ],
            "value": "15",
            "isCorrect": true,
            "attempts": [
                "0"
            ]
        }
    },
    "missValues": [],
    "id": "quiz",
    "isCorrect": true,
    "time": 122914,
    "timeup": false,
    "done": true,
    "player": "50672781561674",
    "stage": {
        "stage": 2,
        "step": 1,
        "round": 1
    },
    "timestamp": 1619470428880,
    "session": "room000027"
}, {
    "znajiSe": "5",
    "blizkost": "5",
    "kooperujeKam": "6",
    "kooperujeCiz": "5",
    "time": 37546,
    "timeup": false,
    "done": true,
    "player": "54466119708542",
    "stage": {
        "stage": 3,
        "step": 1,
        "round": 1
    },
    "timestamp": 1619470466935,
    "session": "room000027"
}, {
    "znajiSe": "4",
    "blizkost": "4",
    "kooperujeKam": "5",
    "kooperujeCiz": "6",
    "time": 43969,
    "timeup": false,
    "done": true,
    "player": "591091344719601",
    "stage": {
        "stage": 3,
        "step": 1,
        "round": 1
    },
    "timestamp": 1619470473142,
    "session": "room000027"
}, {
    "znajiSe": "4",
    "blizkost": "4",
    "kooperujeKam": "6",
    "kooperujeCiz": "4",
    "time": 59595,
    "timeup": false,
    "done": true,
    "player": "349295103723161",
    "stage": {
        "stage": 3,
        "step": 1,
        "round": 1
    },
    "timestamp": 1619470488895,
    "session": "room000027"
}, {
    "znajiSe": "6",
    "blizkost": "5",
    "kooperujeKam": "2",
    "kooperujeCiz": "3",
    "time": 77540,
    "timeup": false,
    "done": true,
    "player": "50672781561674",
    "stage": {
        "stage": 3,
        "step": 1,
        "round": 1
    },
    "timestamp": 1619470506604,
    "session": "room000027"
}, {
    "contribution": 20,
    "time": 13725,
    "timeup": false,
    "done": true,
    "player": "349295103723161",
    "stage": {
        "stage": 4,
        "step": 1,
        "round": 1
    },
    "timestamp": 1619470521019,
    "session": "room000027"
}, {
    "contribution": 20,
    "time": 14514,
    "timeup": false,
    "done": true,
    "player": "54466119708542",
    "stage": {
        "stage": 4,
        "step": 1,
        "round": 1
    },
    "timestamp": 1619470522094,
    "session": "room000027"
}, {
    "contribution": 20,
    "time": 15784,
    "timeup": false,
    "done": true,
    "player": "50672781561674",
    "stage": {
        "stage": 4,
        "step": 1,
        "round": 1
    },
    "timestamp": 1619470522785,
    "session": "room000027"
}, {
    "contribution": 20,
    "time": 17846,
    "timeup": false,
    "done": true,
    "player": "591091344719601",
    "stage": {
        "stage": 4,
        "step": 1,
        "round": 1
    },
    "timestamp": 1619470525410,
    "session": "room000027"
}, {
    "time": 3330,
    "timeup": false,
    "done": true,
    "player": "54466119708542",
    "stage": {
        "stage": 4,
        "step": 2,
        "round": 1
    },
    "timestamp": 1619470529547,
    "session": "room000027"
}, {
    "time": 7829,
    "timeup": false,
    "done": true,
    "player": "50672781561674",
    "stage": {
        "stage": 4,
        "step": 2,
        "round": 1
    },
    "timestamp": 1619470533833,
    "session": "room000027"
}, {
    "time": 8056,
    "timeup": false,
    "done": true,
    "player": "349295103723161",
    "stage": {
        "stage": 4,
        "step": 2,
        "round": 1
    },
    "timestamp": 1619470534184,
    "session": "room000027"
}, {
    "time": 13970,
    "timeup": false,
    "done": true,
    "player": "591091344719601",
    "stage": {
        "stage": 4,
        "step": 2,
        "round": 1
    },
    "timestamp": 1619470539838,
    "session": "room000027"
}, {
    "contribution": 20,
    "time": 4669,
    "timeup": false,
    "done": true,
    "player": "54466119708542",
    "stage": {
        "stage": 4,
        "step": 1,
        "round": 2
    },
    "timestamp": 1619470544981,
    "session": "room000027"
}, {
    "contribution": 20,
    "time": 8583,
    "timeup": false,
    "done": true,
    "player": "349295103723161",
    "stage": {
        "stage": 4,
        "step": 1,
        "round": 2
    },
    "timestamp": 1619470548941,
    "session": "room000027"
}, {
    "contribution": 20,
    "time": 8930,
    "timeup": false,
    "done": true,
    "player": "50672781561674",
    "stage": {
        "stage": 4,
        "step": 1,
        "round": 2
    },
    "timestamp": 1619470549087,
    "session": "room000027"
}, {
    "contribution": 1,
    "time": 9830,
    "timeup": false,
    "done": true,
    "player": "591091344719601",
    "stage": {
        "stage": 4,
        "step": 1,
        "round": 2
    },
    "timestamp": 1619470549917,
    "session": "room000027"
}, {
    "time": 4937,
    "timeup": false,
    "done": true,
    "player": "591091344719601",
    "stage": {
        "stage": 4,
        "step": 2,
        "round": 2
    },
    "timestamp": 1619470555095,
    "session": "room000027"
}, {
    "time": 4833,
    "timeup": false,
    "done": true,
    "player": "54466119708542",
    "stage": {
        "stage": 4,
        "step": 2,
        "round": 2
    },
    "timestamp": 1619470555360,
    "session": "room000027"
}, {
    "time": 10745,
    "timeup": false,
    "done": true,
    "player": "349295103723161",
    "stage": {
        "stage": 4,
        "step": 2,
        "round": 2
    },
    "timestamp": 1619470561252,
    "session": "room000027"
}, {
    "time": 22721,
    "timeup": false,
    "done": true,
    "player": "50672781561674",
    "stage": {
        "stage": 4,
        "step": 2,
        "round": 2
    },
    "timestamp": 1619470573028,
    "session": "room000027"
}, {
    "contribution": 20,
    "time": 8597,
    "timeup": false,
    "done": true,
    "player": "591091344719601",
    "stage": {
        "stage": 4,
        "step": 1,
        "round": 3
    },
    "timestamp": 1619470581970,
    "session": "room000027"
}, {
    "contribution": 20,
    "time": 15007,
    "timeup": true,
    "done": true,
    "player": "50672781561674",
    "stage": {
        "stage": 4,
        "step": 1,
        "round": 3
    },
    "timestamp": 1619470588280,
    "session": "room000027"
}, {
    "contribution": 20,
    "time": 15019,
    "timeup": true,
    "done": true,
    "player": "54466119708542",
    "stage": {
        "stage": 4,
        "step": 1,
        "round": 3
    },
    "timestamp": 1619470588439,
    "session": "room000027"
}, {
    "contribution": 20,
    "time": 15045,
    "timeup": true,
    "done": true,
    "player": "349295103723161",
    "stage": {
        "stage": 4,
        "step": 1,
        "round": 3
    },
    "timestamp": 1619470588518,
    "session": "room000027"
}, {
    "time": 2056,
    "timeup": false,
    "done": true,
    "player": "54466119708542",
    "stage": {
        "stage": 4,
        "step": 2,
        "round": 3
    },
    "timestamp": 1619470590988,
    "session": "room000027"
}, {
    "time": 4414,
    "timeup": false,
    "done": true,
    "player": "591091344719601",
    "stage": {
        "stage": 4,
        "step": 2,
        "round": 3
    },
    "timestamp": 1619470593418,
    "session": "room000027"
}, {
    "time": 6386,
    "timeup": false,
    "done": true,
    "player": "50672781561674",
    "stage": {
        "stage": 4,
        "step": 2,
        "round": 3
    },
    "timestamp": 1619470595263,
    "session": "room000027"
}, {
    "time": 9176,
    "timeup": false,
    "done": true,
    "player": "349295103723161",
    "stage": {
        "stage": 4,
        "step": 2,
        "round": 3
    },
    "timestamp": 1619470598205,
    "session": "room000027"
}, {
    "contribution": 20,
    "time": 4677,
    "timeup": false,
    "done": true,
    "player": "54466119708542",
    "stage": {
        "stage": 4,
        "step": 1,
        "round": 4
    },
    "timestamp": 1619470603355,
    "session": "room000027"
}, {
    "contribution": 20,
    "time": 5342,
    "timeup": false,
    "done": true,
    "player": "349295103723161",
    "stage": {
        "stage": 4,
        "step": 1,
        "round": 4
    },
    "timestamp": 1619470603953,
    "session": "room000027"
}, {
    "contribution": 20,
    "time": 6253,
    "timeup": false,
    "done": true,
    "player": "50672781561674",
    "stage": {
        "stage": 4,
        "step": 1,
        "round": 4
    },
    "timestamp": 1619470604959,
    "session": "room000027"
}, {
    "contribution": 19,
    "time": 14071,
    "timeup": false,
    "done": true,
    "player": "591091344719601",
    "stage": {
        "stage": 4,
        "step": 1,
        "round": 4
    },
    "timestamp": 1619470612628,
    "session": "room000027"
}, {
    "time": 4307,
    "timeup": false,
    "done": true,
    "player": "54466119708542",
    "stage": {
        "stage": 4,
        "step": 2,
        "round": 4
    },
    "timestamp": 1619470617562,
    "session": "room000027"
}, {
    "time": 7271,
    "timeup": false,
    "done": true,
    "player": "591091344719601",
    "stage": {
        "stage": 4,
        "step": 2,
        "round": 4
    },
    "timestamp": 1619470620180,
    "session": "room000027"
}, {
    "time": 7430,
    "timeup": false,
    "done": true,
    "player": "50672781561674",
    "stage": {
        "stage": 4,
        "step": 2,
        "round": 4
    },
    "timestamp": 1619470620420,
    "session": "room000027"
}, {
    "time": 7500,
    "timeup": false,
    "done": true,
    "player": "349295103723161",
    "stage": {
        "stage": 4,
        "step": 2,
        "round": 4
    },
    "timestamp": 1619470620660,
    "session": "room000027"
}, {
    "contribution": 0,
    "time": 4003,
    "timeup": false,
    "done": true,
    "player": "54466119708542",
    "stage": {
        "stage": 4,
        "step": 1,
        "round": 5
    },
    "timestamp": 1619470625179,
    "session": "room000027"
}, {
    "contribution": 20,
    "time": 4954,
    "timeup": false,
    "done": true,
    "player": "349295103723161",
    "stage": {
        "stage": 4,
        "step": 1,
        "round": 5
    },
    "timestamp": 1619470626017,
    "session": "room000027"
}, {
    "contribution": 20,
    "time": 7109,
    "timeup": false,
    "done": true,
    "player": "591091344719601",
    "stage": {
        "stage": 4,
        "step": 1,
        "round": 5
    },
    "timestamp": 1619470628128,
    "session": "room000027"
}, {
    "contribution": 20,
    "time": 10120,
    "timeup": false,
    "done": true,
    "player": "50672781561674",
    "stage": {
        "stage": 4,
        "step": 1,
        "round": 5
    },
    "timestamp": 1619470631160,
    "session": "room000027"
}, {
    "time": 1457,
    "timeup": false,
    "done": true,
    "player": "54466119708542",
    "stage": {
        "stage": 4,
        "step": 2,
        "round": 5
    },
    "timestamp": 1619470633163,
    "session": "room000027"
}, {
    "time": 3638,
    "timeup": false,
    "done": true,
    "player": "50672781561674",
    "stage": {
        "stage": 4,
        "step": 2,
        "round": 5
    },
    "timestamp": 1619470635085,
    "session": "room000027"
}, {
    "time": 5343,
    "timeup": false,
    "done": true,
    "player": "349295103723161",
    "stage": {
        "stage": 4,
        "step": 2,
        "round": 5
    },
    "timestamp": 1619470637123,
    "session": "room000027"
}, {
    "time": 5991,
    "timeup": false,
    "done": true,
    "player": "591091344719601",
    "stage": {
        "stage": 4,
        "step": 2,
        "round": 5
    },
    "timestamp": 1619470637599,
    "session": "room000027"
}, {
    "contribution": 0,
    "time": 3818,
    "timeup": false,
    "done": true,
    "player": "54466119708542",
    "stage": {
        "stage": 4,
        "step": 1,
        "round": 6
    },
    "timestamp": 1619470641901,
    "session": "room000027"
}, {
    "contribution": 20,
    "time": 5844,
    "timeup": false,
    "done": true,
    "player": "591091344719601",
    "stage": {
        "stage": 4,
        "step": 1,
        "round": 6
    },
    "timestamp": 1619470643690,
    "session": "room000027"
}, {
    "contribution": 20,
    "time": 7626,
    "timeup": false,
    "done": true,
    "player": "50672781561674",
    "stage": {
        "stage": 4,
        "step": 1,
        "round": 6
    },
    "timestamp": 1619470645549,
    "session": "room000027"
}, {
    "contribution": 20,
    "time": 15003,
    "timeup": true,
    "done": true,
    "player": "349295103723161",
    "stage": {
        "stage": 4,
        "step": 1,
        "round": 6
    },
    "timestamp": 1619470653082,
    "session": "room000027"
}, {
    "time": 1755,
    "timeup": false,
    "done": true,
    "player": "54466119708542",
    "stage": {
        "stage": 4,
        "step": 2,
        "round": 6
    },
    "timestamp": 1619470655363,
    "session": "room000027"
}, {
    "time": 4920,
    "timeup": false,
    "done": true,
    "player": "349295103723161",
    "stage": {
        "stage": 4,
        "step": 2,
        "round": 6
    },
    "timestamp": 1619470658484,
    "session": "room000027"
}, {
    "time": 5739,
    "timeup": false,
    "done": true,
    "player": "50672781561674",
    "stage": {
        "stage": 4,
        "step": 2,
        "round": 6
    },
    "timestamp": 1619470659290,
    "session": "room000027"
}, {
    "time": 6044,
    "timeup": false,
    "done": true,
    "player": "591091344719601",
    "stage": {
        "stage": 4,
        "step": 2,
        "round": 6
    },
    "timestamp": 1619470659562,
    "session": "room000027"
}, {
    "contribution": 20,
    "time": 7161,
    "timeup": false,
    "done": true,
    "player": "591091344719601",
    "stage": {
        "stage": 4,
        "step": 1,
        "round": 7
    },
    "timestamp": 1619470667034,
    "session": "room000027"
}, {
    "contribution": 0,
    "time": 11601,
    "timeup": false,
    "done": true,
    "player": "50672781561674",
    "stage": {
        "stage": 4,
        "step": 1,
        "round": 7
    },
    "timestamp": 1619470671472,
    "session": "room000027"
}, {
    "contribution": 20,
    "time": 11558,
    "timeup": false,
    "done": true,
    "player": "349295103723161",
    "stage": {
        "stage": 4,
        "step": 1,
        "round": 7
    },
    "timestamp": 1619470671630,
    "session": "room000027"
}, {
    "contribution": 0,
    "time": 14602,
    "timeup": false,
    "done": true,
    "player": "54466119708542",
    "stage": {
        "stage": 4,
        "step": 1,
        "round": 7
    },
    "timestamp": 1619470674816,
    "session": "room000027"
}, {
    "time": 2060,
    "timeup": false,
    "done": true,
    "player": "54466119708542",
    "stage": {
        "stage": 4,
        "step": 2,
        "round": 7
    },
    "timestamp": 1619470677249,
    "session": "room000027"
}, {
    "time": 6686,
    "timeup": false,
    "done": true,
    "player": "349295103723161",
    "stage": {
        "stage": 4,
        "step": 2,
        "round": 7
    },
    "timestamp": 1619470681999,
    "session": "room000027"
}, {
    "time": 6997,
    "timeup": false,
    "done": true,
    "player": "50672781561674",
    "stage": {
        "stage": 4,
        "step": 2,
        "round": 7
    },
    "timestamp": 1619470682143,
    "session": "room000027"
}, {
    "time": 8790,
    "timeup": false,
    "done": true,
    "player": "591091344719601",
    "stage": {
        "stage": 4,
        "step": 2,
        "round": 7
    },
    "timestamp": 1619470683928,
    "session": "room000027"
}, {
    "contribution": 20,
    "time": 4443,
    "timeup": false,
    "done": true,
    "player": "54466119708542",
    "stage": {
        "stage": 4,
        "step": 1,
        "round": 8
    },
    "timestamp": 1619470688937,
    "session": "room000027"
}, {
    "contribution": 10,
    "time": 5528,
    "timeup": false,
    "done": true,
    "player": "591091344719601",
    "stage": {
        "stage": 4,
        "step": 1,
        "round": 8
    },
    "timestamp": 1619470689737,
    "session": "room000027"
}, {
    "contribution": 17,
    "time": 6628,
    "timeup": false,
    "done": true,
    "player": "349295103723161",
    "stage": {
        "stage": 4,
        "step": 1,
        "round": 8
    },
    "timestamp": 1619470691007,
    "session": "room000027"
}, {
    "contribution": 5,
    "time": 8903,
    "timeup": false,
    "done": true,
    "player": "50672781561674",
    "stage": {
        "stage": 4,
        "step": 1,
        "round": 8
    },
    "timestamp": 1619470693107,
    "session": "room000027"
}, {
    "time": 2827,
    "timeup": false,
    "done": true,
    "player": "54466119708542",
    "stage": {
        "stage": 4,
        "step": 2,
        "round": 8
    },
    "timestamp": 1619470696543,
    "session": "room000027"
}, {
    "time": 5489,
    "timeup": false,
    "done": true,
    "player": "591091344719601",
    "stage": {
        "stage": 4,
        "step": 2,
        "round": 8
    },
    "timestamp": 1619470698879,
    "session": "room000027"
}, {
    "time": 6682,
    "timeup": false,
    "done": true,
    "player": "349295103723161",
    "stage": {
        "stage": 4,
        "step": 2,
        "round": 8
    },
    "timestamp": 1619470700526,
    "session": "room000027"
}, {
    "time": 7609,
    "timeup": false,
    "done": true,
    "player": "50672781561674",
    "stage": {
        "stage": 4,
        "step": 2,
        "round": 8
    },
    "timestamp": 1619470700999,
    "session": "room000027"
}, {
    "contribution": 0,
    "time": 4185,
    "timeup": false,
    "done": true,
    "player": "54466119708542",
    "stage": {
        "stage": 4,
        "step": 1,
        "round": 9
    },
    "timestamp": 1619470705681,
    "session": "room000027"
}, {
    "contribution": 4,
    "time": 4934,
    "timeup": false,
    "done": true,
    "player": "349295103723161",
    "stage": {
        "stage": 4,
        "step": 1,
        "round": 9
    },
    "timestamp": 1619470706380,
    "session": "room000027"
}, {
    "contribution": 15,
    "time": 7842,
    "timeup": false,
    "done": true,
    "player": "591091344719601",
    "stage": {
        "stage": 4,
        "step": 1,
        "round": 9
    },
    "timestamp": 1619470709146,
    "session": "room000027"
}, {
    "contribution": 3,
    "time": 10647,
    "timeup": false,
    "done": true,
    "player": "50672781561674",
    "stage": {
        "stage": 4,
        "step": 1,
        "round": 9
    },
    "timestamp": 1619470711897,
    "session": "room000027"
}, {
    "time": 3027,
    "timeup": false,
    "done": true,
    "player": "591091344719601",
    "stage": {
        "stage": 4,
        "step": 2,
        "round": 9
    },
    "timestamp": 1619470715215,
    "session": "room000027"
}, {
    "time": 5344,
    "timeup": false,
    "done": true,
    "player": "50672781561674",
    "stage": {
        "stage": 4,
        "step": 2,
        "round": 9
    },
    "timestamp": 1619470717507,
    "session": "room000027"
}, {
    "time": 5328,
    "timeup": false,
    "done": true,
    "player": "54466119708542",
    "stage": {
        "stage": 4,
        "step": 2,
        "round": 9
    },
    "timestamp": 1619470717840,
    "session": "room000027"
}, {
    "time": 5674,
    "timeup": false,
    "done": true,
    "player": "349295103723161",
    "stage": {
        "stage": 4,
        "step": 2,
        "round": 9
    },
    "timestamp": 1619470718152,
    "session": "room000027"
}, {
    "contribution": 1,
    "time": 4872,
    "timeup": false,
    "done": true,
    "player": "54466119708542",
    "stage": {
        "stage": 4,
        "step": 1,
        "round": 10
    },
    "timestamp": 1619470723506,
    "session": "room000027"
}, {
    "contribution": 0,
    "time": 5855,
    "timeup": false,
    "done": true,
    "player": "50672781561674",
    "stage": {
        "stage": 4,
        "step": 1,
        "round": 10
    },
    "timestamp": 1619470724313,
    "session": "room000027"
}, {
    "contribution": 3,
    "time": 8344,
    "timeup": false,
    "done": true,
    "player": "591091344719601",
    "stage": {
        "stage": 4,
        "step": 1,
        "round": 10
    },
    "timestamp": 1619470726791,
    "session": "room000027"
}, {
    "contribution": 3,
    "time": 10064,
    "timeup": false,
    "done": true,
    "player": "349295103723161",
    "stage": {
        "stage": 4,
        "step": 1,
        "round": 10
    },
    "timestamp": 1619470728574,
    "session": "room000027"
}, {
    "time": 3557,
    "timeup": false,
    "done": true,
    "player": "54466119708542",
    "stage": {
        "stage": 4,
        "step": 2,
        "round": 10
    },
    "timestamp": 1619470732664,
    "session": "room000027"
}, {
    "time": 5600,
    "timeup": false,
    "done": true,
    "player": "50672781561674",
    "stage": {
        "stage": 4,
        "step": 2,
        "round": 10
    },
    "timestamp": 1619470734527,
    "session": "room000027"
}, {
    "time": 6936,
    "timeup": false,
    "done": true,
    "player": "591091344719601",
    "stage": {
        "stage": 4,
        "step": 2,
        "round": 10
    },
    "timestamp": 1619470735949,
    "session": "room000027"
}, {
    "time": 14385,
    "timeup": false,
    "done": true,
    "player": "349295103723161",
    "stage": {
        "stage": 4,
        "step": 2,
        "round": 10
    },
    "timestamp": 1619470743356,
    "session": "room000027"
}, {
    "communication": "Ano",
    "agreement": "Ano",
    "real1": "Napůl",
    "real2": "Ne",
    "strategy": "Jiná (prosím, popište níže)",
    "time": 49307,
    "timeup": false,
    "done": true,
    "player": "54466119708542",
    "stage": {
        "stage": 5,
        "step": 1,
        "round": 1
    },
    "timestamp": 1619470793212,
    "session": "room000027"
}, {
    "communication": "Ano",
    "agreement": "Nechci uvést",
    "real1": "Napůl",
    "real2": "Napůl",
    "strategy": "Náhodně vybírat částky",
    "time": 56034,
    "timeup": false,
    "done": true,
    "player": "591091344719601",
    "stage": {
        "stage": 5,
        "step": 1,
        "round": 1
    },
    "timestamp": 1619470799615,
    "session": "room000027"
}, {
    "communication": "Ano",
    "agreement": "Ano",
    "real1": "Napůl",
    "real2": "Napůl",
    "strategy": "Minimilizovat rozdíly mezi mým výnosem a výnosem spoluhráčů",
    "time": 56435,
    "timeup": false,
    "done": true,
    "player": "349295103723161",
    "stage": {
        "stage": 5,
        "step": 1,
        "round": 1
    },
    "timestamp": 1619470800099,
    "session": "room000027"
}, {
    "communication": "Ano",
    "agreement": "Ano",
    "real1": "Napůl",
    "real2": "Napůl",
    "strategy": "Minimilizovat rozdíly mezi mým výnosem a výnosem spoluhráčů",
    "time": 78895,
    "timeup": false,
    "done": true,
    "player": "50672781561674",
    "stage": {
        "stage": 5,
        "step": 1,
        "round": 1
    },
    "timestamp": 1619470822544,
    "session": "room000027"
}, {
    "value": "klarilin@seznam.cz",
    "timeBegin": 9910,
    "timeEnd": 12156,
    "isCorrect": true,
    "id": "email",
    "time": 14335,
    "timeup": false,
    "done": true,
    "player": "349295103723161",
    "stage": {
        "stage": 6,
        "step": 1,
        "round": 1
    },
    "timestamp": 1619470837452,
    "session": "room000027"
}, {
    "value": "lenkastepnickova@seznam.cz",
    "timeBegin": 5950,
    "timeEnd": 17136,
    "isCorrect": true,
    "id": "email",
    "time": 21454,
    "timeup": false,
    "done": true,
    "player": "591091344719601",
    "stage": {
        "stage": 6,
        "step": 1,
        "round": 1
    },
    "timestamp": 1619470844193,
    "session": "room000027"
}, {
    "value": "Kubi99@seznam.cz",
    "timeBegin": 14299,
    "timeEnd": 25512,
    "isCorrect": true,
    "id": "email",
    "time": 28183,
    "timeup": false,
    "done": true,
    "player": "50672781561674",
    "stage": {
        "stage": 6,
        "step": 1,
        "round": 1
    },
    "timestamp": 1619470850913,
    "session": "room000027"
}, {
    "value": "lenkastepnickova299@gmail.com",
    "timeBegin": 33238,
    "timeEnd": 51475,
    "isCorrect": true,
    "id": "email",
    "time": 60047,
    "timeup": true,
    "done": true,
    "player": "54466119708542",
    "stage": {
        "stage": 6,
        "step": 1,
        "round": 1
    },
    "timestamp": 1619470882937,
    "session": "room000027"
}]