"session","player","time","communication","agreement","real1","real2","strategy"
"room000027","54466119708542",49307,"Ano","Ano","Napůl","Ne","Jiná (prosím\, popište níže)"
"room000027","591091344719601",56034,"Ano","Nechci uvést","Napůl","Napůl","Náhodně vybírat částky"
"room000027","349295103723161",56435,"Ano","Ano","Napůl","Napůl","Minimilizovat rozdíly mezi mým výnosem a výnosem spoluhráčů"
"room000027","50672781561674",78895,"Ano","Ano","Napůl","Napůl","Minimilizovat rozdíly mezi mým výnosem a výnosem spoluhráčů"
