[{
    "time": 38421,
    "timeup": false,
    "done": true,
    "player": "686046656931412",
    "stage": {
        "stage": 1,
        "step": 1,
        "round": 1
    },
    "timestamp": 1619768865100,
    "session": "room000030"
}, {
    "time": 63268,
    "timeup": false,
    "done": true,
    "player": "896108636817794",
    "stage": {
        "stage": 1,
        "step": 1,
        "round": 1
    },
    "timestamp": 1619768890552,
    "session": "room000030"
}, {
    "time": 122994,
    "timeup": false,
    "done": true,
    "player": "448812941871222",
    "stage": {
        "stage": 1,
        "step": 1,
        "round": 1
    },
    "timestamp": 1619768949082,
    "session": "room000030"
}, {
    "time": 129035,
    "timeup": false,
    "done": true,
    "player": "930616180472829",
    "stage": {
        "stage": 1,
        "step": 1,
        "round": 1
    },
    "timestamp": 1619768955101,
    "session": "room000030"
}, {
    "order": [
        0,
        1,
        2,
        3,
        4
    ],
    "forms": {
        "coinsEveryRound": {
            "id": "coinsEveryRound",
            "choice": "0",
            "time": 5564,
            "nClicks": 1,
            "order": [
                3,
                0,
                2,
                1
            ],
            "value": "20",
            "isCorrect": true,
            "attempts": [
                "0",
                "0",
                "0"
            ]
        },
        "coinsMaxi": {
            "id": "coinsMaxi",
            "choice": "0",
            "time": 14601,
            "nClicks": 1,
            "order": [
                0,
                1,
                2,
                3
            ],
            "value": "40",
            "isCorrect": true,
            "attempts": [
                "0",
                "0",
                "0"
            ]
        },
        "coinsMini": {
            "id": "coinsMini",
            "choice": "0",
            "time": 23565,
            "nClicks": 1,
            "order": [
                3,
                2,
                1,
                0
            ],
            "value": "10",
            "isCorrect": true,
            "attempts": [
                "0",
                "0",
                "0"
            ]
        },
        "coinsOthers": {
            "id": "coinsOthers",
            "choice": "0",
            "time": 53376,
            "nClicks": 6,
            "order": [
                2,
                1,
                3,
                0
            ],
            "value": "30",
            "isCorrect": true,
            "attempts": [
                "3",
                "1",
                "0"
            ]
        },
        "lowestPayment1": {
            "id": "lowestPayment1",
            "choice": "0",
            "time": 39188,
            "nClicks": 1,
            "order": [
                0,
                3,
                2,
                1
            ],
            "value": "15",
            "isCorrect": true,
            "attempts": [
                "0",
                "0",
                "0"
            ]
        }
    },
    "missValues": [],
    "id": "quiz",
    "isCorrect": true,
    "time": 54596,
    "timeup": false,
    "done": true,
    "player": "686046656931412",
    "stage": {
        "stage": 2,
        "step": 1,
        "round": 1
    },
    "timestamp": 1619769010839,
    "session": "room000030"
}, {
    "order": [
        0,
        1,
        2,
        3,
        4
    ],
    "forms": {
        "coinsEveryRound": {
            "id": "coinsEveryRound",
            "choice": "0",
            "time": 3165,
            "nClicks": 1,
            "order": [
                3,
                0,
                1,
                2
            ],
            "value": "20",
            "isCorrect": true,
            "attempts": [
                "0",
                "0"
            ]
        },
        "coinsMaxi": {
            "id": "coinsMaxi",
            "choice": "0",
            "time": 20629,
            "nClicks": 3,
            "order": [
                2,
                3,
                0,
                1
            ],
            "value": "40",
            "isCorrect": true,
            "attempts": [
                "0",
                "0"
            ]
        },
        "coinsMini": {
            "id": "coinsMini",
            "choice": "0",
            "time": 27101,
            "nClicks": 1,
            "order": [
                2,
                1,
                3,
                0
            ],
            "value": "10",
            "isCorrect": true,
            "attempts": [
                "0",
                "0"
            ]
        },
        "coinsOthers": {
            "id": "coinsOthers",
            "choice": "0",
            "time": 60677,
            "nClicks": 2,
            "order": [
                3,
                1,
                2,
                0
            ],
            "value": "30",
            "isCorrect": true,
            "attempts": [
                "3",
                "0"
            ]
        },
        "lowestPayment1": {
            "id": "lowestPayment1",
            "choice": "0",
            "time": 46589,
            "nClicks": 1,
            "order": [
                3,
                1,
                0,
                2
            ],
            "value": "15",
            "isCorrect": true,
            "attempts": [
                "0",
                "0"
            ]
        }
    },
    "missValues": [],
    "id": "quiz",
    "isCorrect": true,
    "time": 61526,
    "timeup": false,
    "done": true,
    "player": "896108636817794",
    "stage": {
        "stage": 2,
        "step": 1,
        "round": 1
    },
    "timestamp": 1619769017186,
    "session": "room000030"
}, {
    "order": [
        0,
        1,
        2,
        3,
        4
    ],
    "forms": {
        "coinsEveryRound": {
            "id": "coinsEveryRound",
            "choice": "0",
            "time": 8187,
            "nClicks": 1,
            "order": [
                2,
                0,
                3,
                1
            ],
            "value": "20",
            "isCorrect": true,
            "attempts": [
                "0"
            ]
        },
        "coinsMaxi": {
            "id": "coinsMaxi",
            "choice": "0",
            "time": 20933,
            "nClicks": 1,
            "order": [
                0,
                2,
                1,
                3
            ],
            "value": "40",
            "isCorrect": true,
            "attempts": [
                "0"
            ]
        },
        "coinsMini": {
            "id": "coinsMini",
            "choice": "0",
            "time": 31552,
            "nClicks": 1,
            "order": [
                0,
                2,
                3,
                1
            ],
            "value": "10",
            "isCorrect": true,
            "attempts": [
                "0"
            ]
        },
        "coinsOthers": {
            "id": "coinsOthers",
            "choice": "0",
            "time": 128244,
            "nClicks": 2,
            "order": [
                2,
                0,
                1,
                3
            ],
            "value": "30",
            "isCorrect": true,
            "attempts": [
                "0"
            ]
        },
        "lowestPayment1": {
            "id": "lowestPayment1",
            "choice": "0",
            "time": 71575,
            "nClicks": 1,
            "order": [
                2,
                0,
                3,
                1
            ],
            "value": "15",
            "isCorrect": true,
            "attempts": [
                "0"
            ]
        }
    },
    "missValues": [],
    "id": "quiz",
    "isCorrect": true,
    "time": 130856,
    "timeup": false,
    "done": true,
    "player": "448812941871222",
    "stage": {
        "stage": 2,
        "step": 1,
        "round": 1
    },
    "timestamp": 1619769086159,
    "session": "room000030"
}, {
    "order": [
        0,
        1,
        2,
        3,
        4
    ],
    "forms": {
        "coinsEveryRound": {
            "id": "coinsEveryRound",
            "choice": "0",
            "time": 5212,
            "nClicks": 1,
            "order": [
                2,
                0,
                1,
                3
            ],
            "value": "20",
            "isCorrect": true,
            "attempts": [
                "0",
                "0"
            ]
        },
        "coinsMaxi": {
            "id": "coinsMaxi",
            "choice": "0",
            "time": 10456,
            "nClicks": 1,
            "order": [
                2,
                1,
                3,
                0
            ],
            "value": "40",
            "isCorrect": true,
            "attempts": [
                "0",
                "0"
            ]
        },
        "coinsMini": {
            "id": "coinsMini",
            "choice": "0",
            "time": 25488,
            "nClicks": 1,
            "order": [
                2,
                0,
                3,
                1
            ],
            "value": "10",
            "isCorrect": true,
            "attempts": [
                "0",
                "0"
            ]
        },
        "coinsOthers": {
            "id": "coinsOthers",
            "choice": "0",
            "time": 128578,
            "nClicks": 2,
            "order": [
                1,
                0,
                2,
                3
            ],
            "value": "30",
            "isCorrect": true,
            "attempts": [
                "3",
                "0"
            ]
        },
        "lowestPayment1": {
            "id": "lowestPayment1",
            "choice": "0",
            "time": 98986,
            "nClicks": 1,
            "order": [
                1,
                0,
                3,
                2
            ],
            "value": "15",
            "isCorrect": true,
            "attempts": [
                "0",
                "0"
            ]
        }
    },
    "missValues": [],
    "id": "quiz",
    "isCorrect": true,
    "time": 132282,
    "timeup": false,
    "done": true,
    "player": "930616180472829",
    "stage": {
        "stage": 2,
        "step": 1,
        "round": 1
    },
    "timestamp": 1619769087601,
    "session": "room000030"
}, {
    "znajiSe": "6",
    "blizkost": "4",
    "kooperujeKam": "5",
    "kooperujeCiz": "2",
    "time": 26022,
    "timeup": false,
    "done": true,
    "player": "686046656931412",
    "stage": {
        "stage": 3,
        "step": 1,
        "round": 1
    },
    "timestamp": 1619769116662,
    "session": "room000030"
}, {
    "znajiSe": "6",
    "blizkost": "6",
    "kooperujeKam": "7-velmi spolupracuji",
    "kooperujeCiz": "7-velmi spolupracuji",
    "time": 34931,
    "timeup": false,
    "done": true,
    "player": "448812941871222",
    "stage": {
        "stage": 3,
        "step": 1,
        "round": 1
    },
    "timestamp": 1619769122713,
    "session": "room000030"
}, {
    "znajiSe": "7-velmi dobře",
    "blizkost": "5",
    "kooperujeKam": "7-velmi spolupracuji",
    "kooperujeCiz": "6",
    "time": 51200,
    "timeup": false,
    "done": true,
    "player": "896108636817794",
    "stage": {
        "stage": 3,
        "step": 1,
        "round": 1
    },
    "timestamp": 1619769139509,
    "session": "room000030"
}, {
    "znajiSe": "7-velmi dobře",
    "blizkost": "7-velmi blízký",
    "kooperujeKam": "7-velmi spolupracuji",
    "kooperujeCiz": "5",
    "time": 90023,
    "timeup": true,
    "done": true,
    "player": "930616180472829",
    "stage": {
        "stage": 3,
        "step": 1,
        "round": 1
    },
    "timestamp": 1619769177804,
    "session": "room000030"
}, {
    "contribution": 20,
    "time": 4552,
    "timeup": false,
    "done": true,
    "player": "896108636817794",
    "stage": {
        "stage": 4,
        "step": 1,
        "round": 1
    },
    "timestamp": 1619769183084,
    "session": "room000030"
}, {
    "contribution": 20,
    "time": 10867,
    "timeup": false,
    "done": true,
    "player": "686046656931412",
    "stage": {
        "stage": 4,
        "step": 1,
        "round": 1
    },
    "timestamp": 1619769193492,
    "session": "room000030"
}, {
    "contribution": 20,
    "time": 16090,
    "timeup": false,
    "done": true,
    "player": "448812941871222",
    "stage": {
        "stage": 4,
        "step": 1,
        "round": 1
    },
    "timestamp": 1619769194520,
    "session": "room000030"
}, {
    "contribution": 20,
    "time": 30521,
    "timeup": false,
    "done": true,
    "player": "930616180472829",
    "stage": {
        "stage": 4,
        "step": 1,
        "round": 1
    },
    "timestamp": 1619769208760,
    "session": "room000030"
}, {
    "time": 4712,
    "timeup": false,
    "done": true,
    "player": "448812941871222",
    "stage": {
        "stage": 4,
        "step": 2,
        "round": 1
    },
    "timestamp": 1619769213917,
    "session": "room000030"
}, {
    "time": 6041,
    "timeup": false,
    "done": true,
    "player": "686046656931412",
    "stage": {
        "stage": 4,
        "step": 2,
        "round": 1
    },
    "timestamp": 1619769216541,
    "session": "room000030"
}, {
    "time": 8660,
    "timeup": false,
    "done": true,
    "player": "896108636817794",
    "stage": {
        "stage": 4,
        "step": 2,
        "round": 1
    },
    "timestamp": 1619769218204,
    "session": "room000030"
}, {
    "time": 12876,
    "timeup": false,
    "done": true,
    "player": "930616180472829",
    "stage": {
        "stage": 4,
        "step": 2,
        "round": 1
    },
    "timestamp": 1619769222157,
    "session": "room000030"
}, {
    "contribution": 20,
    "time": 11512,
    "timeup": false,
    "done": true,
    "player": "686046656931412",
    "stage": {
        "stage": 4,
        "step": 1,
        "round": 2
    },
    "timestamp": 1619769234732,
    "session": "room000030"
}, {
    "contribution": 20,
    "time": 17507,
    "timeup": false,
    "done": true,
    "player": "448812941871222",
    "stage": {
        "stage": 4,
        "step": 1,
        "round": 2
    },
    "timestamp": 1619769239921,
    "session": "room000030"
}, {
    "contribution": 20,
    "time": 26160,
    "timeup": false,
    "done": true,
    "player": "896108636817794",
    "stage": {
        "stage": 4,
        "step": 1,
        "round": 2
    },
    "timestamp": 1619769249101,
    "session": "room000030"
}, {
    "contribution": 20,
    "time": 29630,
    "timeup": false,
    "done": true,
    "player": "930616180472829",
    "stage": {
        "stage": 4,
        "step": 1,
        "round": 2
    },
    "timestamp": 1619769252032,
    "session": "room000030"
}, {
    "time": 3103,
    "timeup": false,
    "done": true,
    "player": "896108636817794",
    "stage": {
        "stage": 4,
        "step": 2,
        "round": 2
    },
    "timestamp": 1619769255626,
    "session": "room000030"
}, {
    "time": 8003,
    "timeup": false,
    "done": true,
    "player": "686046656931412",
    "stage": {
        "stage": 4,
        "step": 2,
        "round": 2
    },
    "timestamp": 1619769261302,
    "session": "room000030"
}, {
    "time": 8993,
    "timeup": false,
    "done": true,
    "player": "448812941871222",
    "stage": {
        "stage": 4,
        "step": 2,
        "round": 2
    },
    "timestamp": 1619769261317,
    "session": "room000030"
}, {
    "time": 14972,
    "timeup": false,
    "done": true,
    "player": "930616180472829",
    "stage": {
        "stage": 4,
        "step": 2,
        "round": 2
    },
    "timestamp": 1619769267266,
    "session": "room000030"
}, {
    "contribution": 20,
    "time": 5285,
    "timeup": false,
    "done": true,
    "player": "448812941871222",
    "stage": {
        "stage": 4,
        "step": 1,
        "round": 3
    },
    "timestamp": 1619769272802,
    "session": "room000030"
}, {
    "contribution": 20,
    "time": 7571,
    "timeup": false,
    "done": true,
    "player": "930616180472829",
    "stage": {
        "stage": 4,
        "step": 1,
        "round": 3
    },
    "timestamp": 1619769275051,
    "session": "room000030"
}, {
    "contribution": 20,
    "time": 11710,
    "timeup": false,
    "done": true,
    "player": "686046656931412",
    "stage": {
        "stage": 4,
        "step": 1,
        "round": 3
    },
    "timestamp": 1619769279859,
    "session": "room000030"
}, {
    "contribution": 20,
    "time": 15029,
    "timeup": true,
    "done": true,
    "player": "896108636817794",
    "stage": {
        "stage": 4,
        "step": 1,
        "round": 3
    },
    "timestamp": 1619769283338,
    "session": "room000030"
}, {
    "time": 4028,
    "timeup": false,
    "done": true,
    "player": "930616180472829",
    "stage": {
        "stage": 4,
        "step": 2,
        "round": 3
    },
    "timestamp": 1619769287635,
    "session": "room000030"
}, {
    "time": 11555,
    "timeup": false,
    "done": true,
    "player": "448812941871222",
    "stage": {
        "stage": 4,
        "step": 2,
        "round": 3
    },
    "timestamp": 1619769295190,
    "session": "room000030"
}, {
    "time": 25990,
    "timeup": false,
    "done": true,
    "player": "896108636817794",
    "stage": {
        "stage": 4,
        "step": 2,
        "round": 3
    },
    "timestamp": 1619769309759,
    "session": "room000030"
}, {
    "time": 30030,
    "timeup": true,
    "done": true,
    "player": "686046656931412",
    "stage": {
        "stage": 4,
        "step": 2,
        "round": 3
    },
    "timestamp": 1619769314612,
    "session": "room000030"
}, {
    "contribution": 20,
    "time": 4817,
    "timeup": false,
    "done": true,
    "player": "448812941871222",
    "stage": {
        "stage": 4,
        "step": 1,
        "round": 4
    },
    "timestamp": 1619769319689,
    "session": "room000030"
}, {
    "contribution": 20,
    "time": 6181,
    "timeup": false,
    "done": true,
    "player": "930616180472829",
    "stage": {
        "stage": 4,
        "step": 1,
        "round": 4
    },
    "timestamp": 1619769321035,
    "session": "room000030"
}, {
    "contribution": 20,
    "time": 5738,
    "timeup": false,
    "done": true,
    "player": "686046656931412",
    "stage": {
        "stage": 4,
        "step": 1,
        "round": 4
    },
    "timestamp": 1619769321302,
    "session": "room000030"
}, {
    "contribution": 20,
    "time": 7665,
    "timeup": false,
    "done": true,
    "player": "896108636817794",
    "stage": {
        "stage": 4,
        "step": 1,
        "round": 4
    },
    "timestamp": 1619769322723,
    "session": "room000030"
}, {
    "time": 1645,
    "timeup": false,
    "done": true,
    "player": "896108636817794",
    "stage": {
        "stage": 4,
        "step": 2,
        "round": 4
    },
    "timestamp": 1619769324759,
    "session": "room000030"
}, {
    "time": 2308,
    "timeup": false,
    "done": true,
    "player": "448812941871222",
    "stage": {
        "stage": 4,
        "step": 2,
        "round": 4
    },
    "timestamp": 1619769325326,
    "session": "room000030"
}, {
    "time": 3823,
    "timeup": false,
    "done": true,
    "player": "686046656931412",
    "stage": {
        "stage": 4,
        "step": 2,
        "round": 4
    },
    "timestamp": 1619769327922,
    "session": "room000030"
}, {
    "time": 5949,
    "timeup": false,
    "done": true,
    "player": "930616180472829",
    "stage": {
        "stage": 4,
        "step": 2,
        "round": 4
    },
    "timestamp": 1619769328989,
    "session": "room000030"
}, {
    "contribution": 20,
    "time": 3640,
    "timeup": false,
    "done": true,
    "player": "896108636817794",
    "stage": {
        "stage": 4,
        "step": 1,
        "round": 5
    },
    "timestamp": 1619769332980,
    "session": "room000030"
}, {
    "contribution": 20,
    "time": 4254,
    "timeup": false,
    "done": true,
    "player": "686046656931412",
    "stage": {
        "stage": 4,
        "step": 1,
        "round": 5
    },
    "timestamp": 1619769334051,
    "session": "room000030"
}, {
    "contribution": 20,
    "time": 6264,
    "timeup": false,
    "done": true,
    "player": "448812941871222",
    "stage": {
        "stage": 4,
        "step": 1,
        "round": 5
    },
    "timestamp": 1619769335506,
    "session": "room000030"
}, {
    "contribution": 20,
    "time": 7181,
    "timeup": false,
    "done": true,
    "player": "930616180472829",
    "stage": {
        "stage": 4,
        "step": 1,
        "round": 5
    },
    "timestamp": 1619769336413,
    "session": "room000030"
}, {
    "time": 1325,
    "timeup": false,
    "done": true,
    "player": "448812941871222",
    "stage": {
        "stage": 4,
        "step": 2,
        "round": 5
    },
    "timestamp": 1619769338006,
    "session": "room000030"
}, {
    "time": 2345,
    "timeup": false,
    "done": true,
    "player": "930616180472829",
    "stage": {
        "stage": 4,
        "step": 2,
        "round": 5
    },
    "timestamp": 1619769339017,
    "session": "room000030"
}, {
    "time": 8048,
    "timeup": false,
    "done": true,
    "player": "896108636817794",
    "stage": {
        "stage": 4,
        "step": 2,
        "round": 5
    },
    "timestamp": 1619769344948,
    "session": "room000030"
}, {
    "time": 9107,
    "timeup": false,
    "done": true,
    "player": "686046656931412",
    "stage": {
        "stage": 4,
        "step": 2,
        "round": 5
    },
    "timestamp": 1619769346816,
    "session": "room000030"
}, {
    "contribution": 20,
    "time": 3398,
    "timeup": false,
    "done": true,
    "player": "896108636817794",
    "stage": {
        "stage": 4,
        "step": 1,
        "round": 6
    },
    "timestamp": 1619769350646,
    "session": "room000030"
}, {
    "contribution": 20,
    "time": 3056,
    "timeup": false,
    "done": true,
    "player": "686046656931412",
    "stage": {
        "stage": 4,
        "step": 1,
        "round": 6
    },
    "timestamp": 1619769350756,
    "session": "room000030"
}, {
    "contribution": 20,
    "time": 4282,
    "timeup": false,
    "done": true,
    "player": "448812941871222",
    "stage": {
        "stage": 4,
        "step": 1,
        "round": 6
    },
    "timestamp": 1619769351408,
    "session": "room000030"
}, {
    "contribution": 20,
    "time": 7568,
    "timeup": false,
    "done": true,
    "player": "930616180472829",
    "stage": {
        "stage": 4,
        "step": 1,
        "round": 6
    },
    "timestamp": 1619769354646,
    "session": "room000030"
}, {
    "time": 1571,
    "timeup": false,
    "done": true,
    "player": "448812941871222",
    "stage": {
        "stage": 4,
        "step": 2,
        "round": 6
    },
    "timestamp": 1619769356524,
    "session": "room000030"
}, {
    "time": 2000,
    "timeup": false,
    "done": true,
    "player": "896108636817794",
    "stage": {
        "stage": 4,
        "step": 2,
        "round": 6
    },
    "timestamp": 1619769357166,
    "session": "room000030"
}, {
    "time": 2742,
    "timeup": false,
    "done": true,
    "player": "930616180472829",
    "stage": {
        "stage": 4,
        "step": 2,
        "round": 6
    },
    "timestamp": 1619769357665,
    "session": "room000030"
}, {
    "time": 2470,
    "timeup": false,
    "done": true,
    "player": "686046656931412",
    "stage": {
        "stage": 4,
        "step": 2,
        "round": 6
    },
    "timestamp": 1619769357892,
    "session": "room000030"
}, {
    "contribution": 20,
    "time": 2772,
    "timeup": false,
    "done": true,
    "player": "896108636817794",
    "stage": {
        "stage": 4,
        "step": 1,
        "round": 7
    },
    "timestamp": 1619769361142,
    "session": "room000030"
}, {
    "contribution": 20,
    "time": 3330,
    "timeup": false,
    "done": true,
    "player": "448812941871222",
    "stage": {
        "stage": 4,
        "step": 1,
        "round": 7
    },
    "timestamp": 1619769361467,
    "session": "room000030"
}, {
    "contribution": 20,
    "time": 2961,
    "timeup": false,
    "done": true,
    "player": "686046656931412",
    "stage": {
        "stage": 4,
        "step": 1,
        "round": 7
    },
    "timestamp": 1619769361931,
    "session": "room000030"
}, {
    "contribution": 20,
    "time": 5475,
    "timeup": false,
    "done": true,
    "player": "930616180472829",
    "stage": {
        "stage": 4,
        "step": 1,
        "round": 7
    },
    "timestamp": 1619769363626,
    "session": "room000030"
}, {
    "time": 1821,
    "timeup": false,
    "done": true,
    "player": "448812941871222",
    "stage": {
        "stage": 4,
        "step": 2,
        "round": 7
    },
    "timestamp": 1619769365755,
    "session": "room000030"
}, {
    "time": 2617,
    "timeup": false,
    "done": true,
    "player": "930616180472829",
    "stage": {
        "stage": 4,
        "step": 2,
        "round": 7
    },
    "timestamp": 1619769366543,
    "session": "room000030"
}, {
    "time": 2680,
    "timeup": false,
    "done": true,
    "player": "896108636817794",
    "stage": {
        "stage": 4,
        "step": 2,
        "round": 7
    },
    "timestamp": 1619769366739,
    "session": "room000030"
}, {
    "time": 3462,
    "timeup": false,
    "done": true,
    "player": "686046656931412",
    "stage": {
        "stage": 4,
        "step": 2,
        "round": 7
    },
    "timestamp": 1619769368514,
    "session": "room000030"
}, {
    "contribution": 20,
    "time": 3093,
    "timeup": false,
    "done": true,
    "player": "448812941871222",
    "stage": {
        "stage": 4,
        "step": 1,
        "round": 8
    },
    "timestamp": 1619769371881,
    "session": "room000030"
}, {
    "contribution": 20,
    "time": 3196,
    "timeup": false,
    "done": true,
    "player": "896108636817794",
    "stage": {
        "stage": 4,
        "step": 1,
        "round": 8
    },
    "timestamp": 1619769372155,
    "session": "room000030"
}, {
    "contribution": 20,
    "time": 2874,
    "timeup": false,
    "done": true,
    "player": "686046656931412",
    "stage": {
        "stage": 4,
        "step": 1,
        "round": 8
    },
    "timestamp": 1619769372350,
    "session": "room000030"
}, {
    "contribution": 20,
    "time": 5522,
    "timeup": false,
    "done": true,
    "player": "930616180472829",
    "stage": {
        "stage": 4,
        "step": 1,
        "round": 8
    },
    "timestamp": 1619769374313,
    "session": "room000030"
}, {
    "time": 939,
    "timeup": false,
    "done": true,
    "player": "448812941871222",
    "stage": {
        "stage": 4,
        "step": 2,
        "round": 8
    },
    "timestamp": 1619769375531,
    "session": "room000030"
}, {
    "time": 2282,
    "timeup": false,
    "done": true,
    "player": "930616180472829",
    "stage": {
        "stage": 4,
        "step": 2,
        "round": 8
    },
    "timestamp": 1619769376864,
    "session": "room000030"
}, {
    "time": 2718,
    "timeup": false,
    "done": true,
    "player": "896108636817794",
    "stage": {
        "stage": 4,
        "step": 2,
        "round": 8
    },
    "timestamp": 1619769377524,
    "session": "room000030"
}, {
    "time": 2336,
    "timeup": false,
    "done": true,
    "player": "686046656931412",
    "stage": {
        "stage": 4,
        "step": 2,
        "round": 8
    },
    "timestamp": 1619769377718,
    "session": "room000030"
}, {
    "contribution": 20,
    "time": 3457,
    "timeup": false,
    "done": true,
    "player": "448812941871222",
    "stage": {
        "stage": 4,
        "step": 1,
        "round": 9
    },
    "timestamp": 1619769381449,
    "session": "room000030"
}, {
    "contribution": 20,
    "time": 3195,
    "timeup": false,
    "done": true,
    "player": "686046656931412",
    "stage": {
        "stage": 4,
        "step": 1,
        "round": 9
    },
    "timestamp": 1619769382523,
    "session": "room000030"
}, {
    "contribution": 20,
    "time": 5048,
    "timeup": false,
    "done": true,
    "player": "896108636817794",
    "stage": {
        "stage": 4,
        "step": 1,
        "round": 9
    },
    "timestamp": 1619769383180,
    "session": "room000030"
}, {
    "contribution": 20,
    "time": 6904,
    "timeup": false,
    "done": true,
    "player": "930616180472829",
    "stage": {
        "stage": 4,
        "step": 1,
        "round": 9
    },
    "timestamp": 1619769384883,
    "session": "room000030"
}, {
    "time": 1245,
    "timeup": false,
    "done": true,
    "player": "448812941871222",
    "stage": {
        "stage": 4,
        "step": 2,
        "round": 9
    },
    "timestamp": 1619769386415,
    "session": "room000030"
}, {
    "time": 2012,
    "timeup": false,
    "done": true,
    "player": "896108636817794",
    "stage": {
        "stage": 4,
        "step": 2,
        "round": 9
    },
    "timestamp": 1619769387347,
    "session": "room000030"
}, {
    "time": 1768,
    "timeup": false,
    "done": true,
    "player": "686046656931412",
    "stage": {
        "stage": 4,
        "step": 2,
        "round": 9
    },
    "timestamp": 1619769387712,
    "session": "room000030"
}, {
    "time": 4552,
    "timeup": false,
    "done": true,
    "player": "930616180472829",
    "stage": {
        "stage": 4,
        "step": 2,
        "round": 9
    },
    "timestamp": 1619769389721,
    "session": "room000030"
}, {
    "contribution": 20,
    "time": 2778,
    "timeup": false,
    "done": true,
    "player": "896108636817794",
    "stage": {
        "stage": 4,
        "step": 1,
        "round": 10
    },
    "timestamp": 1619769392902,
    "session": "room000030"
}, {
    "contribution": 20,
    "time": 3746,
    "timeup": false,
    "done": true,
    "player": "930616180472829",
    "stage": {
        "stage": 4,
        "step": 1,
        "round": 10
    },
    "timestamp": 1619769393729,
    "session": "room000030"
}, {
    "contribution": 20,
    "time": 3456,
    "timeup": false,
    "done": true,
    "player": "686046656931412",
    "stage": {
        "stage": 4,
        "step": 1,
        "round": 10
    },
    "timestamp": 1619769394165,
    "session": "room000030"
}, {
    "contribution": 20,
    "time": 4445,
    "timeup": false,
    "done": true,
    "player": "448812941871222",
    "stage": {
        "stage": 4,
        "step": 1,
        "round": 10
    },
    "timestamp": 1619769394440,
    "session": "room000030"
}, {
    "time": 1742,
    "timeup": false,
    "done": true,
    "player": "930616180472829",
    "stage": {
        "stage": 4,
        "step": 2,
        "round": 10
    },
    "timestamp": 1619769396448,
    "session": "room000030"
}, {
    "time": 1749,
    "timeup": false,
    "done": true,
    "player": "896108636817794",
    "stage": {
        "stage": 4,
        "step": 2,
        "round": 10
    },
    "timestamp": 1619769396596,
    "session": "room000030"
}, {
    "time": 1569,
    "timeup": false,
    "done": true,
    "player": "686046656931412",
    "stage": {
        "stage": 4,
        "step": 2,
        "round": 10
    },
    "timestamp": 1619769396951,
    "session": "room000030"
}, {
    "time": 3287,
    "timeup": false,
    "done": true,
    "player": "448812941871222",
    "stage": {
        "stage": 4,
        "step": 2,
        "round": 10
    },
    "timestamp": 1619769398003,
    "session": "room000030"
}, {
    "communication": "Ano",
    "agreement": "Ano",
    "real1": "Ano",
    "real2": "Ano",
    "strategy": "Maximalizovat výnos skupiny",
    "time": 30826,
    "timeup": false,
    "done": true,
    "player": "686046656931412",
    "stage": {
        "stage": 5,
        "step": 1,
        "round": 1
    },
    "timestamp": 1619769429147,
    "session": "room000030"
}, {
    "communication": "Ano",
    "agreement": "Ano",
    "real1": "Ano",
    "real2": "Ano",
    "strategy": "Maximalizovat výnos skupiny",
    "time": 77162,
    "timeup": false,
    "done": true,
    "player": "448812941871222",
    "stage": {
        "stage": 5,
        "step": 1,
        "round": 1
    },
    "timestamp": 1619769475355,
    "session": "room000030"
}, {
    "communication": "Ano",
    "agreement": "Ano",
    "real1": "Ano",
    "real2": "Ano",
    "strategy": "Maximalizovat výnos skupiny",
    "time": 81413,
    "timeup": false,
    "done": true,
    "player": "896108636817794",
    "stage": {
        "stage": 5,
        "step": 1,
        "round": 1
    },
    "timestamp": 1619769479773,
    "session": "room000030"
}, {
    "communication": "Ano",
    "agreement": "Ano",
    "real1": "Ano",
    "real2": "Ano",
    "strategy": "Maximalizovat výnos skupiny",
    "time": 90016,
    "timeup": true,
    "done": true,
    "player": "930616180472829",
    "stage": {
        "stage": 5,
        "step": 1,
        "round": 1
    },
    "timestamp": 1619769488205,
    "session": "room000030"
}, {
    "value": "terez-janska@seznam.cz",
    "timeBegin": 4192,
    "timeEnd": 9977,
    "isCorrect": true,
    "id": "email",
    "time": 12137,
    "timeup": false,
    "done": true,
    "player": "896108636817794",
    "stage": {
        "stage": 6,
        "step": 1,
        "round": 1
    },
    "timestamp": 1619769500632,
    "session": "room000030"
}, {
    "value": "28moje4@seznam.cz",
    "timeBegin": 5011,
    "timeEnd": 16338,
    "isCorrect": true,
    "id": "email",
    "time": 18435,
    "timeup": false,
    "done": true,
    "player": "686046656931412",
    "stage": {
        "stage": 6,
        "step": 1,
        "round": 1
    },
    "timestamp": 1619769507169,
    "session": "room000030"
}, {
    "value": "mikjin@seznam.cz",
    "timeBegin": 4359,
    "timeEnd": 13286,
    "isCorrect": true,
    "id": "email",
    "time": 28668,
    "timeup": false,
    "done": true,
    "player": "930616180472829",
    "stage": {
        "stage": 6,
        "step": 1,
        "round": 1
    },
    "timestamp": 1619769517035,
    "session": "room000030"
}, {
    "value": "tom.chl@seznam.cz",
    "timeBegin": 4321,
    "timeEnd": 16424,
    "isCorrect": true,
    "id": "email",
    "time": 29666,
    "timeup": false,
    "done": true,
    "player": "448812941871222",
    "stage": {
        "stage": 6,
        "step": 1,
        "round": 1
    },
    "timestamp": 1619769518051,
    "session": "room000030"
}]