[{
    "time": 20785,
    "timeup": false,
    "done": true,
    "player": "265575970673215",
    "stage": {
        "stage": 1,
        "step": 1,
        "round": 1
    },
    "timestamp": 1619968054615,
    "session": "room000043"
}, {
    "time": 23523,
    "timeup": false,
    "done": true,
    "player": "750933730783580",
    "stage": {
        "stage": 1,
        "step": 1,
        "round": 1
    },
    "timestamp": 1619968058521,
    "session": "room000043"
}, {
    "time": 62454,
    "timeup": false,
    "done": true,
    "player": "251343244522206",
    "stage": {
        "stage": 1,
        "step": 1,
        "round": 1
    },
    "timestamp": 1619968095779,
    "session": "room000043"
}, {
    "time": 77310,
    "timeup": false,
    "done": true,
    "player": "371251665153152",
    "stage": {
        "stage": 1,
        "step": 1,
        "round": 1
    },
    "timestamp": 1619968110839,
    "session": "room000043"
}, {
    "order": [
        0,
        1,
        2,
        3,
        4
    ],
    "forms": {
        "coinsEveryRound": {
            "id": "coinsEveryRound",
            "choice": "0",
            "time": 16258,
            "nClicks": 1,
            "order": [
                0,
                1,
                3,
                2
            ],
            "value": "20",
            "isCorrect": true,
            "attempts": [
                "0"
            ]
        },
        "coinsMaxi": {
            "id": "coinsMaxi",
            "choice": "0",
            "time": 30642,
            "nClicks": 1,
            "order": [
                0,
                1,
                2,
                3
            ],
            "value": "40",
            "isCorrect": true,
            "attempts": [
                "0"
            ]
        },
        "coinsMini": {
            "id": "coinsMini",
            "choice": "0",
            "time": 34891,
            "nClicks": 1,
            "order": [
                2,
                1,
                3,
                0
            ],
            "value": "10",
            "isCorrect": true,
            "attempts": [
                "0"
            ]
        },
        "coinsOthers": {
            "id": "coinsOthers",
            "choice": "0",
            "time": 41483,
            "nClicks": 1,
            "order": [
                0,
                3,
                1,
                2
            ],
            "value": "30",
            "isCorrect": true,
            "attempts": [
                "0"
            ]
        },
        "lowestPayment1": {
            "id": "lowestPayment1",
            "choice": "0",
            "time": 51339,
            "nClicks": 1,
            "order": [
                0,
                1,
                2,
                3
            ],
            "value": "15",
            "isCorrect": true,
            "attempts": [
                "0"
            ]
        }
    },
    "missValues": [],
    "id": "quiz",
    "isCorrect": true,
    "time": 52083,
    "timeup": false,
    "done": true,
    "player": "265575970673215",
    "stage": {
        "stage": 2,
        "step": 1,
        "round": 1
    },
    "timestamp": 1619968164272,
    "session": "room000043"
}, {
    "order": [
        0,
        1,
        2,
        3,
        4
    ],
    "forms": {
        "coinsEveryRound": {
            "id": "coinsEveryRound",
            "choice": "0",
            "time": 2541,
            "nClicks": 1,
            "order": [
                3,
                2,
                1,
                0
            ],
            "value": "20",
            "isCorrect": true,
            "attempts": [
                "0"
            ]
        },
        "coinsMaxi": {
            "id": "coinsMaxi",
            "choice": "0",
            "time": 24550,
            "nClicks": 2,
            "order": [
                2,
                3,
                1,
                0
            ],
            "value": "40",
            "isCorrect": true,
            "attempts": [
                "0"
            ]
        },
        "coinsMini": {
            "id": "coinsMini",
            "choice": "0",
            "time": 29532,
            "nClicks": 1,
            "order": [
                0,
                1,
                3,
                2
            ],
            "value": "10",
            "isCorrect": true,
            "attempts": [
                "0"
            ]
        },
        "coinsOthers": {
            "id": "coinsOthers",
            "choice": "0",
            "time": 42345,
            "nClicks": 1,
            "order": [
                3,
                2,
                1,
                0
            ],
            "value": "30",
            "isCorrect": true,
            "attempts": [
                "0"
            ]
        },
        "lowestPayment1": {
            "id": "lowestPayment1",
            "choice": "0",
            "time": 52905,
            "nClicks": 1,
            "order": [
                2,
                1,
                3,
                0
            ],
            "value": "15",
            "isCorrect": true,
            "attempts": [
                "0"
            ]
        }
    },
    "missValues": [],
    "id": "quiz",
    "isCorrect": true,
    "time": 53881,
    "timeup": false,
    "done": true,
    "player": "750933730783580",
    "stage": {
        "stage": 2,
        "step": 1,
        "round": 1
    },
    "timestamp": 1619968165181,
    "session": "room000043"
}, {
    "order": [
        0,
        1,
        2,
        3,
        4
    ],
    "forms": {
        "coinsEveryRound": {
            "id": "coinsEveryRound",
            "choice": "0",
            "time": 5293,
            "nClicks": 1,
            "order": [
                3,
                1,
                2,
                0
            ],
            "value": "20",
            "isCorrect": true,
            "attempts": [
                "0"
            ]
        },
        "coinsMaxi": {
            "id": "coinsMaxi",
            "choice": "0",
            "time": 17310,
            "nClicks": 1,
            "order": [
                2,
                0,
                1,
                3
            ],
            "value": "40",
            "isCorrect": true,
            "attempts": [
                "0"
            ]
        },
        "coinsMini": {
            "id": "coinsMini",
            "choice": "0",
            "time": 26609,
            "nClicks": 1,
            "order": [
                2,
                1,
                0,
                3
            ],
            "value": "10",
            "isCorrect": true,
            "attempts": [
                "0"
            ]
        },
        "coinsOthers": {
            "id": "coinsOthers",
            "choice": "0",
            "time": 41031,
            "nClicks": 1,
            "order": [
                1,
                3,
                0,
                2
            ],
            "value": "30",
            "isCorrect": true,
            "attempts": [
                "0"
            ]
        },
        "lowestPayment1": {
            "id": "lowestPayment1",
            "choice": "0",
            "time": 51377,
            "nClicks": 1,
            "order": [
                2,
                1,
                3,
                0
            ],
            "value": "15",
            "isCorrect": true,
            "attempts": [
                "0"
            ]
        }
    },
    "missValues": [],
    "id": "quiz",
    "isCorrect": true,
    "time": 54230,
    "timeup": false,
    "done": true,
    "player": "251343244522206",
    "stage": {
        "stage": 2,
        "step": 1,
        "round": 1
    },
    "timestamp": 1619968165321,
    "session": "room000043"
}, {
    "order": [
        0,
        1,
        2,
        3,
        4
    ],
    "forms": {
        "coinsEveryRound": {
            "id": "coinsEveryRound",
            "choice": "0",
            "time": 3342,
            "nClicks": 1,
            "order": [
                3,
                0,
                2,
                1
            ],
            "value": "20",
            "isCorrect": true,
            "attempts": [
                "0"
            ]
        },
        "coinsMaxi": {
            "id": "coinsMaxi",
            "choice": "0",
            "time": 15801,
            "nClicks": 1,
            "order": [
                3,
                1,
                2,
                0
            ],
            "value": "40",
            "isCorrect": true,
            "attempts": [
                "0"
            ]
        },
        "coinsMini": {
            "id": "coinsMini",
            "choice": "0",
            "time": 27247,
            "nClicks": 1,
            "order": [
                3,
                1,
                0,
                2
            ],
            "value": "10",
            "isCorrect": true,
            "attempts": [
                "0"
            ]
        },
        "coinsOthers": {
            "id": "coinsOthers",
            "choice": "0",
            "time": 35508,
            "nClicks": 1,
            "order": [
                0,
                3,
                1,
                2
            ],
            "value": "30",
            "isCorrect": true,
            "attempts": [
                "0"
            ]
        },
        "lowestPayment1": {
            "id": "lowestPayment1",
            "choice": "0",
            "time": 62849,
            "nClicks": 1,
            "order": [
                1,
                0,
                2,
                3
            ],
            "value": "15",
            "isCorrect": true,
            "attempts": [
                "0"
            ]
        }
    },
    "missValues": [],
    "id": "quiz",
    "isCorrect": true,
    "time": 65495,
    "timeup": false,
    "done": true,
    "player": "371251665153152",
    "stage": {
        "stage": 2,
        "step": 1,
        "round": 1
    },
    "timestamp": 1619968176629,
    "session": "room000043"
}, {
    "znajiSe": "7-velmi dobře",
    "blizkost": "7-velmi blízký",
    "kooperujeKam": "6",
    "kooperujeCiz": "6",
    "time": 18930,
    "timeup": false,
    "done": true,
    "player": "251343244522206",
    "stage": {
        "stage": 3,
        "step": 1,
        "round": 1
    },
    "timestamp": 1619968195782,
    "session": "room000043"
}, {
    "znajiSe": "6",
    "blizkost": "6",
    "kooperujeKam": "5",
    "kooperujeCiz": "5",
    "time": 30322,
    "timeup": false,
    "done": true,
    "player": "371251665153152",
    "stage": {
        "stage": 3,
        "step": 1,
        "round": 1
    },
    "timestamp": 1619968207186,
    "session": "room000043"
}, {
    "znajiSe": "6",
    "blizkost": "7-velmi blízký",
    "kooperujeKam": "7-velmi spolupracuji",
    "kooperujeCiz": "7-velmi spolupracuji",
    "time": 30305,
    "timeup": false,
    "done": true,
    "player": "265575970673215",
    "stage": {
        "stage": 3,
        "step": 1,
        "round": 1
    },
    "timestamp": 1619968207426,
    "session": "room000043"
}, {
    "znajiSe": "7-velmi dobře",
    "blizkost": "7-velmi blízký",
    "kooperujeKam": "7-velmi spolupracuji",
    "kooperujeCiz": "4",
    "time": 45797,
    "timeup": false,
    "done": true,
    "player": "750933730783580",
    "stage": {
        "stage": 3,
        "step": 1,
        "round": 1
    },
    "timestamp": 1619968222910,
    "session": "room000043"
}, {
    "contribution": 20,
    "time": 8943,
    "timeup": false,
    "done": true,
    "player": "251343244522206",
    "stage": {
        "stage": 4,
        "step": 1,
        "round": 1
    },
    "timestamp": 1619968232359,
    "session": "room000043"
}, {
    "contribution": 20,
    "time": 9302,
    "timeup": false,
    "done": true,
    "player": "750933730783580",
    "stage": {
        "stage": 4,
        "step": 1,
        "round": 1
    },
    "timestamp": 1619968233306,
    "session": "room000043"
}, {
    "contribution": 9,
    "time": 13940,
    "timeup": false,
    "done": true,
    "player": "265575970673215",
    "stage": {
        "stage": 4,
        "step": 1,
        "round": 1
    },
    "timestamp": 1619968237421,
    "session": "room000043"
}, {
    "contribution": 18,
    "time": 29065,
    "timeup": false,
    "done": true,
    "player": "371251665153152",
    "stage": {
        "stage": 4,
        "step": 1,
        "round": 1
    },
    "timestamp": 1619968252462,
    "session": "room000043"
}, {
    "time": 10832,
    "timeup": false,
    "done": true,
    "player": "251343244522206",
    "stage": {
        "stage": 4,
        "step": 2,
        "round": 1
    },
    "timestamp": 1619968263761,
    "session": "room000043"
}, {
    "time": 14122,
    "timeup": false,
    "done": true,
    "player": "750933730783580",
    "stage": {
        "stage": 4,
        "step": 2,
        "round": 1
    },
    "timestamp": 1619968267313,
    "session": "room000043"
}, {
    "time": 13863,
    "timeup": false,
    "done": true,
    "player": "265575970673215",
    "stage": {
        "stage": 4,
        "step": 2,
        "round": 1
    },
    "timestamp": 1619968267985,
    "session": "room000043"
}, {
    "time": 29682,
    "timeup": false,
    "done": true,
    "player": "371251665153152",
    "stage": {
        "stage": 4,
        "step": 2,
        "round": 1
    },
    "timestamp": 1619968282625,
    "session": "room000043"
}, {
    "contribution": 20,
    "time": 11796,
    "timeup": false,
    "done": true,
    "player": "750933730783580",
    "stage": {
        "stage": 4,
        "step": 1,
        "round": 2
    },
    "timestamp": 1619968295053,
    "session": "room000043"
}, {
    "contribution": 10,
    "time": 14735,
    "timeup": false,
    "done": true,
    "player": "265575970673215",
    "stage": {
        "stage": 4,
        "step": 1,
        "round": 2
    },
    "timestamp": 1619968297769,
    "session": "room000043"
}, {
    "contribution": 20,
    "time": 16157,
    "timeup": false,
    "done": true,
    "player": "251343244522206",
    "stage": {
        "stage": 4,
        "step": 1,
        "round": 2
    },
    "timestamp": 1619968299361,
    "session": "room000043"
}, {
    "contribution": 18,
    "time": 17298,
    "timeup": false,
    "done": true,
    "player": "371251665153152",
    "stage": {
        "stage": 4,
        "step": 1,
        "round": 2
    },
    "timestamp": 1619968300258,
    "session": "room000043"
}, {
    "time": 2102,
    "timeup": false,
    "done": true,
    "player": "750933730783580",
    "stage": {
        "stage": 4,
        "step": 2,
        "round": 2
    },
    "timestamp": 1619968302851,
    "session": "room000043"
}, {
    "time": 6645,
    "timeup": false,
    "done": true,
    "player": "265575970673215",
    "stage": {
        "stage": 4,
        "step": 2,
        "round": 2
    },
    "timestamp": 1619968307770,
    "session": "room000043"
}, {
    "time": 7425,
    "timeup": false,
    "done": true,
    "player": "251343244522206",
    "stage": {
        "stage": 4,
        "step": 2,
        "round": 2
    },
    "timestamp": 1619968307997,
    "session": "room000043"
}, {
    "time": 10793,
    "timeup": false,
    "done": true,
    "player": "371251665153152",
    "stage": {
        "stage": 4,
        "step": 2,
        "round": 2
    },
    "timestamp": 1619968311401,
    "session": "room000043"
}, {
    "contribution": 20,
    "time": 5270,
    "timeup": false,
    "done": true,
    "player": "750933730783580",
    "stage": {
        "stage": 4,
        "step": 1,
        "round": 3
    },
    "timestamp": 1619968317077,
    "session": "room000043"
}, {
    "contribution": 20,
    "time": 9530,
    "timeup": false,
    "done": true,
    "player": "251343244522206",
    "stage": {
        "stage": 4,
        "step": 1,
        "round": 3
    },
    "timestamp": 1619968321222,
    "session": "room000043"
}, {
    "contribution": 18,
    "time": 11494,
    "timeup": false,
    "done": true,
    "player": "265575970673215",
    "stage": {
        "stage": 4,
        "step": 1,
        "round": 3
    },
    "timestamp": 1619968323275,
    "session": "room000043"
}, {
    "contribution": 18,
    "time": 15005,
    "timeup": true,
    "done": true,
    "player": "371251665153152",
    "stage": {
        "stage": 4,
        "step": 1,
        "round": 3
    },
    "timestamp": 1619968326727,
    "session": "room000043"
}, {
    "time": 3253,
    "timeup": false,
    "done": true,
    "player": "750933730783580",
    "stage": {
        "stage": 4,
        "step": 2,
        "round": 3
    },
    "timestamp": 1619968331269,
    "session": "room000043"
}, {
    "time": 4837,
    "timeup": false,
    "done": true,
    "player": "265575970673215",
    "stage": {
        "stage": 4,
        "step": 2,
        "round": 3
    },
    "timestamp": 1619968332476,
    "session": "room000043"
}, {
    "time": 6478,
    "timeup": false,
    "done": true,
    "player": "371251665153152",
    "stage": {
        "stage": 4,
        "step": 2,
        "round": 3
    },
    "timestamp": 1619968333519,
    "session": "room000043"
}, {
    "time": 6486,
    "timeup": false,
    "done": true,
    "player": "251343244522206",
    "stage": {
        "stage": 4,
        "step": 2,
        "round": 3
    },
    "timestamp": 1619968334250,
    "session": "room000043"
}, {
    "contribution": 20,
    "time": 3227,
    "timeup": false,
    "done": true,
    "player": "251343244522206",
    "stage": {
        "stage": 4,
        "step": 1,
        "round": 4
    },
    "timestamp": 1619968337747,
    "session": "room000043"
}, {
    "contribution": 20,
    "time": 3327,
    "timeup": false,
    "done": true,
    "player": "750933730783580",
    "stage": {
        "stage": 4,
        "step": 1,
        "round": 4
    },
    "timestamp": 1619968337985,
    "session": "room000043"
}, {
    "contribution": 18,
    "time": 4914,
    "timeup": false,
    "done": true,
    "player": "371251665153152",
    "stage": {
        "stage": 4,
        "step": 1,
        "round": 4
    },
    "timestamp": 1619968339719,
    "session": "room000043"
}, {
    "contribution": 20,
    "time": 14205,
    "timeup": false,
    "done": true,
    "player": "265575970673215",
    "stage": {
        "stage": 4,
        "step": 1,
        "round": 4
    },
    "timestamp": 1619968349326,
    "session": "room000043"
}, {
    "time": 1481,
    "timeup": false,
    "done": true,
    "player": "750933730783580",
    "stage": {
        "stage": 4,
        "step": 2,
        "round": 4
    },
    "timestamp": 1619968351276,
    "session": "room000043"
}, {
    "time": 3680,
    "timeup": false,
    "done": true,
    "player": "251343244522206",
    "stage": {
        "stage": 4,
        "step": 2,
        "round": 4
    },
    "timestamp": 1619968353350,
    "session": "room000043"
}, {
    "time": 3848,
    "timeup": false,
    "done": true,
    "player": "265575970673215",
    "stage": {
        "stage": 4,
        "step": 2,
        "round": 4
    },
    "timestamp": 1619968353674,
    "session": "room000043"
}, {
    "time": 4660,
    "timeup": false,
    "done": true,
    "player": "371251665153152",
    "stage": {
        "stage": 4,
        "step": 2,
        "round": 4
    },
    "timestamp": 1619968354356,
    "session": "room000043"
}, {
    "contribution": 20,
    "time": 2421,
    "timeup": false,
    "done": true,
    "player": "251343244522206",
    "stage": {
        "stage": 4,
        "step": 1,
        "round": 5
    },
    "timestamp": 1619968357104,
    "session": "room000043"
}, {
    "contribution": 20,
    "time": 2575,
    "timeup": false,
    "done": true,
    "player": "371251665153152",
    "stage": {
        "stage": 4,
        "step": 1,
        "round": 5
    },
    "timestamp": 1619968357277,
    "session": "room000043"
}, {
    "contribution": 20,
    "time": 2636,
    "timeup": false,
    "done": true,
    "player": "750933730783580",
    "stage": {
        "stage": 4,
        "step": 1,
        "round": 5
    },
    "timestamp": 1619968357448,
    "session": "room000043"
}, {
    "contribution": 19,
    "time": 10103,
    "timeup": false,
    "done": true,
    "player": "265575970673215",
    "stage": {
        "stage": 4,
        "step": 1,
        "round": 5
    },
    "timestamp": 1619968364810,
    "session": "room000043"
}, {
    "time": 1145,
    "timeup": false,
    "done": true,
    "player": "265575970673215",
    "stage": {
        "stage": 4,
        "step": 2,
        "round": 5
    },
    "timestamp": 1619968366386,
    "session": "room000043"
}, {
    "time": 3163,
    "timeup": false,
    "done": true,
    "player": "251343244522206",
    "stage": {
        "stage": 4,
        "step": 2,
        "round": 5
    },
    "timestamp": 1619968368335,
    "session": "room000043"
}, {
    "time": 3338,
    "timeup": false,
    "done": true,
    "player": "750933730783580",
    "stage": {
        "stage": 4,
        "step": 2,
        "round": 5
    },
    "timestamp": 1619968368718,
    "session": "room000043"
}, {
    "time": 4473,
    "timeup": false,
    "done": true,
    "player": "371251665153152",
    "stage": {
        "stage": 4,
        "step": 2,
        "round": 5
    },
    "timestamp": 1619968369654,
    "session": "room000043"
}, {
    "contribution": 20,
    "time": 2148,
    "timeup": false,
    "done": true,
    "player": "251343244522206",
    "stage": {
        "stage": 4,
        "step": 1,
        "round": 6
    },
    "timestamp": 1619968372095,
    "session": "room000043"
}, {
    "contribution": 20,
    "time": 3220,
    "timeup": false,
    "done": true,
    "player": "371251665153152",
    "stage": {
        "stage": 4,
        "step": 1,
        "round": 6
    },
    "timestamp": 1619968373173,
    "session": "room000043"
}, {
    "contribution": 20,
    "time": 3352,
    "timeup": false,
    "done": true,
    "player": "750933730783580",
    "stage": {
        "stage": 4,
        "step": 1,
        "round": 6
    },
    "timestamp": 1619968373418,
    "session": "room000043"
}, {
    "contribution": 20,
    "time": 4101,
    "timeup": false,
    "done": true,
    "player": "265575970673215",
    "stage": {
        "stage": 4,
        "step": 1,
        "round": 6
    },
    "timestamp": 1619968374218,
    "session": "room000043"
}, {
    "time": 1421,
    "timeup": false,
    "done": true,
    "player": "265575970673215",
    "stage": {
        "stage": 4,
        "step": 2,
        "round": 6
    },
    "timestamp": 1619968376026,
    "session": "room000043"
}, {
    "time": 1541,
    "timeup": false,
    "done": true,
    "player": "371251665153152",
    "stage": {
        "stage": 4,
        "step": 2,
        "round": 6
    },
    "timestamp": 1619968376356,
    "session": "room000043"
}, {
    "time": 1706,
    "timeup": false,
    "done": true,
    "player": "251343244522206",
    "stage": {
        "stage": 4,
        "step": 2,
        "round": 6
    },
    "timestamp": 1619968376475,
    "session": "room000043"
}, {
    "time": 1684,
    "timeup": false,
    "done": true,
    "player": "750933730783580",
    "stage": {
        "stage": 4,
        "step": 2,
        "round": 6
    },
    "timestamp": 1619968376488,
    "session": "room000043"
}, {
    "contribution": 20,
    "time": 1774,
    "timeup": false,
    "done": true,
    "player": "251343244522206",
    "stage": {
        "stage": 4,
        "step": 1,
        "round": 7
    },
    "timestamp": 1619968378532,
    "session": "room000043"
}, {
    "contribution": 20,
    "time": 2838,
    "timeup": false,
    "done": true,
    "player": "371251665153152",
    "stage": {
        "stage": 4,
        "step": 1,
        "round": 7
    },
    "timestamp": 1619968379631,
    "session": "room000043"
}, {
    "contribution": 20,
    "time": 3868,
    "timeup": false,
    "done": true,
    "player": "750933730783580",
    "stage": {
        "stage": 4,
        "step": 1,
        "round": 7
    },
    "timestamp": 1619968380928,
    "session": "room000043"
}, {
    "contribution": 20,
    "time": 6031,
    "timeup": false,
    "done": true,
    "player": "265575970673215",
    "stage": {
        "stage": 4,
        "step": 1,
        "round": 7
    },
    "timestamp": 1619968382866,
    "session": "room000043"
}, {
    "time": 1732,
    "timeup": false,
    "done": true,
    "player": "371251665153152",
    "stage": {
        "stage": 4,
        "step": 2,
        "round": 7
    },
    "timestamp": 1619968384938,
    "session": "room000043"
}, {
    "time": 1869,
    "timeup": false,
    "done": true,
    "player": "251343244522206",
    "stage": {
        "stage": 4,
        "step": 2,
        "round": 7
    },
    "timestamp": 1619968385347,
    "session": "room000043"
}, {
    "time": 2202,
    "timeup": false,
    "done": true,
    "player": "265575970673215",
    "stage": {
        "stage": 4,
        "step": 2,
        "round": 7
    },
    "timestamp": 1619968385450,
    "session": "room000043"
}, {
    "time": 2050,
    "timeup": false,
    "done": true,
    "player": "750933730783580",
    "stage": {
        "stage": 4,
        "step": 2,
        "round": 7
    },
    "timestamp": 1619968385668,
    "session": "room000043"
}, {
    "contribution": 20,
    "time": 1856,
    "timeup": false,
    "done": true,
    "player": "251343244522206",
    "stage": {
        "stage": 4,
        "step": 1,
        "round": 8
    },
    "timestamp": 1619968387838,
    "session": "room000043"
}, {
    "contribution": 20,
    "time": 3035,
    "timeup": false,
    "done": true,
    "player": "371251665153152",
    "stage": {
        "stage": 4,
        "step": 1,
        "round": 8
    },
    "timestamp": 1619968389007,
    "session": "room000043"
}, {
    "contribution": 20,
    "time": 3209,
    "timeup": false,
    "done": true,
    "player": "750933730783580",
    "stage": {
        "stage": 4,
        "step": 1,
        "round": 8
    },
    "timestamp": 1619968389296,
    "session": "room000043"
}, {
    "contribution": 20,
    "time": 5050,
    "timeup": false,
    "done": true,
    "player": "265575970673215",
    "stage": {
        "stage": 4,
        "step": 1,
        "round": 8
    },
    "timestamp": 1619968391067,
    "session": "room000043"
}, {
    "time": 1083,
    "timeup": false,
    "done": true,
    "player": "371251665153152",
    "stage": {
        "stage": 4,
        "step": 2,
        "round": 8
    },
    "timestamp": 1619968392456,
    "session": "room000043"
}, {
    "time": 1256,
    "timeup": false,
    "done": true,
    "player": "265575970673215",
    "stage": {
        "stage": 4,
        "step": 2,
        "round": 8
    },
    "timestamp": 1619968392699,
    "session": "room000043"
}, {
    "time": 1238,
    "timeup": false,
    "done": true,
    "player": "750933730783580",
    "stage": {
        "stage": 4,
        "step": 2,
        "round": 8
    },
    "timestamp": 1619968392755,
    "session": "room000043"
}, {
    "time": 1503,
    "timeup": false,
    "done": true,
    "player": "251343244522206",
    "stage": {
        "stage": 4,
        "step": 2,
        "round": 8
    },
    "timestamp": 1619968392880,
    "session": "room000043"
}, {
    "contribution": 20,
    "time": 1336,
    "timeup": false,
    "done": true,
    "player": "251343244522206",
    "stage": {
        "stage": 4,
        "step": 1,
        "round": 9
    },
    "timestamp": 1619968394488,
    "session": "room000043"
}, {
    "contribution": 20,
    "time": 2547,
    "timeup": false,
    "done": true,
    "player": "371251665153152",
    "stage": {
        "stage": 4,
        "step": 1,
        "round": 9
    },
    "timestamp": 1619968395698,
    "session": "room000043"
}, {
    "contribution": 20,
    "time": 2603,
    "timeup": false,
    "done": true,
    "player": "750933730783580",
    "stage": {
        "stage": 4,
        "step": 1,
        "round": 9
    },
    "timestamp": 1619968395946,
    "session": "room000043"
}, {
    "contribution": 20,
    "time": 3203,
    "timeup": false,
    "done": true,
    "player": "265575970673215",
    "stage": {
        "stage": 4,
        "step": 1,
        "round": 9
    },
    "timestamp": 1619968396442,
    "session": "room000043"
}, {
    "time": 1153,
    "timeup": false,
    "done": true,
    "player": "265575970673215",
    "stage": {
        "stage": 4,
        "step": 2,
        "round": 9
    },
    "timestamp": 1619968397967,
    "session": "room000043"
}, {
    "time": 1502,
    "timeup": false,
    "done": true,
    "player": "371251665153152",
    "stage": {
        "stage": 4,
        "step": 2,
        "round": 9
    },
    "timestamp": 1619968398241,
    "session": "room000043"
}, {
    "time": 1777,
    "timeup": false,
    "done": true,
    "player": "750933730783580",
    "stage": {
        "stage": 4,
        "step": 2,
        "round": 9
    },
    "timestamp": 1619968398681,
    "session": "room000043"
}, {
    "time": 2886,
    "timeup": false,
    "done": true,
    "player": "251343244522206",
    "stage": {
        "stage": 4,
        "step": 2,
        "round": 9
    },
    "timestamp": 1619968399638,
    "session": "room000043"
}, {
    "contribution": 20,
    "time": 1298,
    "timeup": false,
    "done": true,
    "player": "251343244522206",
    "stage": {
        "stage": 4,
        "step": 1,
        "round": 10
    },
    "timestamp": 1619968401229,
    "session": "room000043"
}, {
    "contribution": 20,
    "time": 2604,
    "timeup": false,
    "done": true,
    "player": "371251665153152",
    "stage": {
        "stage": 4,
        "step": 1,
        "round": 10
    },
    "timestamp": 1619968402632,
    "session": "room000043"
}, {
    "contribution": 20,
    "time": 5192,
    "timeup": false,
    "done": true,
    "player": "750933730783580",
    "stage": {
        "stage": 4,
        "step": 1,
        "round": 10
    },
    "timestamp": 1619968405251,
    "session": "room000043"
}, {
    "contribution": 20,
    "time": 7782,
    "timeup": false,
    "done": true,
    "player": "265575970673215",
    "stage": {
        "stage": 4,
        "step": 1,
        "round": 10
    },
    "timestamp": 1619968407902,
    "session": "room000043"
}, {
    "time": 1440,
    "timeup": false,
    "done": true,
    "player": "251343244522206",
    "stage": {
        "stage": 4,
        "step": 2,
        "round": 10
    },
    "timestamp": 1619968409722,
    "session": "room000043"
}, {
    "time": 1876,
    "timeup": false,
    "done": true,
    "player": "371251665153152",
    "stage": {
        "stage": 4,
        "step": 2,
        "round": 10
    },
    "timestamp": 1619968410093,
    "session": "room000043"
}, {
    "time": 1853,
    "timeup": false,
    "done": true,
    "player": "750933730783580",
    "stage": {
        "stage": 4,
        "step": 2,
        "round": 10
    },
    "timestamp": 1619968410211,
    "session": "room000043"
}, {
    "time": 15095,
    "timeup": false,
    "done": true,
    "player": "265575970673215",
    "stage": {
        "stage": 4,
        "step": 2,
        "round": 10
    },
    "timestamp": 1619968423404,
    "session": "room000043"
}, {
    "communication": "Ne",
    "agreement": "Ne",
    "real1": "Neměli jsme nic domluveno",
    "real2": "Neměli jsme nic domluveno",
    "strategy": "Maximalizovat výnos skupiny",
    "time": 14569,
    "timeup": false,
    "done": true,
    "player": "265575970673215",
    "stage": {
        "stage": 5,
        "step": 1,
        "round": 1
    },
    "timestamp": 1619968438228,
    "session": "room000043"
}, {
    "communication": "Ne",
    "agreement": "Ne",
    "real1": "Neměli jsme nic domluveno",
    "real2": "Neměli jsme nic domluveno",
    "strategy": "Maximalizovat výnos skupiny",
    "time": 31347,
    "timeup": false,
    "done": true,
    "player": "251343244522206",
    "stage": {
        "stage": 5,
        "step": 1,
        "round": 1
    },
    "timestamp": 1619968454971,
    "session": "room000043"
}, {
    "communication": "Ne",
    "agreement": "Ne",
    "real1": "Neměli jsme nic domluveno",
    "real2": "Neměli jsme nic domluveno",
    "strategy": "Maximalizovat výnos skupiny",
    "time": 56025,
    "timeup": false,
    "done": true,
    "player": "750933730783580",
    "stage": {
        "stage": 5,
        "step": 1,
        "round": 1
    },
    "timestamp": 1619968479809,
    "session": "room000043"
}, {
    "communication": "Ne",
    "agreement": "Ne",
    "real1": "Neměli jsme nic domluveno",
    "real2": "Neměli jsme nic domluveno",
    "strategy": "Jiná (prosím, popište níže)",
    "time": 69385,
    "timeup": false,
    "done": true,
    "player": "371251665153152",
    "stage": {
        "stage": 5,
        "step": 1,
        "round": 1
    },
    "timestamp": 1619968493049,
    "session": "room000043"
}, {
    "value": "moramova@gmail.com",
    "timeBegin": 3305,
    "timeEnd": 9060,
    "isCorrect": true,
    "id": "email",
    "time": 11256,
    "timeup": false,
    "done": true,
    "player": "750933730783580",
    "stage": {
        "stage": 6,
        "step": 1,
        "round": 1
    },
    "timestamp": 1619968504645,
    "session": "room000043"
}, {
    "value": "hugoradvansky@gmail.com",
    "timeBegin": 3787,
    "timeEnd": 8543,
    "isCorrect": true,
    "id": "email",
    "time": 12131,
    "timeup": false,
    "done": true,
    "player": "251343244522206",
    "stage": {
        "stage": 6,
        "step": 1,
        "round": 1
    },
    "timestamp": 1619968505385,
    "session": "room000043"
}, {
    "value": "radvanskybruno@gmail.com",
    "timeBegin": 4139,
    "timeEnd": 9702,
    "isCorrect": true,
    "id": "email",
    "time": 12886,
    "timeup": false,
    "done": true,
    "player": "371251665153152",
    "stage": {
        "stage": 6,
        "step": 1,
        "round": 1
    },
    "timestamp": 1619968506172,
    "session": "room000043"
}, {
    "value": "naspotify24@gmail.com",
    "timeBegin": 4269,
    "timeEnd": 10861,
    "isCorrect": true,
    "id": "email",
    "time": 12939,
    "timeup": false,
    "done": true,
    "player": "265575970673215",
    "stage": {
        "stage": 6,
        "step": 1,
        "round": 1
    },
    "timestamp": 1619968506278,
    "session": "room000043"
}]