"session","player","time","communication","agreement","real1","real2","strategy"
"room000043","265575970673215",14569,"Ne","Ne","Neměli jsme nic domluveno","Neměli jsme nic domluveno","Maximalizovat výnos skupiny"
"room000043","251343244522206",31347,"Ne","Ne","Neměli jsme nic domluveno","Neměli jsme nic domluveno","Maximalizovat výnos skupiny"
"room000043","750933730783580",56025,"Ne","Ne","Neměli jsme nic domluveno","Neměli jsme nic domluveno","Maximalizovat výnos skupiny"
"room000043","371251665153152",69385,"Ne","Ne","Neměli jsme nic domluveno","Neměli jsme nic domluveno","Jiná (prosím\, popište níže)"
