[{
    "time": 1918,
    "timeup": false,
    "done": true,
    "player": "553583376252226",
    "stage": {
        "stage": 1,
        "step": 1,
        "round": 1
    },
    "timestamp": 1619517838558,
    "session": "room000028"
}, {
    "time": 3469,
    "timeup": false,
    "done": true,
    "player": "542182376110735",
    "stage": {
        "stage": 1,
        "step": 1,
        "round": 1
    },
    "timestamp": 1619517839908,
    "session": "room000028"
}, {
    "time": 5087,
    "timeup": false,
    "done": true,
    "player": "912268857382341",
    "stage": {
        "stage": 1,
        "step": 1,
        "round": 1
    },
    "timestamp": 1619517841887,
    "session": "room000028"
}, {
    "time": 5831,
    "timeup": false,
    "done": true,
    "player": "94974144733938",
    "stage": {
        "stage": 1,
        "step": 1,
        "round": 1
    },
    "timestamp": 1619517842755,
    "session": "room000028"
}, {
    "order": [
        0,
        1,
        2,
        3,
        4
    ],
    "forms": {
        "coinsEveryRound": {
            "id": "coinsEveryRound",
            "choice": "0",
            "time": 4457,
            "nClicks": 1,
            "order": [
                1,
                3,
                2,
                0
            ],
            "value": "20",
            "isCorrect": true,
            "attempts": [
                "0"
            ]
        },
        "coinsMaxi": {
            "id": "coinsMaxi",
            "choice": "0",
            "time": 7123,
            "nClicks": 1,
            "order": [
                0,
                1,
                3,
                2
            ],
            "value": "40",
            "isCorrect": true,
            "attempts": [
                "0"
            ]
        },
        "coinsMini": {
            "id": "coinsMini",
            "choice": "0",
            "time": 8562,
            "nClicks": 1,
            "order": [
                0,
                1,
                3,
                2
            ],
            "value": "10",
            "isCorrect": true,
            "attempts": [
                "0"
            ]
        },
        "coinsOthers": {
            "id": "coinsOthers",
            "choice": "0",
            "time": 9746,
            "nClicks": 1,
            "order": [
                3,
                2,
                1,
                0
            ],
            "value": "30",
            "isCorrect": true,
            "attempts": [
                "0"
            ]
        },
        "lowestPayment1": {
            "id": "lowestPayment1",
            "choice": "0",
            "time": 10731,
            "nClicks": 1,
            "order": [
                0,
                2,
                3,
                1
            ],
            "value": "15",
            "isCorrect": true,
            "attempts": [
                "0"
            ]
        }
    },
    "missValues": [],
    "id": "quiz",
    "isCorrect": true,
    "time": 11857,
    "timeup": false,
    "done": true,
    "player": "94974144733938",
    "stage": {
        "stage": 2,
        "step": 1,
        "round": 1
    },
    "timestamp": 1619517855025,
    "session": "room000028"
}, {
    "order": [
        0,
        1,
        2,
        3,
        4
    ],
    "forms": {
        "coinsEveryRound": {
            "id": "coinsEveryRound",
            "choice": "0",
            "time": 4115,
            "nClicks": 1,
            "order": [
                2,
                0,
                3,
                1
            ],
            "value": "20",
            "isCorrect": true,
            "attempts": [
                "0"
            ]
        },
        "coinsMaxi": {
            "id": "coinsMaxi",
            "choice": "0",
            "time": 7278,
            "nClicks": 1,
            "order": [
                1,
                2,
                3,
                0
            ],
            "value": "40",
            "isCorrect": true,
            "attempts": [
                "0"
            ]
        },
        "coinsMini": {
            "id": "coinsMini",
            "choice": "0",
            "time": 9890,
            "nClicks": 1,
            "order": [
                1,
                2,
                3,
                0
            ],
            "value": "10",
            "isCorrect": true,
            "attempts": [
                "0"
            ]
        },
        "coinsOthers": {
            "id": "coinsOthers",
            "choice": "0",
            "time": 10992,
            "nClicks": 1,
            "order": [
                1,
                2,
                3,
                0
            ],
            "value": "30",
            "isCorrect": true,
            "attempts": [
                "0"
            ]
        },
        "lowestPayment1": {
            "id": "lowestPayment1",
            "choice": "0",
            "time": 12737,
            "nClicks": 1,
            "order": [
                3,
                0,
                1,
                2
            ],
            "value": "15",
            "isCorrect": true,
            "attempts": [
                "0"
            ]
        }
    },
    "missValues": [],
    "id": "quiz",
    "isCorrect": true,
    "time": 16773,
    "timeup": false,
    "done": true,
    "player": "912268857382341",
    "stage": {
        "stage": 2,
        "step": 1,
        "round": 1
    },
    "timestamp": 1619517860104,
    "session": "room000028"
}, {
    "order": [
        0,
        1,
        2,
        3,
        4
    ],
    "forms": {
        "coinsEveryRound": {
            "id": "coinsEveryRound",
            "choice": "0",
            "time": 5315,
            "nClicks": 1,
            "order": [
                1,
                3,
                0,
                2
            ],
            "value": "20",
            "isCorrect": true,
            "attempts": [
                "0"
            ]
        },
        "coinsMaxi": {
            "id": "coinsMaxi",
            "choice": "0",
            "time": 10874,
            "nClicks": 1,
            "order": [
                3,
                1,
                2,
                0
            ],
            "value": "40",
            "isCorrect": true,
            "attempts": [
                "0"
            ]
        },
        "coinsMini": {
            "id": "coinsMini",
            "choice": "0",
            "time": 14440,
            "nClicks": 1,
            "order": [
                1,
                0,
                3,
                2
            ],
            "value": "10",
            "isCorrect": true,
            "attempts": [
                "0"
            ]
        },
        "coinsOthers": {
            "id": "coinsOthers",
            "choice": "0",
            "time": 15957,
            "nClicks": 1,
            "order": [
                2,
                1,
                3,
                0
            ],
            "value": "30",
            "isCorrect": true,
            "attempts": [
                "0"
            ]
        },
        "lowestPayment1": {
            "id": "lowestPayment1",
            "choice": "0",
            "time": 17903,
            "nClicks": 1,
            "order": [
                0,
                2,
                3,
                1
            ],
            "value": "15",
            "isCorrect": true,
            "attempts": [
                "0"
            ]
        }
    },
    "missValues": [],
    "id": "quiz",
    "isCorrect": true,
    "time": 19344,
    "timeup": false,
    "done": true,
    "player": "542182376110735",
    "stage": {
        "stage": 2,
        "step": 1,
        "round": 1
    },
    "timestamp": 1619517862380,
    "session": "room000028"
}, {
    "order": [
        0,
        1,
        2,
        3,
        4
    ],
    "forms": {
        "coinsEveryRound": {
            "id": "coinsEveryRound",
            "choice": "0",
            "time": 2983,
            "nClicks": 1,
            "order": [
                3,
                2,
                1,
                0
            ],
            "value": "20",
            "isCorrect": true,
            "attempts": [
                "0",
                "0"
            ]
        },
        "coinsMaxi": {
            "id": "coinsMaxi",
            "choice": "0",
            "time": 6017,
            "nClicks": 1,
            "order": [
                3,
                2,
                0,
                1
            ],
            "value": "40",
            "isCorrect": true,
            "attempts": [
                "0",
                "0"
            ]
        },
        "coinsMini": {
            "id": "coinsMini",
            "choice": "0",
            "time": 19690,
            "nClicks": 1,
            "order": [
                0,
                1,
                2,
                3
            ],
            "value": "10",
            "isCorrect": true,
            "attempts": [
                "0",
                "0"
            ]
        },
        "coinsOthers": {
            "id": "coinsOthers",
            "choice": "0",
            "time": 33754,
            "nClicks": 1,
            "order": [
                0,
                2,
                1,
                3
            ],
            "value": "30",
            "isCorrect": true,
            "attempts": [
                "0",
                "0"
            ]
        },
        "lowestPayment1": {
            "id": "lowestPayment1",
            "choice": "0",
            "time": 59405,
            "nClicks": 2,
            "order": [
                3,
                0,
                2,
                1
            ],
            "value": "15",
            "isCorrect": true,
            "attempts": [
                "3",
                "0"
            ]
        }
    },
    "missValues": [],
    "id": "quiz",
    "isCorrect": true,
    "time": 60522,
    "timeup": false,
    "done": true,
    "player": "553583376252226",
    "stage": {
        "stage": 2,
        "step": 1,
        "round": 1
    },
    "timestamp": 1619517903519,
    "session": "room000028"
}, {
    "znajiSe": "7-velmi dobře",
    "blizkost": "7-velmi blízký",
    "kooperujeKam": "7-velmi spolupracuji",
    "kooperujeCiz": "7-velmi spolupracuji",
    "time": 5355,
    "timeup": false,
    "done": true,
    "player": "553583376252226",
    "stage": {
        "stage": 3,
        "step": 1,
        "round": 1
    },
    "timestamp": 1619517909104,
    "session": "room000028"
}, {
    "znajiSe": "6",
    "blizkost": "6",
    "kooperujeKam": "6",
    "kooperujeCiz": "5",
    "time": 24188,
    "timeup": false,
    "done": true,
    "player": "912268857382341",
    "stage": {
        "stage": 3,
        "step": 1,
        "round": 1
    },
    "timestamp": 1619517928035,
    "session": "room000028"
}, {
    "znajiSe": "7-velmi dobře",
    "blizkost": "7-velmi blízký",
    "kooperujeKam": "6",
    "kooperujeCiz": "6",
    "time": 37190,
    "timeup": false,
    "done": true,
    "player": "94974144733938",
    "stage": {
        "stage": 3,
        "step": 1,
        "round": 1
    },
    "timestamp": 1619517941120,
    "session": "room000028"
}, {
    "znajiSe": "3",
    "blizkost": "5",
    "kooperujeKam": "4",
    "kooperujeCiz": "6",
    "time": 44109,
    "timeup": false,
    "done": true,
    "player": "542182376110735",
    "stage": {
        "stage": 3,
        "step": 1,
        "round": 1
    },
    "timestamp": 1619517947896,
    "session": "room000028"
}, {
    "contribution": 20,
    "time": 5226,
    "timeup": false,
    "done": true,
    "player": "542182376110735",
    "stage": {
        "stage": 4,
        "step": 1,
        "round": 1
    },
    "timestamp": 1619517953414,
    "session": "room000028"
}, {
    "contribution": 20,
    "time": 5856,
    "timeup": false,
    "done": true,
    "player": "553583376252226",
    "stage": {
        "stage": 4,
        "step": 1,
        "round": 1
    },
    "timestamp": 1619517954366,
    "session": "room000028"
}, {
    "contribution": 20,
    "time": 6574,
    "timeup": false,
    "done": true,
    "player": "912268857382341",
    "stage": {
        "stage": 4,
        "step": 1,
        "round": 1
    },
    "timestamp": 1619517955052,
    "session": "room000028"
}, {
    "contribution": 20,
    "time": 10030,
    "timeup": false,
    "done": true,
    "player": "94974144733938",
    "stage": {
        "stage": 4,
        "step": 1,
        "round": 1
    },
    "timestamp": 1619517959057,
    "session": "room000028"
}, {
    "time": 1731,
    "timeup": false,
    "done": true,
    "player": "94974144733938",
    "stage": {
        "stage": 4,
        "step": 2,
        "round": 1
    },
    "timestamp": 1619517961848,
    "session": "room000028"
}, {
    "time": 2432,
    "timeup": false,
    "done": true,
    "player": "912268857382341",
    "stage": {
        "stage": 4,
        "step": 2,
        "round": 1
    },
    "timestamp": 1619517962152,
    "session": "room000028"
}, {
    "time": 3335,
    "timeup": false,
    "done": true,
    "player": "542182376110735",
    "stage": {
        "stage": 4,
        "step": 2,
        "round": 1
    },
    "timestamp": 1619517962755,
    "session": "room000028"
}, {
    "time": 4134,
    "timeup": false,
    "done": true,
    "player": "553583376252226",
    "stage": {
        "stage": 4,
        "step": 2,
        "round": 1
    },
    "timestamp": 1619517963796,
    "session": "room000028"
}, {
    "contribution": 20,
    "time": 3111,
    "timeup": false,
    "done": true,
    "player": "912268857382341",
    "stage": {
        "stage": 4,
        "step": 1,
        "round": 2
    },
    "timestamp": 1619517967340,
    "session": "room000028"
}, {
    "contribution": 20,
    "time": 3651,
    "timeup": false,
    "done": true,
    "player": "94974144733938",
    "stage": {
        "stage": 4,
        "step": 1,
        "round": 2
    },
    "timestamp": 1619517967983,
    "session": "room000028"
}, {
    "contribution": 20,
    "time": 5534,
    "timeup": false,
    "done": true,
    "player": "553583376252226",
    "stage": {
        "stage": 4,
        "step": 1,
        "round": 2
    },
    "timestamp": 1619517969608,
    "session": "room000028"
}, {
    "contribution": 20,
    "time": 5764,
    "timeup": false,
    "done": true,
    "player": "542182376110735",
    "stage": {
        "stage": 4,
        "step": 1,
        "round": 2
    },
    "timestamp": 1619517969912,
    "session": "room000028"
}, {
    "time": 1349,
    "timeup": false,
    "done": true,
    "player": "912268857382341",
    "stage": {
        "stage": 4,
        "step": 2,
        "round": 2
    },
    "timestamp": 1619517971851,
    "session": "room000028"
}, {
    "time": 1798,
    "timeup": false,
    "done": true,
    "player": "94974144733938",
    "stage": {
        "stage": 4,
        "step": 2,
        "round": 2
    },
    "timestamp": 1619517972404,
    "session": "room000028"
}, {
    "time": 2345,
    "timeup": false,
    "done": true,
    "player": "553583376252226",
    "stage": {
        "stage": 4,
        "step": 2,
        "round": 2
    },
    "timestamp": 1619517972673,
    "session": "room000028"
}, {
    "time": 5606,
    "timeup": false,
    "done": true,
    "player": "542182376110735",
    "stage": {
        "stage": 4,
        "step": 2,
        "round": 2
    },
    "timestamp": 1619517975781,
    "session": "room000028"
}, {
    "contribution": 20,
    "time": 3109,
    "timeup": false,
    "done": true,
    "player": "912268857382341",
    "stage": {
        "stage": 4,
        "step": 1,
        "round": 3
    },
    "timestamp": 1619517979421,
    "session": "room000028"
}, {
    "contribution": 20,
    "time": 3931,
    "timeup": false,
    "done": true,
    "player": "553583376252226",
    "stage": {
        "stage": 4,
        "step": 1,
        "round": 3
    },
    "timestamp": 1619517980026,
    "session": "room000028"
}, {
    "contribution": 20,
    "time": 3820,
    "timeup": false,
    "done": true,
    "player": "94974144733938",
    "stage": {
        "stage": 4,
        "step": 1,
        "round": 3
    },
    "timestamp": 1619517980267,
    "session": "room000028"
}, {
    "contribution": 20,
    "time": 5219,
    "timeup": false,
    "done": true,
    "player": "542182376110735",
    "stage": {
        "stage": 4,
        "step": 1,
        "round": 3
    },
    "timestamp": 1619517981224,
    "session": "room000028"
}, {
    "time": 1237,
    "timeup": false,
    "done": true,
    "player": "912268857382341",
    "stage": {
        "stage": 4,
        "step": 2,
        "round": 3
    },
    "timestamp": 1619517982962,
    "session": "room000028"
}, {
    "time": 1527,
    "timeup": false,
    "done": true,
    "player": "94974144733938",
    "stage": {
        "stage": 4,
        "step": 2,
        "round": 3
    },
    "timestamp": 1619517983311,
    "session": "room000028"
}, {
    "time": 2193,
    "timeup": false,
    "done": true,
    "player": "553583376252226",
    "stage": {
        "stage": 4,
        "step": 2,
        "round": 3
    },
    "timestamp": 1619517983932,
    "session": "room000028"
}, {
    "time": 3321,
    "timeup": false,
    "done": true,
    "player": "542182376110735",
    "stage": {
        "stage": 4,
        "step": 2,
        "round": 3
    },
    "timestamp": 1619517984807,
    "session": "room000028"
}, {
    "contribution": 20,
    "time": 3028,
    "timeup": false,
    "done": true,
    "player": "912268857382341",
    "stage": {
        "stage": 4,
        "step": 1,
        "round": 4
    },
    "timestamp": 1619517988263,
    "session": "room000028"
}, {
    "contribution": 20,
    "time": 3349,
    "timeup": false,
    "done": true,
    "player": "94974144733938",
    "stage": {
        "stage": 4,
        "step": 1,
        "round": 4
    },
    "timestamp": 1619517988780,
    "session": "room000028"
}, {
    "contribution": 20,
    "time": 3785,
    "timeup": false,
    "done": true,
    "player": "553583376252226",
    "stage": {
        "stage": 4,
        "step": 1,
        "round": 4
    },
    "timestamp": 1619517988907,
    "session": "room000028"
}, {
    "contribution": 20,
    "time": 6186,
    "timeup": false,
    "done": true,
    "player": "542182376110735",
    "stage": {
        "stage": 4,
        "step": 1,
        "round": 4
    },
    "timestamp": 1619517991232,
    "session": "room000028"
}, {
    "time": 1284,
    "timeup": false,
    "done": true,
    "player": "912268857382341",
    "stage": {
        "stage": 4,
        "step": 2,
        "round": 4
    },
    "timestamp": 1619517993033,
    "session": "room000028"
}, {
    "time": 1524,
    "timeup": false,
    "done": true,
    "player": "94974144733938",
    "stage": {
        "stage": 4,
        "step": 2,
        "round": 4
    },
    "timestamp": 1619517993369,
    "session": "room000028"
}, {
    "time": 2415,
    "timeup": false,
    "done": true,
    "player": "542182376110735",
    "stage": {
        "stage": 4,
        "step": 2,
        "round": 4
    },
    "timestamp": 1619517993911,
    "session": "room000028"
}, {
    "time": 2386,
    "timeup": false,
    "done": true,
    "player": "553583376252226",
    "stage": {
        "stage": 4,
        "step": 2,
        "round": 4
    },
    "timestamp": 1619517994363,
    "session": "room000028"
}, {
    "contribution": 20,
    "time": 2904,
    "timeup": false,
    "done": true,
    "player": "912268857382341",
    "stage": {
        "stage": 4,
        "step": 1,
        "round": 5
    },
    "timestamp": 1619517997725,
    "session": "room000028"
}, {
    "contribution": 20,
    "time": 3284,
    "timeup": false,
    "done": true,
    "player": "94974144733938",
    "stage": {
        "stage": 4,
        "step": 1,
        "round": 5
    },
    "timestamp": 1619517998150,
    "session": "room000028"
}, {
    "contribution": 20,
    "time": 4508,
    "timeup": false,
    "done": true,
    "player": "553583376252226",
    "stage": {
        "stage": 4,
        "step": 1,
        "round": 5
    },
    "timestamp": 1619517999155,
    "session": "room000028"
}, {
    "contribution": 20,
    "time": 6200,
    "timeup": false,
    "done": true,
    "player": "542182376110735",
    "stage": {
        "stage": 4,
        "step": 1,
        "round": 5
    },
    "timestamp": 1619518000893,
    "session": "room000028"
}, {
    "time": 1553,
    "timeup": false,
    "done": true,
    "player": "94974144733938",
    "stage": {
        "stage": 4,
        "step": 2,
        "round": 5
    },
    "timestamp": 1619518003111,
    "session": "room000028"
}, {
    "time": 2395,
    "timeup": false,
    "done": true,
    "player": "553583376252226",
    "stage": {
        "stage": 4,
        "step": 2,
        "round": 5
    },
    "timestamp": 1619518003635,
    "session": "room000028"
}, {
    "time": 2827,
    "timeup": false,
    "done": true,
    "player": "542182376110735",
    "stage": {
        "stage": 4,
        "step": 2,
        "round": 5
    },
    "timestamp": 1619518004012,
    "session": "room000028"
}, {
    "time": 4172,
    "timeup": false,
    "done": true,
    "player": "912268857382341",
    "stage": {
        "stage": 4,
        "step": 2,
        "round": 5
    },
    "timestamp": 1619518005547,
    "session": "room000028"
}, {
    "contribution": 20,
    "time": 2999,
    "timeup": false,
    "done": true,
    "player": "912268857382341",
    "stage": {
        "stage": 4,
        "step": 1,
        "round": 6
    },
    "timestamp": 1619518008853,
    "session": "room000028"
}, {
    "contribution": 20,
    "time": 3474,
    "timeup": false,
    "done": true,
    "player": "94974144733938",
    "stage": {
        "stage": 4,
        "step": 1,
        "round": 6
    },
    "timestamp": 1619518009572,
    "session": "room000028"
}, {
    "contribution": 20,
    "time": 5987,
    "timeup": false,
    "done": true,
    "player": "553583376252226",
    "stage": {
        "stage": 4,
        "step": 1,
        "round": 6
    },
    "timestamp": 1619518011887,
    "session": "room000028"
}, {
    "contribution": 20,
    "time": 6195,
    "timeup": false,
    "done": true,
    "player": "542182376110735",
    "stage": {
        "stage": 4,
        "step": 1,
        "round": 6
    },
    "timestamp": 1619518012074,
    "session": "room000028"
}, {
    "time": 1239,
    "timeup": false,
    "done": true,
    "player": "912268857382341",
    "stage": {
        "stage": 4,
        "step": 2,
        "round": 6
    },
    "timestamp": 1619518013814,
    "session": "room000028"
}, {
    "time": 1229,
    "timeup": false,
    "done": true,
    "player": "94974144733938",
    "stage": {
        "stage": 4,
        "step": 2,
        "round": 6
    },
    "timestamp": 1619518013969,
    "session": "room000028"
}, {
    "time": 2702,
    "timeup": false,
    "done": true,
    "player": "542182376110735",
    "stage": {
        "stage": 4,
        "step": 2,
        "round": 6
    },
    "timestamp": 1619518015063,
    "session": "room000028"
}, {
    "time": 2476,
    "timeup": false,
    "done": true,
    "player": "553583376252226",
    "stage": {
        "stage": 4,
        "step": 2,
        "round": 6
    },
    "timestamp": 1619518015376,
    "session": "room000028"
}, {
    "contribution": 20,
    "time": 2852,
    "timeup": false,
    "done": true,
    "player": "912268857382341",
    "stage": {
        "stage": 4,
        "step": 1,
        "round": 7
    },
    "timestamp": 1619518018666,
    "session": "room000028"
}, {
    "contribution": 20,
    "time": 4865,
    "timeup": false,
    "done": true,
    "player": "553583376252226",
    "stage": {
        "stage": 4,
        "step": 1,
        "round": 7
    },
    "timestamp": 1619518020706,
    "session": "room000028"
}, {
    "contribution": 20,
    "time": 5779,
    "timeup": false,
    "done": true,
    "player": "94974144733938",
    "stage": {
        "stage": 4,
        "step": 1,
        "round": 7
    },
    "timestamp": 1619518021682,
    "session": "room000028"
}, {
    "contribution": 20,
    "time": 6773,
    "timeup": false,
    "done": true,
    "player": "542182376110735",
    "stage": {
        "stage": 4,
        "step": 1,
        "round": 7
    },
    "timestamp": 1619518022479,
    "session": "room000028"
}, {
    "time": 1508,
    "timeup": false,
    "done": true,
    "player": "94974144733938",
    "stage": {
        "stage": 4,
        "step": 2,
        "round": 7
    },
    "timestamp": 1619518024628,
    "session": "room000028"
}, {
    "time": 2279,
    "timeup": false,
    "done": true,
    "player": "542182376110735",
    "stage": {
        "stage": 4,
        "step": 2,
        "round": 7
    },
    "timestamp": 1619518025011,
    "session": "room000028"
}, {
    "time": 2856,
    "timeup": false,
    "done": true,
    "player": "912268857382341",
    "stage": {
        "stage": 4,
        "step": 2,
        "round": 7
    },
    "timestamp": 1619518025896,
    "session": "room000028"
}, {
    "time": 2899,
    "timeup": false,
    "done": true,
    "player": "553583376252226",
    "stage": {
        "stage": 4,
        "step": 2,
        "round": 7
    },
    "timestamp": 1619518026149,
    "session": "room000028"
}, {
    "contribution": 20,
    "time": 2896,
    "timeup": false,
    "done": true,
    "player": "912268857382341",
    "stage": {
        "stage": 4,
        "step": 1,
        "round": 8
    },
    "timestamp": 1619518029441,
    "session": "room000028"
}, {
    "contribution": 20,
    "time": 3838,
    "timeup": false,
    "done": true,
    "player": "94974144733938",
    "stage": {
        "stage": 4,
        "step": 1,
        "round": 8
    },
    "timestamp": 1619518030593,
    "session": "room000028"
}, {
    "contribution": 20,
    "time": 5263,
    "timeup": false,
    "done": true,
    "player": "553583376252226",
    "stage": {
        "stage": 4,
        "step": 1,
        "round": 8
    },
    "timestamp": 1619518031675,
    "session": "room000028"
}, {
    "contribution": 20,
    "time": 5078,
    "timeup": false,
    "done": true,
    "player": "542182376110735",
    "stage": {
        "stage": 4,
        "step": 1,
        "round": 8
    },
    "timestamp": 1619518031736,
    "session": "room000028"
}, {
    "time": 1244,
    "timeup": false,
    "done": true,
    "player": "912268857382341",
    "stage": {
        "stage": 4,
        "step": 2,
        "round": 8
    },
    "timestamp": 1619518033441,
    "session": "room000028"
}, {
    "time": 1574,
    "timeup": false,
    "done": true,
    "player": "94974144733938",
    "stage": {
        "stage": 4,
        "step": 2,
        "round": 8
    },
    "timestamp": 1619518033941,
    "session": "room000028"
}, {
    "time": 2348,
    "timeup": false,
    "done": true,
    "player": "542182376110735",
    "stage": {
        "stage": 4,
        "step": 2,
        "round": 8
    },
    "timestamp": 1619518034342,
    "session": "room000028"
}, {
    "time": 2612,
    "timeup": false,
    "done": true,
    "player": "553583376252226",
    "stage": {
        "stage": 4,
        "step": 2,
        "round": 8
    },
    "timestamp": 1619518034690,
    "session": "room000028"
}, {
    "contribution": 20,
    "time": 3004,
    "timeup": false,
    "done": true,
    "player": "912268857382341",
    "stage": {
        "stage": 4,
        "step": 1,
        "round": 9
    },
    "timestamp": 1619518038137,
    "session": "room000028"
}, {
    "contribution": 20,
    "time": 3662,
    "timeup": false,
    "done": true,
    "player": "94974144733938",
    "stage": {
        "stage": 4,
        "step": 1,
        "round": 9
    },
    "timestamp": 1619518038901,
    "session": "room000028"
}, {
    "contribution": 20,
    "time": 4579,
    "timeup": false,
    "done": true,
    "player": "553583376252226",
    "stage": {
        "stage": 4,
        "step": 1,
        "round": 9
    },
    "timestamp": 1619518039522,
    "session": "room000028"
}, {
    "contribution": 20,
    "time": 4722,
    "timeup": false,
    "done": true,
    "player": "542182376110735",
    "stage": {
        "stage": 4,
        "step": 1,
        "round": 9
    },
    "timestamp": 1619518039731,
    "session": "room000028"
}, {
    "time": 1628,
    "timeup": false,
    "done": true,
    "player": "94974144733938",
    "stage": {
        "stage": 4,
        "step": 2,
        "round": 9
    },
    "timestamp": 1619518042044,
    "session": "room000028"
}, {
    "time": 2266,
    "timeup": false,
    "done": true,
    "player": "553583376252226",
    "stage": {
        "stage": 4,
        "step": 2,
        "round": 9
    },
    "timestamp": 1619518042447,
    "session": "room000028"
}, {
    "time": 2666,
    "timeup": false,
    "done": true,
    "player": "542182376110735",
    "stage": {
        "stage": 4,
        "step": 2,
        "round": 9
    },
    "timestamp": 1619518042660,
    "session": "room000028"
}, {
    "time": 3016,
    "timeup": false,
    "done": true,
    "player": "912268857382341",
    "stage": {
        "stage": 4,
        "step": 2,
        "round": 9
    },
    "timestamp": 1619518043264,
    "session": "room000028"
}, {
    "contribution": 20,
    "time": 3525,
    "timeup": false,
    "done": true,
    "player": "94974144733938",
    "stage": {
        "stage": 4,
        "step": 1,
        "round": 10
    },
    "timestamp": 1619518047399,
    "session": "room000028"
}, {
    "contribution": 20,
    "time": 4663,
    "timeup": false,
    "done": true,
    "player": "542182376110735",
    "stage": {
        "stage": 4,
        "step": 1,
        "round": 10
    },
    "timestamp": 1619518048240,
    "session": "room000028"
}, {
    "contribution": 20,
    "time": 4651,
    "timeup": false,
    "done": true,
    "player": "553583376252226",
    "stage": {
        "stage": 4,
        "step": 1,
        "round": 10
    },
    "timestamp": 1619518048296,
    "session": "room000028"
}, {
    "contribution": 20,
    "time": 7008,
    "timeup": false,
    "done": true,
    "player": "912268857382341",
    "stage": {
        "stage": 4,
        "step": 1,
        "round": 10
    },
    "timestamp": 1619518050671,
    "session": "room000028"
}, {
    "time": 1558,
    "timeup": false,
    "done": true,
    "player": "94974144733938",
    "stage": {
        "stage": 4,
        "step": 2,
        "round": 10
    },
    "timestamp": 1619518052825,
    "session": "room000028"
}, {
    "time": 2776,
    "timeup": false,
    "done": true,
    "player": "553583376252226",
    "stage": {
        "stage": 4,
        "step": 2,
        "round": 10
    },
    "timestamp": 1619518053858,
    "session": "room000028"
}, {
    "time": 3057,
    "timeup": false,
    "done": true,
    "player": "542182376110735",
    "stage": {
        "stage": 4,
        "step": 2,
        "round": 10
    },
    "timestamp": 1619518054108,
    "session": "room000028"
}, {
    "time": 3499,
    "timeup": false,
    "done": true,
    "player": "912268857382341",
    "stage": {
        "stage": 4,
        "step": 2,
        "round": 10
    },
    "timestamp": 1619518054532,
    "session": "room000028"
}, {
    "communication": "Ne",
    "agreement": "Ano",
    "real1": "Ano",
    "real2": "Ano",
    "strategy": "Maximalizovat výnos skupiny",
    "time": 19656,
    "timeup": false,
    "done": true,
    "player": "553583376252226",
    "stage": {
        "stage": 5,
        "step": 1,
        "round": 1
    },
    "timestamp": 1619518074383,
    "session": "room000028"
}, {
    "communication": "Ne",
    "agreement": "Ano",
    "real1": "Ano",
    "real2": "Ano",
    "strategy": "Maximalizovat výnos skupiny",
    "time": 26620,
    "timeup": false,
    "done": true,
    "player": "542182376110735",
    "stage": {
        "stage": 5,
        "step": 1,
        "round": 1
    },
    "timestamp": 1619518081408,
    "session": "room000028"
}, {
    "communication": "Ano",
    "agreement": "Ano",
    "real1": "Ano",
    "real2": "Ano",
    "strategy": "Maximalizovat výnos skupiny",
    "time": 34150,
    "timeup": false,
    "done": true,
    "player": "94974144733938",
    "stage": {
        "stage": 5,
        "step": 1,
        "round": 1
    },
    "timestamp": 1619518089211,
    "session": "room000028"
}, {
    "communication": "Ne",
    "agreement": "Ano",
    "real1": "Ano",
    "real2": "Ano",
    "strategy": "Maximalizovat výnos skupiny",
    "time": 46129,
    "timeup": false,
    "done": true,
    "player": "912268857382341",
    "stage": {
        "stage": 5,
        "step": 1,
        "round": 1
    },
    "timestamp": 1619518100908,
    "session": "room000028"
}, {
    "value": "maffi271@seznam.cz",
    "timeBegin": 6422,
    "timeEnd": 17277,
    "isCorrect": true,
    "id": "email",
    "time": 24132,
    "timeup": false,
    "done": true,
    "player": "553583376252226",
    "stage": {
        "stage": 6,
        "step": 1,
        "round": 1
    },
    "timestamp": 1619518125318,
    "session": "room000028"
}, {
    "value": "leni64@centrum.cz",
    "timeBegin": 6801,
    "timeEnd": 23444,
    "isCorrect": true,
    "id": "email",
    "time": 28961,
    "timeup": false,
    "done": true,
    "player": "94974144733938",
    "stage": {
        "stage": 6,
        "step": 1,
        "round": 1
    },
    "timestamp": 1619518130278,
    "session": "room000028"
}, {
    "value": "hani.kuc@seznam.cz",
    "timeBegin": 6895,
    "timeEnd": 23350,
    "isCorrect": true,
    "id": "email",
    "time": 29887,
    "timeup": false,
    "done": true,
    "player": "912268857382341",
    "stage": {
        "stage": 6,
        "step": 1,
        "round": 1
    },
    "timestamp": 1619518131048,
    "session": "room000028"
}, {
    "value": "Jakubkonecny04@gmail.com",
    "timeBegin": 3335,
    "timeEnd": 25755,
    "isCorrect": true,
    "id": "email",
    "time": 49603,
    "timeup": false,
    "done": true,
    "player": "542182376110735",
    "stage": {
        "stage": 6,
        "step": 1,
        "round": 1
    },
    "timestamp": 1619518150771,
    "session": "room000028"
}]