[{
    "time": 180010,
    "timeup": true,
    "done": true,
    "player": "139318106799833",
    "stage": {
        "stage": 1,
        "step": 1,
        "round": 1
    },
    "timestamp": 1619804984115,
    "session": "room000031"
}, {
    "time": 180017,
    "timeup": true,
    "done": true,
    "player": "302986991323034",
    "stage": {
        "stage": 1,
        "step": 1,
        "round": 1
    },
    "timestamp": 1619804984209,
    "session": "room000031"
}, {
    "time": 180014,
    "timeup": true,
    "done": true,
    "player": "680838263805902",
    "stage": {
        "stage": 1,
        "step": 1,
        "round": 1
    },
    "timestamp": 1619804984300,
    "session": "room000031"
}, {
    "time": 181000,
    "timeup": true,
    "done": true,
    "player": "285075225068920",
    "stage": {
        "stage": 1,
        "step": 1,
        "round": 1
    },
    "timestamp": 1619804986254,
    "session": "room000031"
}, {
    "order": [
        0,
        1,
        2,
        3,
        4
    ],
    "forms": {
        "coinsEveryRound": {
            "id": "coinsEveryRound",
            "choice": "0",
            "time": 11862,
            "nClicks": 1,
            "order": [
                1,
                2,
                0,
                3
            ],
            "value": "20",
            "isCorrect": true,
            "attempts": [
                "0",
                "0"
            ]
        },
        "coinsMaxi": {
            "id": "coinsMaxi",
            "choice": "0",
            "time": 26010,
            "nClicks": 1,
            "order": [
                3,
                0,
                2,
                1
            ],
            "value": "40",
            "isCorrect": true,
            "attempts": [
                "0",
                "0"
            ]
        },
        "coinsMini": {
            "id": "coinsMini",
            "choice": "0",
            "time": 43159,
            "nClicks": 1,
            "order": [
                1,
                3,
                2,
                0
            ],
            "value": "10",
            "isCorrect": true,
            "attempts": [
                "0",
                "0"
            ]
        },
        "coinsOthers": {
            "id": "coinsOthers",
            "choice": "0",
            "time": 88161,
            "nClicks": 2,
            "order": [
                2,
                3,
                1,
                0
            ],
            "value": "30",
            "isCorrect": true,
            "attempts": [
                "3",
                "0"
            ]
        },
        "lowestPayment1": {
            "id": "lowestPayment1",
            "choice": "0",
            "time": 69930,
            "nClicks": 1,
            "order": [
                1,
                2,
                3,
                0
            ],
            "value": "15",
            "isCorrect": true,
            "attempts": [
                "0",
                "0"
            ]
        }
    },
    "missValues": [],
    "id": "quiz",
    "isCorrect": true,
    "time": 89489,
    "timeup": false,
    "done": true,
    "player": "139318106799833",
    "stage": {
        "stage": 2,
        "step": 1,
        "round": 1
    },
    "timestamp": 1619805075985,
    "session": "room000031"
}, {
    "order": [
        0,
        1,
        2,
        3,
        4
    ],
    "forms": {
        "coinsEveryRound": {
            "id": "coinsEveryRound",
            "choice": "0",
            "time": 10074,
            "nClicks": 1,
            "order": [
                3,
                2,
                0,
                1
            ],
            "value": "20",
            "isCorrect": true,
            "attempts": [
                "0",
                "0"
            ]
        },
        "coinsMaxi": {
            "id": "coinsMaxi",
            "choice": "0",
            "time": 27619,
            "nClicks": 1,
            "order": [
                0,
                3,
                2,
                1
            ],
            "value": "40",
            "isCorrect": true,
            "attempts": [
                "0",
                "0"
            ]
        },
        "coinsMini": {
            "id": "coinsMini",
            "choice": "0",
            "time": 44662,
            "nClicks": 1,
            "order": [
                0,
                3,
                2,
                1
            ],
            "value": "10",
            "isCorrect": true,
            "attempts": [
                "0",
                "0"
            ]
        },
        "coinsOthers": {
            "id": "coinsOthers",
            "choice": "0",
            "time": 90593,
            "nClicks": 3,
            "order": [
                0,
                3,
                1,
                2
            ],
            "value": "30",
            "isCorrect": true,
            "attempts": [
                "3",
                "0"
            ]
        },
        "lowestPayment1": {
            "id": "lowestPayment1",
            "choice": "0",
            "time": 72835,
            "nClicks": 1,
            "order": [
                3,
                1,
                0,
                2
            ],
            "value": "15",
            "isCorrect": true,
            "attempts": [
                "0",
                "0"
            ]
        }
    },
    "missValues": [],
    "id": "quiz",
    "isCorrect": true,
    "time": 92069,
    "timeup": false,
    "done": true,
    "player": "680838263805902",
    "stage": {
        "stage": 2,
        "step": 1,
        "round": 1
    },
    "timestamp": 1619805078828,
    "session": "room000031"
}, {
    "order": [
        0,
        1,
        2,
        3,
        4
    ],
    "forms": {
        "coinsEveryRound": {
            "id": "coinsEveryRound",
            "choice": "0",
            "time": 9059,
            "nClicks": 1,
            "order": [
                0,
                3,
                1,
                2
            ],
            "value": "20",
            "isCorrect": true,
            "attempts": [
                "0",
                "0",
                "0"
            ]
        },
        "coinsMaxi": {
            "id": "coinsMaxi",
            "choice": "0",
            "time": 28077,
            "nClicks": 1,
            "order": [
                3,
                0,
                1,
                2
            ],
            "value": "40",
            "isCorrect": true,
            "attempts": [
                "0",
                "0",
                "0"
            ]
        },
        "coinsMini": {
            "id": "coinsMini",
            "choice": "0",
            "time": 45353,
            "nClicks": 1,
            "order": [
                3,
                2,
                0,
                1
            ],
            "value": "10",
            "isCorrect": true,
            "attempts": [
                "0",
                "0",
                "0"
            ]
        },
        "coinsOthers": {
            "id": "coinsOthers",
            "choice": "0",
            "time": 94312,
            "nClicks": 4,
            "order": [
                2,
                3,
                1,
                0
            ],
            "value": "30",
            "isCorrect": true,
            "attempts": [
                "3",
                "!?_null",
                "0"
            ]
        },
        "lowestPayment1": {
            "id": "lowestPayment1",
            "choice": "0",
            "time": 70479,
            "nClicks": 1,
            "order": [
                3,
                2,
                0,
                1
            ],
            "value": "15",
            "isCorrect": true,
            "attempts": [
                "0",
                "0",
                "0"
            ]
        }
    },
    "missValues": [],
    "id": "quiz",
    "isCorrect": true,
    "time": 95463,
    "timeup": false,
    "done": true,
    "player": "302986991323034",
    "stage": {
        "stage": 2,
        "step": 1,
        "round": 1
    },
    "timestamp": 1619805082052,
    "session": "room000031"
}, {
    "order": [
        0,
        1,
        2,
        3,
        4
    ],
    "forms": {
        "coinsEveryRound": {
            "id": "coinsEveryRound",
            "choice": "!?_null",
            "time": "!?_null",
            "nClicks": 0,
            "order": [
                0,
                3,
                1,
                2
            ],
            "value": "!?_null",
            "isCorrect": false,
            "attempts": [
                "!?_null"
            ]
        },
        "coinsMaxi": {
            "id": "coinsMaxi",
            "choice": "!?_null",
            "time": "!?_null",
            "nClicks": 0,
            "order": [
                0,
                3,
                2,
                1
            ],
            "value": "!?_null",
            "isCorrect": false,
            "attempts": [
                "!?_null"
            ]
        },
        "coinsMini": {
            "id": "coinsMini",
            "choice": "!?_null",
            "time": "!?_null",
            "nClicks": 0,
            "order": [
                2,
                1,
                0,
                3
            ],
            "value": "!?_null",
            "isCorrect": false,
            "attempts": [
                "!?_null"
            ]
        },
        "coinsOthers": {
            "id": "coinsOthers",
            "choice": "!?_null",
            "time": "!?_null",
            "nClicks": 0,
            "order": [
                2,
                1,
                0,
                3
            ],
            "value": "!?_null",
            "isCorrect": false,
            "attempts": [
                "!?_null"
            ]
        },
        "lowestPayment1": {
            "id": "lowestPayment1",
            "choice": "!?_null",
            "time": "!?_null",
            "nClicks": 0,
            "order": [
                1,
                3,
                0,
                2
            ],
            "value": "!?_null",
            "isCorrect": false,
            "attempts": [
                "!?_null"
            ]
        }
    },
    "missValues": [],
    "id": "quiz",
    "isCorrect": false,
    "_scrolledIntoView": true,
    "time": 180988,
    "timeup": true,
    "done": true,
    "player": "285075225068920",
    "stage": {
        "stage": 2,
        "step": 1,
        "round": 1
    },
    "timestamp": 1619805168260,
    "session": "room000031"
}, {
    "znajiSe": "5",
    "blizkost": "5",
    "kooperujeKam": "7-velmi spolupracuji",
    "kooperujeCiz": "4",
    "time": 35932,
    "timeup": false,
    "done": true,
    "player": "302986991323034",
    "stage": {
        "stage": 3,
        "step": 1,
        "round": 1
    },
    "timestamp": 1619805204503,
    "session": "room000031"
}, {
    "znajiSe": "5",
    "blizkost": "5",
    "kooperujeKam": "7-velmi spolupracuji",
    "kooperujeCiz": "7-velmi spolupracuji",
    "time": 45060,
    "timeup": false,
    "done": true,
    "player": "139318106799833",
    "stage": {
        "stage": 3,
        "step": 1,
        "round": 1
    },
    "timestamp": 1619805213515,
    "session": "room000031"
}, {
    "znajiSe": "5",
    "blizkost": "5",
    "kooperujeKam": "7-velmi spolupracuji",
    "kooperujeCiz": "7-velmi spolupracuji",
    "time": 48559,
    "timeup": false,
    "done": true,
    "player": "680838263805902",
    "stage": {
        "stage": 3,
        "step": 1,
        "round": 1
    },
    "timestamp": 1619805217215,
    "session": "room000031"
}, {
    "znajiSe": "!?_null",
    "blizkost": "!?_null",
    "kooperujeKam": "!?_null",
    "kooperujeCiz": "!?_null",
    "time": 90981,
    "timeup": true,
    "done": true,
    "player": "285075225068920",
    "stage": {
        "stage": 3,
        "step": 1,
        "round": 1
    },
    "timestamp": 1619805260249,
    "session": "room000031"
}, {
    "contribution": 0,
    "time": 7462,
    "timeup": false,
    "done": true,
    "player": "139318106799833",
    "stage": {
        "stage": 4,
        "step": 1,
        "round": 1
    },
    "timestamp": 1619805268173,
    "session": "room000031"
}, {
    "contribution": 20,
    "time": 7580,
    "timeup": false,
    "done": true,
    "player": "680838263805902",
    "stage": {
        "stage": 4,
        "step": 1,
        "round": 1
    },
    "timestamp": 1619805268559,
    "session": "room000031"
}, {
    "contribution": 20,
    "time": 8447,
    "timeup": false,
    "done": true,
    "player": "302986991323034",
    "stage": {
        "stage": 4,
        "step": 1,
        "round": 1
    },
    "timestamp": 1619805269406,
    "session": "room000031"
}, {
    "contribution": 2,
    "time": 61000,
    "timeup": true,
    "done": true,
    "player": "285075225068920",
    "stage": {
        "stage": 4,
        "step": 1,
        "round": 1
    },
    "timestamp": 1619805322263,
    "session": "room000031"
}, {
    "time": 37697,
    "timeup": false,
    "done": true,
    "player": "302986991323034",
    "stage": {
        "stage": 4,
        "step": 2,
        "round": 1
    },
    "timestamp": 1619805360671,
    "session": "room000031"
}, {
    "time": 44191,
    "timeup": false,
    "done": true,
    "player": "139318106799833",
    "stage": {
        "stage": 4,
        "step": 2,
        "round": 1
    },
    "timestamp": 1619805366869,
    "session": "room000031"
}, {
    "time": 45251,
    "timeup": false,
    "done": true,
    "player": "680838263805902",
    "stage": {
        "stage": 4,
        "step": 2,
        "round": 1
    },
    "timestamp": 1619805368342,
    "session": "room000031"
}, {
    "time": 60970,
    "timeup": true,
    "done": true,
    "player": "285075225068920",
    "stage": {
        "stage": 4,
        "step": 2,
        "round": 1
    },
    "timestamp": 1619805384255,
    "session": "room000031"
}, {
    "contribution": 0,
    "time": 9891,
    "timeup": false,
    "done": true,
    "player": "139318106799833",
    "stage": {
        "stage": 4,
        "step": 1,
        "round": 2
    },
    "timestamp": 1619805395229,
    "session": "room000031"
}, {
    "contribution": 20,
    "time": 19572,
    "timeup": false,
    "done": true,
    "player": "680838263805902",
    "stage": {
        "stage": 4,
        "step": 1,
        "round": 2
    },
    "timestamp": 1619805404303,
    "session": "room000031"
}, {
    "contribution": 20,
    "time": 20119,
    "timeup": false,
    "done": true,
    "player": "302986991323034",
    "stage": {
        "stage": 4,
        "step": 1,
        "round": 2
    },
    "timestamp": 1619805404805,
    "session": "room000031"
}, {
    "contribution": 2,
    "time": 30984,
    "timeup": true,
    "done": true,
    "player": "285075225068920",
    "stage": {
        "stage": 4,
        "step": 1,
        "round": 2
    },
    "timestamp": 1619805416247,
    "session": "room000031"
}, {
    "time": 47779,
    "timeup": false,
    "done": true,
    "player": "302986991323034",
    "stage": {
        "stage": 4,
        "step": 2,
        "round": 2
    },
    "timestamp": 1619805464842,
    "session": "room000031"
}, {
    "time": 50028,
    "timeup": true,
    "done": true,
    "player": "139318106799833",
    "stage": {
        "stage": 4,
        "step": 2,
        "round": 2
    },
    "timestamp": 1619805466560,
    "session": "room000031"
}, {
    "time": 49719,
    "timeup": false,
    "done": true,
    "player": "680838263805902",
    "stage": {
        "stage": 4,
        "step": 2,
        "round": 2
    },
    "timestamp": 1619805466570,
    "session": "room000031"
}, {
    "time": 50977,
    "timeup": true,
    "done": true,
    "player": "285075225068920",
    "stage": {
        "stage": 4,
        "step": 2,
        "round": 2
    },
    "timestamp": 1619805468255,
    "session": "room000031"
}, {
    "contribution": 20,
    "time": 4007,
    "timeup": false,
    "done": true,
    "player": "302986991323034",
    "stage": {
        "stage": 4,
        "step": 1,
        "round": 3
    },
    "timestamp": 1619805473149,
    "session": "room000031"
}, {
    "contribution": 20,
    "time": 12547,
    "timeup": false,
    "done": true,
    "player": "680838263805902",
    "stage": {
        "stage": 4,
        "step": 1,
        "round": 3
    },
    "timestamp": 1619805481312,
    "session": "room000031"
}, {
    "contribution": 0,
    "time": 15004,
    "timeup": true,
    "done": true,
    "player": "139318106799833",
    "stage": {
        "stage": 4,
        "step": 1,
        "round": 3
    },
    "timestamp": 1619805483510,
    "session": "room000031"
}, {
    "contribution": 2,
    "time": 15989,
    "timeup": true,
    "done": true,
    "player": "285075225068920",
    "stage": {
        "stage": 4,
        "step": 1,
        "round": 3
    },
    "timestamp": 1619805485255,
    "session": "room000031"
}, {
    "time": 20812,
    "timeup": false,
    "done": true,
    "player": "680838263805902",
    "stage": {
        "stage": 4,
        "step": 2,
        "round": 3
    },
    "timestamp": 1619805506612,
    "session": "room000031"
}, {
    "time": 30001,
    "timeup": true,
    "done": true,
    "player": "302986991323034",
    "stage": {
        "stage": 4,
        "step": 2,
        "round": 3
    },
    "timestamp": 1619805515621,
    "session": "room000031"
}, {
    "time": 30790,
    "timeup": true,
    "done": true,
    "player": "139318106799833",
    "stage": {
        "stage": 4,
        "step": 2,
        "round": 3
    },
    "timestamp": 1619805516330,
    "session": "room000031"
}, {
    "time": 30986,
    "timeup": true,
    "done": true,
    "player": "285075225068920",
    "stage": {
        "stage": 4,
        "step": 2,
        "round": 3
    },
    "timestamp": 1619805517256,
    "session": "room000031"
}, {
    "contribution": 0,
    "time": 7854,
    "timeup": false,
    "done": true,
    "player": "139318106799833",
    "stage": {
        "stage": 4,
        "step": 1,
        "round": 4
    },
    "timestamp": 1619805525525,
    "session": "room000031"
}, {
    "contribution": 20,
    "time": 7126,
    "timeup": false,
    "done": true,
    "player": "302986991323034",
    "stage": {
        "stage": 4,
        "step": 1,
        "round": 4
    },
    "timestamp": 1619805525589,
    "session": "room000031"
}, {
    "contribution": 20,
    "time": 15025,
    "timeup": true,
    "done": true,
    "player": "680838263805902",
    "stage": {
        "stage": 4,
        "step": 1,
        "round": 4
    },
    "timestamp": 1619805532787,
    "session": "room000031"
}, {
    "contribution": 2,
    "time": 15992,
    "timeup": true,
    "done": true,
    "player": "285075225068920",
    "stage": {
        "stage": 4,
        "step": 1,
        "round": 4
    },
    "timestamp": 1619805534257,
    "session": "room000031"
}, {
    "time": 21450,
    "timeup": false,
    "done": true,
    "player": "680838263805902",
    "stage": {
        "stage": 4,
        "step": 2,
        "round": 4
    },
    "timestamp": 1619805556224,
    "session": "room000031"
}, {
    "time": 30012,
    "timeup": true,
    "done": true,
    "player": "139318106799833",
    "stage": {
        "stage": 4,
        "step": 2,
        "round": 4
    },
    "timestamp": 1619805564574,
    "session": "room000031"
}, {
    "time": 30002,
    "timeup": true,
    "done": true,
    "player": "302986991323034",
    "stage": {
        "stage": 4,
        "step": 2,
        "round": 4
    },
    "timestamp": 1619805564967,
    "session": "room000031"
}, {
    "time": 30984,
    "timeup": true,
    "done": true,
    "player": "285075225068920",
    "stage": {
        "stage": 4,
        "step": 2,
        "round": 4
    },
    "timestamp": 1619805566258,
    "session": "room000031"
}, {
    "contribution": 20,
    "time": 6822,
    "timeup": false,
    "done": true,
    "player": "680838263805902",
    "stage": {
        "stage": 4,
        "step": 1,
        "round": 5
    },
    "timestamp": 1619805573534,
    "session": "room000031"
}, {
    "contribution": 20,
    "time": 14281,
    "timeup": false,
    "done": true,
    "player": "302986991323034",
    "stage": {
        "stage": 4,
        "step": 1,
        "round": 5
    },
    "timestamp": 1619805580939,
    "session": "room000031"
}, {
    "contribution": 0,
    "time": 15016,
    "timeup": true,
    "done": true,
    "player": "139318106799833",
    "stage": {
        "stage": 4,
        "step": 1,
        "round": 5
    },
    "timestamp": 1619805581526,
    "session": "room000031"
}, {
    "contribution": 2,
    "time": 15978,
    "timeup": true,
    "done": true,
    "player": "285075225068920",
    "stage": {
        "stage": 4,
        "step": 1,
        "round": 5
    },
    "timestamp": 1619805583241,
    "session": "room000031"
}, {
    "time": 30009,
    "timeup": true,
    "done": true,
    "player": "139318106799833",
    "stage": {
        "stage": 4,
        "step": 2,
        "round": 5
    },
    "timestamp": 1619805613517,
    "session": "room000031"
}, {
    "time": 30001,
    "timeup": true,
    "done": true,
    "player": "302986991323034",
    "stage": {
        "stage": 4,
        "step": 2,
        "round": 5
    },
    "timestamp": 1619805613636,
    "session": "room000031"
}, {
    "time": 30000,
    "timeup": true,
    "done": true,
    "player": "680838263805902",
    "stage": {
        "stage": 4,
        "step": 2,
        "round": 5
    },
    "timestamp": 1619805614004,
    "session": "room000031"
}, {
    "time": 30962,
    "timeup": true,
    "done": true,
    "player": "285075225068920",
    "stage": {
        "stage": 4,
        "step": 2,
        "round": 5
    },
    "timestamp": 1619805615259,
    "session": "room000031"
}, {
    "contribution": 0,
    "time": 2881,
    "timeup": false,
    "done": true,
    "player": "139318106799833",
    "stage": {
        "stage": 4,
        "step": 1,
        "round": 6
    },
    "timestamp": 1619805618390,
    "session": "room000031"
}, {
    "contribution": 20,
    "time": 9595,
    "timeup": false,
    "done": true,
    "player": "680838263805902",
    "stage": {
        "stage": 4,
        "step": 1,
        "round": 6
    },
    "timestamp": 1619805625286,
    "session": "room000031"
}, {
    "contribution": 20,
    "time": 13375,
    "timeup": false,
    "done": true,
    "player": "302986991323034",
    "stage": {
        "stage": 4,
        "step": 1,
        "round": 6
    },
    "timestamp": 1619805629077,
    "session": "room000031"
}, {
    "contribution": 2,
    "time": 15998,
    "timeup": true,
    "done": true,
    "player": "285075225068920",
    "stage": {
        "stage": 4,
        "step": 1,
        "round": 6
    },
    "timestamp": 1619805632262,
    "session": "room000031"
}, {
    "time": 5824,
    "timeup": false,
    "done": true,
    "player": "139318106799833",
    "stage": {
        "stage": 4,
        "step": 2,
        "round": 6
    },
    "timestamp": 1619805638381,
    "session": "room000031"
}, {
    "time": 20349,
    "timeup": false,
    "done": true,
    "player": "680838263805902",
    "stage": {
        "stage": 4,
        "step": 2,
        "round": 6
    },
    "timestamp": 1619805653111,
    "session": "room000031"
}, {
    "time": 30001,
    "timeup": true,
    "done": true,
    "player": "302986991323034",
    "stage": {
        "stage": 4,
        "step": 2,
        "round": 6
    },
    "timestamp": 1619805662689,
    "session": "room000031"
}, {
    "time": 30985,
    "timeup": true,
    "done": true,
    "player": "285075225068920",
    "stage": {
        "stage": 4,
        "step": 2,
        "round": 6
    },
    "timestamp": 1619805664264,
    "session": "room000031"
}, {
    "contribution": 20,
    "time": 6542,
    "timeup": false,
    "done": true,
    "player": "302986991323034",
    "stage": {
        "stage": 4,
        "step": 1,
        "round": 7
    },
    "timestamp": 1619805671362,
    "session": "room000031"
}, {
    "contribution": 0,
    "time": 6056,
    "timeup": false,
    "done": true,
    "player": "139318106799833",
    "stage": {
        "stage": 4,
        "step": 1,
        "round": 7
    },
    "timestamp": 1619805671390,
    "session": "room000031"
}, {
    "contribution": 20,
    "time": 11682,
    "timeup": false,
    "done": true,
    "player": "680838263805902",
    "stage": {
        "stage": 4,
        "step": 1,
        "round": 7
    },
    "timestamp": 1619805676634,
    "session": "room000031"
}, {
    "contribution": 2,
    "time": 15991,
    "timeup": true,
    "done": true,
    "player": "285075225068920",
    "stage": {
        "stage": 4,
        "step": 1,
        "round": 7
    },
    "timestamp": 1619805681259,
    "session": "room000031"
}, {
    "time": 2564,
    "timeup": false,
    "done": true,
    "player": "302986991323034",
    "stage": {
        "stage": 4,
        "step": 2,
        "round": 7
    },
    "timestamp": 1619805684299,
    "session": "room000031"
}, {
    "time": 30000,
    "timeup": true,
    "done": true,
    "player": "680838263805902",
    "stage": {
        "stage": 4,
        "step": 2,
        "round": 7
    },
    "timestamp": 1619805711795,
    "session": "room000031"
}, {
    "time": 30780,
    "timeup": true,
    "done": true,
    "player": "139318106799833",
    "stage": {
        "stage": 4,
        "step": 2,
        "round": 7
    },
    "timestamp": 1619805712324,
    "session": "room000031"
}, {
    "time": 30984,
    "timeup": true,
    "done": true,
    "player": "285075225068920",
    "stage": {
        "stage": 4,
        "step": 2,
        "round": 7
    },
    "timestamp": 1619805713257,
    "session": "room000031"
}, {
    "contribution": 0,
    "time": 3143,
    "timeup": false,
    "done": true,
    "player": "139318106799833",
    "stage": {
        "stage": 4,
        "step": 1,
        "round": 8
    },
    "timestamp": 1619805717470,
    "session": "room000031"
}, {
    "contribution": 20,
    "time": 9857,
    "timeup": false,
    "done": true,
    "player": "680838263805902",
    "stage": {
        "stage": 4,
        "step": 1,
        "round": 8
    },
    "timestamp": 1619805723556,
    "session": "room000031"
}, {
    "contribution": 20,
    "time": 13138,
    "timeup": false,
    "done": true,
    "player": "302986991323034",
    "stage": {
        "stage": 4,
        "step": 1,
        "round": 8
    },
    "timestamp": 1619805726813,
    "session": "room000031"
}, {
    "contribution": 2,
    "time": 15993,
    "timeup": true,
    "done": true,
    "player": "285075225068920",
    "stage": {
        "stage": 4,
        "step": 1,
        "round": 8
    },
    "timestamp": 1619805730264,
    "session": "room000031"
}, {
    "time": 11496,
    "timeup": false,
    "done": true,
    "player": "302986991323034",
    "stage": {
        "stage": 4,
        "step": 2,
        "round": 8
    },
    "timestamp": 1619805742171,
    "session": "room000031"
}, {
    "time": 21944,
    "timeup": false,
    "done": true,
    "player": "680838263805902",
    "stage": {
        "stage": 4,
        "step": 2,
        "round": 8
    },
    "timestamp": 1619805752705,
    "session": "room000031"
}, {
    "time": 30006,
    "timeup": true,
    "done": true,
    "player": "139318106799833",
    "stage": {
        "stage": 4,
        "step": 2,
        "round": 8
    },
    "timestamp": 1619805760536,
    "session": "room000031"
}, {
    "time": 30953,
    "timeup": true,
    "done": true,
    "player": "285075225068920",
    "stage": {
        "stage": 4,
        "step": 2,
        "round": 8
    },
    "timestamp": 1619805762252,
    "session": "room000031"
}, {
    "contribution": 0,
    "time": 3733,
    "timeup": false,
    "done": true,
    "player": "139318106799833",
    "stage": {
        "stage": 4,
        "step": 1,
        "round": 9
    },
    "timestamp": 1619805766233,
    "session": "room000031"
}, {
    "contribution": 20,
    "time": 4652,
    "timeup": false,
    "done": true,
    "player": "302986991323034",
    "stage": {
        "stage": 4,
        "step": 1,
        "round": 9
    },
    "timestamp": 1619805767281,
    "session": "room000031"
}, {
    "contribution": 20,
    "time": 5006,
    "timeup": false,
    "done": true,
    "player": "680838263805902",
    "stage": {
        "stage": 4,
        "step": 1,
        "round": 9
    },
    "timestamp": 1619805767956,
    "session": "room000031"
}, {
    "contribution": 2,
    "time": 15997,
    "timeup": true,
    "done": true,
    "player": "285075225068920",
    "stage": {
        "stage": 4,
        "step": 1,
        "round": 9
    },
    "timestamp": 1619805779261,
    "session": "room000031"
}, {
    "time": 1896,
    "timeup": false,
    "done": true,
    "player": "139318106799833",
    "stage": {
        "stage": 4,
        "step": 2,
        "round": 9
    },
    "timestamp": 1619805781443,
    "session": "room000031"
}, {
    "time": 2279,
    "timeup": false,
    "done": true,
    "player": "680838263805902",
    "stage": {
        "stage": 4,
        "step": 2,
        "round": 9
    },
    "timestamp": 1619805782149,
    "session": "room000031"
}, {
    "time": 30002,
    "timeup": true,
    "done": true,
    "player": "302986991323034",
    "stage": {
        "stage": 4,
        "step": 2,
        "round": 9
    },
    "timestamp": 1619805809726,
    "session": "room000031"
}, {
    "time": 30000,
    "timeup": true,
    "done": true,
    "player": "285075225068920",
    "stage": {
        "stage": 4,
        "step": 2,
        "round": 9
    },
    "timestamp": 1619805810278,
    "session": "room000031"
}, {
    "contribution": 0,
    "time": 3356,
    "timeup": false,
    "done": true,
    "player": "139318106799833",
    "stage": {
        "stage": 4,
        "step": 1,
        "round": 10
    },
    "timestamp": 1619805813886,
    "session": "room000031"
}, {
    "contribution": 20,
    "time": 5055,
    "timeup": false,
    "done": true,
    "player": "680838263805902",
    "stage": {
        "stage": 4,
        "step": 1,
        "round": 10
    },
    "timestamp": 1619805815846,
    "session": "room000031"
}, {
    "contribution": 20,
    "time": 6777,
    "timeup": false,
    "done": true,
    "player": "302986991323034",
    "stage": {
        "stage": 4,
        "step": 1,
        "round": 10
    },
    "timestamp": 1619805817438,
    "session": "room000031"
}, {
    "contribution": 2,
    "time": 16001,
    "timeup": true,
    "done": true,
    "player": "285075225068920",
    "stage": {
        "stage": 4,
        "step": 1,
        "round": 10
    },
    "timestamp": 1619805827266,
    "session": "room000031"
}, {
    "time": 1900,
    "timeup": false,
    "done": true,
    "player": "139318106799833",
    "stage": {
        "stage": 4,
        "step": 2,
        "round": 10
    },
    "timestamp": 1619805829438,
    "session": "room000031"
}, {
    "time": 3180,
    "timeup": false,
    "done": true,
    "player": "302986991323034",
    "stage": {
        "stage": 4,
        "step": 2,
        "round": 10
    },
    "timestamp": 1619805830843,
    "session": "room000031"
}, {
    "time": 3477,
    "timeup": false,
    "done": true,
    "player": "680838263805902",
    "stage": {
        "stage": 4,
        "step": 2,
        "round": 10
    },
    "timestamp": 1619805831265,
    "session": "room000031"
}, {
    "time": 31002,
    "timeup": true,
    "done": true,
    "player": "285075225068920",
    "stage": {
        "stage": 4,
        "step": 2,
        "round": 10
    },
    "timestamp": 1619805859266,
    "session": "room000031"
}, {
    "communication": "Ano",
    "agreement": "Ano",
    "real1": "Ano",
    "real2": "Ano",
    "strategy": "Jiná (prosím, popište níže)",
    "time": 48064,
    "timeup": false,
    "done": true,
    "player": "139318106799833",
    "stage": {
        "stage": 5,
        "step": 1,
        "round": 1
    },
    "timestamp": 1619805907523,
    "session": "room000031"
}, {
    "communication": "Ano",
    "agreement": "Ano",
    "real1": "Ano",
    "real2": "Ano",
    "strategy": "Jiná (prosím, popište níže)",
    "time": 52536,
    "timeup": false,
    "done": true,
    "player": "680838263805902",
    "stage": {
        "stage": 5,
        "step": 1,
        "round": 1
    },
    "timestamp": 1619805912214,
    "session": "room000031"
}, {
    "communication": "Ano",
    "agreement": "Ano",
    "real1": "Ano",
    "real2": "Ano",
    "strategy": "Jiná (prosím, popište níže)",
    "time": 53388,
    "timeup": false,
    "done": true,
    "player": "302986991323034",
    "stage": {
        "stage": 5,
        "step": 1,
        "round": 1
    },
    "timestamp": 1619805912940,
    "session": "room000031"
}, {
    "communication": "!?_null",
    "agreement": "!?_null",
    "real1": "!?_null",
    "real2": "!?_null",
    "strategy": "!?_null",
    "time": 91002,
    "timeup": true,
    "done": true,
    "player": "285075225068920",
    "stage": {
        "stage": 5,
        "step": 1,
        "round": 1
    },
    "timestamp": 1619805951270,
    "session": "room000031"
}, {
    "value": "terkamat@seznam.cz",
    "timeBegin": 5290,
    "timeEnd": 5290,
    "isCorrect": true,
    "id": "email",
    "time": 8880,
    "timeup": false,
    "done": true,
    "player": "302986991323034",
    "stage": {
        "stage": 6,
        "step": 1,
        "round": 1
    },
    "timestamp": 1619805960400,
    "session": "room000031"
}, {
    "value": "vojtim1@seznam.cz",
    "timeBegin": 4231,
    "timeEnd": 7479,
    "isCorrect": true,
    "id": "email",
    "time": 13681,
    "timeup": false,
    "done": true,
    "player": "139318106799833",
    "stage": {
        "stage": 6,
        "step": 1,
        "round": 1
    },
    "timestamp": 1619805965147,
    "session": "room000031"
}, {
    "value": "jaresovaklarka@gmail.com ",
    "timeBegin": 10918,
    "timeEnd": 12662,
    "isCorrect": true,
    "id": "email",
    "time": 16487,
    "timeup": false,
    "done": true,
    "player": "680838263805902",
    "stage": {
        "stage": 6,
        "step": 1,
        "round": 1
    },
    "timestamp": 1619805968151,
    "session": "room000031"
}, {
    "value": "",
    "err": "Cannot be empty",
    "timeBegin": "!?_null",
    "timeEnd": "!?_null",
    "isCorrect": false,
    "id": "email",
    "time": 60998,
    "timeup": true,
    "done": true,
    "player": "285075225068920",
    "stage": {
        "stage": 6,
        "step": 1,
        "round": 1
    },
    "timestamp": 1619806013287,
    "session": "room000031"
}]