[{
    "time": 31915,
    "timeup": false,
    "done": true,
    "player": "480266107468745",
    "stage": {
        "stage": 1,
        "step": 1,
        "round": 1
    },
    "timestamp": 1619357296561,
    "session": "room000019"
}, {
    "time": 67416,
    "timeup": false,
    "done": true,
    "player": "703413516846515",
    "stage": {
        "stage": 1,
        "step": 1,
        "round": 1
    },
    "timestamp": 1619357332114,
    "session": "room000019"
}, {
    "time": 77870,
    "timeup": false,
    "done": true,
    "player": "209355079422654",
    "stage": {
        "stage": 1,
        "step": 1,
        "round": 1
    },
    "timestamp": 1619357342548,
    "session": "room000019"
}, {
    "time": 180020,
    "timeup": true,
    "done": true,
    "player": "898916790845338",
    "stage": {
        "stage": 1,
        "step": 1,
        "round": 1
    },
    "timestamp": 1619357444541,
    "session": "room000019"
}, {
    "order": [
        0,
        1,
        2,
        3,
        4
    ],
    "forms": {
        "coinsEveryRound": {
            "id": "coinsEveryRound",
            "choice": "0",
            "time": 3492,
            "nClicks": 1,
            "order": [
                2,
                0,
                3,
                1
            ],
            "value": "20",
            "isCorrect": true,
            "attempts": [
                "0"
            ]
        },
        "coinsMaxi": {
            "id": "coinsMaxi",
            "choice": "0",
            "time": 5481,
            "nClicks": 1,
            "order": [
                1,
                3,
                0,
                2
            ],
            "value": "40",
            "isCorrect": true,
            "attempts": [
                "0"
            ]
        },
        "coinsMini": {
            "id": "coinsMini",
            "choice": "0",
            "time": 24280,
            "nClicks": 1,
            "order": [
                3,
                2,
                1,
                0
            ],
            "value": "10",
            "isCorrect": true,
            "attempts": [
                "0"
            ]
        },
        "coinsOthers": {
            "id": "coinsOthers",
            "choice": "0",
            "time": 24801,
            "nClicks": 1,
            "order": [
                3,
                2,
                0,
                1
            ],
            "value": "30",
            "isCorrect": true,
            "attempts": [
                "0"
            ]
        },
        "lowestPayment1": {
            "id": "lowestPayment1",
            "choice": "0",
            "time": 10235,
            "nClicks": 1,
            "order": [
                0,
                3,
                1,
                2
            ],
            "value": "15",
            "isCorrect": true,
            "attempts": [
                "0"
            ]
        }
    },
    "missValues": [],
    "id": "quiz",
    "isCorrect": true,
    "time": 59483,
    "timeup": false,
    "done": true,
    "player": "703413516846515",
    "stage": {
        "stage": 2,
        "step": 1,
        "round": 1
    },
    "timestamp": 1619357504221,
    "session": "room000019"
}, {
    "order": [
        0,
        1,
        2,
        3,
        4
    ],
    "forms": {
        "coinsEveryRound": {
            "id": "coinsEveryRound",
            "choice": "0",
            "time": 3473,
            "nClicks": 1,
            "order": [
                0,
                2,
                1,
                3
            ],
            "value": "20",
            "isCorrect": true,
            "attempts": [
                "0",
                "0"
            ]
        },
        "coinsMaxi": {
            "id": "coinsMaxi",
            "choice": "0",
            "time": 33983,
            "nClicks": 3,
            "order": [
                2,
                3,
                1,
                0
            ],
            "value": "40",
            "isCorrect": true,
            "attempts": [
                "2",
                "0"
            ]
        },
        "coinsMini": {
            "id": "coinsMini",
            "choice": "0",
            "time": 60126,
            "nClicks": 3,
            "order": [
                2,
                1,
                0,
                3
            ],
            "value": "10",
            "isCorrect": true,
            "attempts": [
                "2",
                "0"
            ]
        },
        "coinsOthers": {
            "id": "coinsOthers",
            "choice": "0",
            "time": 13398,
            "nClicks": 1,
            "order": [
                2,
                3,
                0,
                1
            ],
            "value": "30",
            "isCorrect": true,
            "attempts": [
                "0",
                "0"
            ]
        },
        "lowestPayment1": {
            "id": "lowestPayment1",
            "choice": "0",
            "time": 6196,
            "nClicks": 1,
            "order": [
                3,
                1,
                2,
                0
            ],
            "value": "15",
            "isCorrect": true,
            "attempts": [
                "0",
                "0"
            ]
        }
    },
    "missValues": [],
    "id": "quiz",
    "isCorrect": true,
    "time": 61704,
    "timeup": false,
    "done": true,
    "player": "480266107468745",
    "stage": {
        "stage": 2,
        "step": 1,
        "round": 1
    },
    "timestamp": 1619357506489,
    "session": "room000019"
}, {
    "order": [
        0,
        1,
        2,
        3,
        4
    ],
    "forms": {
        "coinsEveryRound": {
            "id": "coinsEveryRound",
            "choice": "0",
            "time": 4780,
            "nClicks": 1,
            "order": [
                1,
                2,
                0,
                3
            ],
            "value": "20",
            "isCorrect": true,
            "attempts": [
                "0"
            ]
        },
        "coinsMaxi": {
            "id": "coinsMaxi",
            "choice": "0",
            "time": 8582,
            "nClicks": 1,
            "order": [
                0,
                1,
                2,
                3
            ],
            "value": "40",
            "isCorrect": true,
            "attempts": [
                "0"
            ]
        },
        "coinsMini": {
            "id": "coinsMini",
            "choice": "0",
            "time": 30750,
            "nClicks": 1,
            "order": [
                1,
                0,
                2,
                3
            ],
            "value": "10",
            "isCorrect": true,
            "attempts": [
                "0"
            ]
        },
        "coinsOthers": {
            "id": "coinsOthers",
            "choice": "0",
            "time": 64590,
            "nClicks": 1,
            "order": [
                2,
                3,
                0,
                1
            ],
            "value": "30",
            "isCorrect": true,
            "attempts": [
                "0"
            ]
        },
        "lowestPayment1": {
            "id": "lowestPayment1",
            "choice": "0",
            "time": 65582,
            "nClicks": 1,
            "order": [
                1,
                2,
                0,
                3
            ],
            "value": "15",
            "isCorrect": true,
            "attempts": [
                "0"
            ]
        }
    },
    "missValues": [],
    "id": "quiz",
    "isCorrect": true,
    "time": 67046,
    "timeup": false,
    "done": true,
    "player": "209355079422654",
    "stage": {
        "stage": 2,
        "step": 1,
        "round": 1
    },
    "timestamp": 1619357511791,
    "session": "room000019"
}, {
    "order": [
        0,
        1,
        2,
        3,
        4
    ],
    "forms": {
        "coinsEveryRound": {
            "id": "coinsEveryRound",
            "choice": "0",
            "time": 5587,
            "nClicks": 1,
            "order": [
                2,
                0,
                3,
                1
            ],
            "value": "20",
            "isCorrect": true,
            "attempts": [
                "0"
            ]
        },
        "coinsMaxi": {
            "id": "coinsMaxi",
            "choice": "0",
            "time": 10894,
            "nClicks": 1,
            "order": [
                1,
                3,
                0,
                2
            ],
            "value": "40",
            "isCorrect": true,
            "attempts": [
                "0"
            ]
        },
        "coinsMini": {
            "id": "coinsMini",
            "choice": "0",
            "time": 24310,
            "nClicks": 1,
            "order": [
                3,
                1,
                2,
                0
            ],
            "value": "10",
            "isCorrect": true,
            "attempts": [
                "0"
            ]
        },
        "coinsOthers": {
            "id": "coinsOthers",
            "choice": "0",
            "time": 61166,
            "nClicks": 1,
            "order": [
                1,
                2,
                0,
                3
            ],
            "value": "30",
            "isCorrect": true,
            "attempts": [
                "0"
            ]
        },
        "lowestPayment1": {
            "id": "lowestPayment1",
            "choice": "0",
            "time": 62558,
            "nClicks": 1,
            "order": [
                0,
                2,
                3,
                1
            ],
            "value": "15",
            "isCorrect": true,
            "attempts": [
                "0"
            ]
        }
    },
    "missValues": [],
    "id": "quiz",
    "isCorrect": true,
    "time": 69436,
    "timeup": false,
    "done": true,
    "player": "898916790845338",
    "stage": {
        "stage": 2,
        "step": 1,
        "round": 1
    },
    "timestamp": 1619357514145,
    "session": "room000019"
}, {
    "znajiSe": "5",
    "blizkost": "5",
    "kooperujeKam": "5",
    "kooperujeCiz": "4",
    "time": 8382,
    "timeup": false,
    "done": true,
    "player": "480266107468745",
    "stage": {
        "stage": 3,
        "step": 1,
        "round": 1
    },
    "timestamp": 1619357522773,
    "session": "room000019"
}, {
    "znajiSe": "6",
    "blizkost": "5",
    "kooperujeKam": "7-velmi spolupracuji",
    "kooperujeCiz": "7-velmi spolupracuji",
    "time": 11139,
    "timeup": false,
    "done": true,
    "player": "703413516846515",
    "stage": {
        "stage": 3,
        "step": 1,
        "round": 1
    },
    "timestamp": 1619357525498,
    "session": "room000019"
}, {
    "znajiSe": "7-velmi dobře",
    "blizkost": "6",
    "kooperujeKam": "7-velmi spolupracuji",
    "kooperujeCiz": "7-velmi spolupracuji",
    "time": 18297,
    "timeup": false,
    "done": true,
    "player": "209355079422654",
    "stage": {
        "stage": 3,
        "step": 1,
        "round": 1
    },
    "timestamp": 1619357532632,
    "session": "room000019"
}, {
    "znajiSe": "5",
    "blizkost": "6",
    "kooperujeKam": "6",
    "kooperujeCiz": "5",
    "time": 25324,
    "timeup": false,
    "done": true,
    "player": "898916790845338",
    "stage": {
        "stage": 3,
        "step": 1,
        "round": 1
    },
    "timestamp": 1619357539639,
    "session": "room000019"
}, {
    "contribution": 10,
    "time": 7388,
    "timeup": false,
    "done": true,
    "player": "703413516846515",
    "stage": {
        "stage": 4,
        "step": 1,
        "round": 1
    },
    "timestamp": 1619357548300,
    "session": "room000019"
}, {
    "contribution": 5,
    "time": 9311,
    "timeup": false,
    "done": true,
    "player": "480266107468745",
    "stage": {
        "stage": 4,
        "step": 1,
        "round": 1
    },
    "timestamp": 1619357549315,
    "session": "room000019"
}, {
    "contribution": 15,
    "time": 15365,
    "timeup": false,
    "done": true,
    "player": "209355079422654",
    "stage": {
        "stage": 4,
        "step": 1,
        "round": 1
    },
    "timestamp": 1619357555365,
    "session": "room000019"
}, {
    "contribution": 19,
    "time": 38863,
    "timeup": false,
    "done": true,
    "player": "898916790845338",
    "stage": {
        "stage": 4,
        "step": 1,
        "round": 1
    },
    "timestamp": 1619357578768,
    "session": "room000019"
}, {
    "time": 7954,
    "timeup": false,
    "done": true,
    "player": "209355079422654",
    "stage": {
        "stage": 4,
        "step": 2,
        "round": 1
    },
    "timestamp": 1619357587055,
    "session": "room000019"
}, {
    "time": 11365,
    "timeup": false,
    "done": true,
    "player": "898916790845338",
    "stage": {
        "stage": 4,
        "step": 2,
        "round": 1
    },
    "timestamp": 1619357590378,
    "session": "room000019"
}, {
    "time": 16484,
    "timeup": false,
    "done": true,
    "player": "703413516846515",
    "stage": {
        "stage": 4,
        "step": 2,
        "round": 1
    },
    "timestamp": 1619357595624,
    "session": "room000019"
}, {
    "time": 18844,
    "timeup": false,
    "done": true,
    "player": "480266107468745",
    "stage": {
        "stage": 4,
        "step": 2,
        "round": 1
    },
    "timestamp": 1619357597941,
    "session": "room000019"
}, {
    "contribution": 10,
    "time": 10919,
    "timeup": false,
    "done": true,
    "player": "480266107468745",
    "stage": {
        "stage": 4,
        "step": 1,
        "round": 2
    },
    "timestamp": 1619357609170,
    "session": "room000019"
}, {
    "contribution": 15,
    "time": 12558,
    "timeup": false,
    "done": true,
    "player": "703413516846515",
    "stage": {
        "stage": 4,
        "step": 1,
        "round": 2
    },
    "timestamp": 1619357610819,
    "session": "room000019"
}, {
    "contribution": 18,
    "time": 23681,
    "timeup": false,
    "done": true,
    "player": "209355079422654",
    "stage": {
        "stage": 4,
        "step": 1,
        "round": 2
    },
    "timestamp": 1619357621951,
    "session": "room000019"
}, {
    "contribution": 16,
    "time": 26850,
    "timeup": false,
    "done": true,
    "player": "898916790845338",
    "stage": {
        "stage": 4,
        "step": 1,
        "round": 2
    },
    "timestamp": 1619357625026,
    "session": "room000019"
}, {
    "time": 2906,
    "timeup": false,
    "done": true,
    "player": "703413516846515",
    "stage": {
        "stage": 4,
        "step": 2,
        "round": 2
    },
    "timestamp": 1619357628326,
    "session": "room000019"
}, {
    "time": 3281,
    "timeup": false,
    "done": true,
    "player": "209355079422654",
    "stage": {
        "stage": 4,
        "step": 2,
        "round": 2
    },
    "timestamp": 1619357628680,
    "session": "room000019"
}, {
    "time": 8390,
    "timeup": false,
    "done": true,
    "player": "898916790845338",
    "stage": {
        "stage": 4,
        "step": 2,
        "round": 2
    },
    "timestamp": 1619357633753,
    "session": "room000019"
}, {
    "time": 14563,
    "timeup": false,
    "done": true,
    "player": "480266107468745",
    "stage": {
        "stage": 4,
        "step": 2,
        "round": 2
    },
    "timestamp": 1619357639982,
    "session": "room000019"
}, {
    "contribution": 5,
    "time": 6027,
    "timeup": false,
    "done": true,
    "player": "209355079422654",
    "stage": {
        "stage": 4,
        "step": 1,
        "round": 3
    },
    "timestamp": 1619357646335,
    "session": "room000019"
}, {
    "contribution": 2,
    "time": 7569,
    "timeup": false,
    "done": true,
    "player": "703413516846515",
    "stage": {
        "stage": 4,
        "step": 1,
        "round": 3
    },
    "timestamp": 1619357647902,
    "session": "room000019"
}, {
    "contribution": 15,
    "time": 12059,
    "timeup": false,
    "done": true,
    "player": "898916790845338",
    "stage": {
        "stage": 4,
        "step": 1,
        "round": 3
    },
    "timestamp": 1619357652266,
    "session": "room000019"
}, {
    "contribution": 16,
    "time": 13409,
    "timeup": false,
    "done": true,
    "player": "480266107468745",
    "stage": {
        "stage": 4,
        "step": 1,
        "round": 3
    },
    "timestamp": 1619357653715,
    "session": "room000019"
}, {
    "time": 4558,
    "timeup": false,
    "done": true,
    "player": "703413516846515",
    "stage": {
        "stage": 4,
        "step": 2,
        "round": 3
    },
    "timestamp": 1619357658669,
    "session": "room000019"
}, {
    "time": 9098,
    "timeup": false,
    "done": true,
    "player": "209355079422654",
    "stage": {
        "stage": 4,
        "step": 2,
        "round": 3
    },
    "timestamp": 1619357663153,
    "session": "room000019"
}, {
    "time": 9701,
    "timeup": false,
    "done": true,
    "player": "898916790845338",
    "stage": {
        "stage": 4,
        "step": 2,
        "round": 3
    },
    "timestamp": 1619357663665,
    "session": "room000019"
}, {
    "time": 15257,
    "timeup": false,
    "done": true,
    "player": "480266107468745",
    "stage": {
        "stage": 4,
        "step": 2,
        "round": 3
    },
    "timestamp": 1619357669271,
    "session": "room000019"
}, {
    "contribution": 20,
    "time": 3854,
    "timeup": false,
    "done": true,
    "player": "703413516846515",
    "stage": {
        "stage": 4,
        "step": 1,
        "round": 4
    },
    "timestamp": 1619357673486,
    "session": "room000019"
}, {
    "contribution": 20,
    "time": 4959,
    "timeup": false,
    "done": true,
    "player": "209355079422654",
    "stage": {
        "stage": 4,
        "step": 1,
        "round": 4
    },
    "timestamp": 1619357674559,
    "session": "room000019"
}, {
    "contribution": 20,
    "time": 10076,
    "timeup": false,
    "done": true,
    "player": "898916790845338",
    "stage": {
        "stage": 4,
        "step": 1,
        "round": 4
    },
    "timestamp": 1619357679593,
    "session": "room000019"
}, {
    "contribution": 16,
    "time": 15006,
    "timeup": true,
    "done": true,
    "player": "480266107468745",
    "stage": {
        "stage": 4,
        "step": 1,
        "round": 4
    },
    "timestamp": 1619357684600,
    "session": "room000019"
}, {
    "time": 6332,
    "timeup": false,
    "done": true,
    "player": "898916790845338",
    "stage": {
        "stage": 4,
        "step": 2,
        "round": 4
    },
    "timestamp": 1619357691168,
    "session": "room000019"
}, {
    "time": 12204,
    "timeup": false,
    "done": true,
    "player": "480266107468745",
    "stage": {
        "stage": 4,
        "step": 2,
        "round": 4
    },
    "timestamp": 1619357697112,
    "session": "room000019"
}, {
    "time": 15416,
    "timeup": false,
    "done": true,
    "player": "209355079422654",
    "stage": {
        "stage": 4,
        "step": 2,
        "round": 4
    },
    "timestamp": 1619357700343,
    "session": "room000019"
}, {
    "time": 15702,
    "timeup": false,
    "done": true,
    "player": "703413516846515",
    "stage": {
        "stage": 4,
        "step": 2,
        "round": 4
    },
    "timestamp": 1619357700607,
    "session": "room000019"
}, {
    "contribution": 20,
    "time": 2859,
    "timeup": false,
    "done": true,
    "player": "703413516846515",
    "stage": {
        "stage": 4,
        "step": 1,
        "round": 5
    },
    "timestamp": 1619357703749,
    "session": "room000019"
}, {
    "contribution": 20,
    "time": 5250,
    "timeup": false,
    "done": true,
    "player": "209355079422654",
    "stage": {
        "stage": 4,
        "step": 1,
        "round": 5
    },
    "timestamp": 1619357706135,
    "session": "room000019"
}, {
    "contribution": 20,
    "time": 7648,
    "timeup": false,
    "done": true,
    "player": "480266107468745",
    "stage": {
        "stage": 4,
        "step": 1,
        "round": 5
    },
    "timestamp": 1619357708578,
    "session": "room000019"
}, {
    "contribution": 15,
    "time": 9643,
    "timeup": false,
    "done": true,
    "player": "898916790845338",
    "stage": {
        "stage": 4,
        "step": 1,
        "round": 5
    },
    "timestamp": 1619357710472,
    "session": "room000019"
}, {
    "time": 4232,
    "timeup": false,
    "done": true,
    "player": "209355079422654",
    "stage": {
        "stage": 4,
        "step": 2,
        "round": 5
    },
    "timestamp": 1619357715023,
    "session": "room000019"
}, {
    "time": 5407,
    "timeup": false,
    "done": true,
    "player": "898916790845338",
    "stage": {
        "stage": 4,
        "step": 2,
        "round": 5
    },
    "timestamp": 1619357716128,
    "session": "room000019"
}, {
    "time": 5908,
    "timeup": false,
    "done": true,
    "player": "703413516846515",
    "stage": {
        "stage": 4,
        "step": 2,
        "round": 5
    },
    "timestamp": 1619357716702,
    "session": "room000019"
}, {
    "time": 12539,
    "timeup": false,
    "done": true,
    "player": "480266107468745",
    "stage": {
        "stage": 4,
        "step": 2,
        "round": 5
    },
    "timestamp": 1619357723368,
    "session": "room000019"
}, {
    "contribution": 10,
    "time": 4154,
    "timeup": false,
    "done": true,
    "player": "703413516846515",
    "stage": {
        "stage": 4,
        "step": 1,
        "round": 6
    },
    "timestamp": 1619357727788,
    "session": "room000019"
}, {
    "contribution": 20,
    "time": 5129,
    "timeup": false,
    "done": true,
    "player": "209355079422654",
    "stage": {
        "stage": 4,
        "step": 1,
        "round": 6
    },
    "timestamp": 1619357728806,
    "session": "room000019"
}, {
    "contribution": 16,
    "time": 8080,
    "timeup": false,
    "done": true,
    "player": "898916790845338",
    "stage": {
        "stage": 4,
        "step": 1,
        "round": 6
    },
    "timestamp": 1619357731664,
    "session": "room000019"
}, {
    "contribution": 5,
    "time": 8505,
    "timeup": false,
    "done": true,
    "player": "480266107468745",
    "stage": {
        "stage": 4,
        "step": 1,
        "round": 6
    },
    "timestamp": 1619357732190,
    "session": "room000019"
}, {
    "time": 2956,
    "timeup": false,
    "done": true,
    "player": "703413516846515",
    "stage": {
        "stage": 4,
        "step": 2,
        "round": 6
    },
    "timestamp": 1619357735505,
    "session": "room000019"
}, {
    "time": 6210,
    "timeup": false,
    "done": true,
    "player": "898916790845338",
    "stage": {
        "stage": 4,
        "step": 2,
        "round": 6
    },
    "timestamp": 1619357738656,
    "session": "room000019"
}, {
    "time": 10809,
    "timeup": false,
    "done": true,
    "player": "209355079422654",
    "stage": {
        "stage": 4,
        "step": 2,
        "round": 6
    },
    "timestamp": 1619357743359,
    "session": "room000019"
}, {
    "time": 11992,
    "timeup": false,
    "done": true,
    "player": "480266107468745",
    "stage": {
        "stage": 4,
        "step": 2,
        "round": 6
    },
    "timestamp": 1619357744546,
    "session": "room000019"
}, {
    "contribution": 20,
    "time": 3389,
    "timeup": false,
    "done": true,
    "player": "703413516846515",
    "stage": {
        "stage": 4,
        "step": 1,
        "round": 7
    },
    "timestamp": 1619357748259,
    "session": "room000019"
}, {
    "contribution": 20,
    "time": 3478,
    "timeup": false,
    "done": true,
    "player": "480266107468745",
    "stage": {
        "stage": 4,
        "step": 1,
        "round": 7
    },
    "timestamp": 1619357748332,
    "session": "room000019"
}, {
    "contribution": 15,
    "time": 3941,
    "timeup": false,
    "done": true,
    "player": "209355079422654",
    "stage": {
        "stage": 4,
        "step": 1,
        "round": 7
    },
    "timestamp": 1619357748783,
    "session": "room000019"
}, {
    "contribution": 8,
    "time": 13820,
    "timeup": false,
    "done": true,
    "player": "898916790845338",
    "stage": {
        "stage": 4,
        "step": 1,
        "round": 7
    },
    "timestamp": 1619357758601,
    "session": "room000019"
}, {
    "time": 2969,
    "timeup": false,
    "done": true,
    "player": "898916790845338",
    "stage": {
        "stage": 4,
        "step": 2,
        "round": 7
    },
    "timestamp": 1619357761832,
    "session": "room000019"
}, {
    "time": 5844,
    "timeup": false,
    "done": true,
    "player": "209355079422654",
    "stage": {
        "stage": 4,
        "step": 2,
        "round": 7
    },
    "timestamp": 1619357764807,
    "session": "room000019"
}, {
    "time": 8555,
    "timeup": false,
    "done": true,
    "player": "703413516846515",
    "stage": {
        "stage": 4,
        "step": 2,
        "round": 7
    },
    "timestamp": 1619357767473,
    "session": "room000019"
}, {
    "time": 17801,
    "timeup": false,
    "done": true,
    "player": "480266107468745",
    "stage": {
        "stage": 4,
        "step": 2,
        "round": 7
    },
    "timestamp": 1619357776752,
    "session": "room000019"
}, {
    "contribution": 1,
    "time": 3029,
    "timeup": false,
    "done": true,
    "player": "703413516846515",
    "stage": {
        "stage": 4,
        "step": 1,
        "round": 8
    },
    "timestamp": 1619357780076,
    "session": "room000019"
}, {
    "contribution": 15,
    "time": 6771,
    "timeup": false,
    "done": true,
    "player": "480266107468745",
    "stage": {
        "stage": 4,
        "step": 1,
        "round": 8
    },
    "timestamp": 1619357783819,
    "session": "room000019"
}, {
    "contribution": 11,
    "time": 8517,
    "timeup": false,
    "done": true,
    "player": "898916790845338",
    "stage": {
        "stage": 4,
        "step": 1,
        "round": 8
    },
    "timestamp": 1619357785503,
    "session": "room000019"
}, {
    "contribution": 20,
    "time": 11538,
    "timeup": false,
    "done": true,
    "player": "209355079422654",
    "stage": {
        "stage": 4,
        "step": 1,
        "round": 8
    },
    "timestamp": 1619357788583,
    "session": "room000019"
}, {
    "time": 2701,
    "timeup": false,
    "done": true,
    "player": "703413516846515",
    "stage": {
        "stage": 4,
        "step": 2,
        "round": 8
    },
    "timestamp": 1619357791645,
    "session": "room000019"
}, {
    "time": 5420,
    "timeup": false,
    "done": true,
    "player": "898916790845338",
    "stage": {
        "stage": 4,
        "step": 2,
        "round": 8
    },
    "timestamp": 1619357794272,
    "session": "room000019"
}, {
    "time": 12080,
    "timeup": false,
    "done": true,
    "player": "480266107468745",
    "stage": {
        "stage": 4,
        "step": 2,
        "round": 8
    },
    "timestamp": 1619357801006,
    "session": "room000019"
}, {
    "time": 17653,
    "timeup": false,
    "done": true,
    "player": "209355079422654",
    "stage": {
        "stage": 4,
        "step": 2,
        "round": 8
    },
    "timestamp": 1619357806569,
    "session": "room000019"
}, {
    "contribution": 20,
    "time": 3010,
    "timeup": false,
    "done": true,
    "player": "703413516846515",
    "stage": {
        "stage": 4,
        "step": 1,
        "round": 9
    },
    "timestamp": 1619357809886,
    "session": "room000019"
}, {
    "contribution": 20,
    "time": 3355,
    "timeup": false,
    "done": true,
    "player": "898916790845338",
    "stage": {
        "stage": 4,
        "step": 1,
        "round": 9
    },
    "timestamp": 1619357810143,
    "session": "room000019"
}, {
    "contribution": 0,
    "time": 3602,
    "timeup": false,
    "done": true,
    "player": "209355079422654",
    "stage": {
        "stage": 4,
        "step": 1,
        "round": 9
    },
    "timestamp": 1619357810440,
    "session": "room000019"
}, {
    "contribution": 20,
    "time": 4861,
    "timeup": false,
    "done": true,
    "player": "480266107468745",
    "stage": {
        "stage": 4,
        "step": 1,
        "round": 9
    },
    "timestamp": 1619357811754,
    "session": "room000019"
}, {
    "time": 7525,
    "timeup": false,
    "done": true,
    "player": "898916790845338",
    "stage": {
        "stage": 4,
        "step": 2,
        "round": 9
    },
    "timestamp": 1619357819543,
    "session": "room000019"
}, {
    "time": 7825,
    "timeup": false,
    "done": true,
    "player": "209355079422654",
    "stage": {
        "stage": 4,
        "step": 2,
        "round": 9
    },
    "timestamp": 1619357819903,
    "session": "room000019"
}, {
    "time": 9985,
    "timeup": false,
    "done": true,
    "player": "703413516846515",
    "stage": {
        "stage": 4,
        "step": 2,
        "round": 9
    },
    "timestamp": 1619357822085,
    "session": "room000019"
}, {
    "time": 10768,
    "timeup": false,
    "done": true,
    "player": "480266107468745",
    "stage": {
        "stage": 4,
        "step": 2,
        "round": 9
    },
    "timestamp": 1619357822855,
    "session": "room000019"
}, {
    "contribution": 0,
    "time": 2876,
    "timeup": false,
    "done": true,
    "player": "703413516846515",
    "stage": {
        "stage": 4,
        "step": 1,
        "round": 10
    },
    "timestamp": 1619357826014,
    "session": "room000019"
}, {
    "contribution": 0,
    "time": 3105,
    "timeup": false,
    "done": true,
    "player": "480266107468745",
    "stage": {
        "stage": 4,
        "step": 1,
        "round": 10
    },
    "timestamp": 1619357826270,
    "session": "room000019"
}, {
    "contribution": 1,
    "time": 5894,
    "timeup": false,
    "done": true,
    "player": "898916790845338",
    "stage": {
        "stage": 4,
        "step": 1,
        "round": 10
    },
    "timestamp": 1619357828975,
    "session": "room000019"
}, {
    "contribution": 20,
    "time": 6294,
    "timeup": false,
    "done": true,
    "player": "209355079422654",
    "stage": {
        "stage": 4,
        "step": 1,
        "round": 10
    },
    "timestamp": 1619357829458,
    "session": "room000019"
}, {
    "time": 2342,
    "timeup": false,
    "done": true,
    "player": "703413516846515",
    "stage": {
        "stage": 4,
        "step": 2,
        "round": 10
    },
    "timestamp": 1619357832134,
    "session": "room000019"
}, {
    "time": 5725,
    "timeup": false,
    "done": true,
    "player": "898916790845338",
    "stage": {
        "stage": 4,
        "step": 2,
        "round": 10
    },
    "timestamp": 1619357835414,
    "session": "room000019"
}, {
    "time": 9087,
    "timeup": false,
    "done": true,
    "player": "480266107468745",
    "stage": {
        "stage": 4,
        "step": 2,
        "round": 10
    },
    "timestamp": 1619357838876,
    "session": "room000019"
}, {
    "time": 20372,
    "timeup": false,
    "done": true,
    "player": "209355079422654",
    "stage": {
        "stage": 4,
        "step": 2,
        "round": 10
    },
    "timestamp": 1619357850129,
    "session": "room000019"
}, {
    "communication": "Ano",
    "agreement": "Ano",
    "real1": "Napůl",
    "real2": "Ne",
    "strategy": "Minimilizovat rozdíly mezi mým výnosem a výnosem spoluhráčů",
    "time": 90009,
    "timeup": true,
    "done": true,
    "player": "898916790845338",
    "stage": {
        "stage": 5,
        "step": 1,
        "round": 1
    },
    "timestamp": 1619357940309,
    "session": "room000019"
}, {
    "communication": "Ano",
    "agreement": "Ne",
    "real1": "Ano",
    "real2": "!?_null",
    "strategy": "!?_null",
    "time": 90019,
    "timeup": true,
    "done": true,
    "player": "209355079422654",
    "stage": {
        "stage": 5,
        "step": 1,
        "round": 1
    },
    "timestamp": 1619357940356,
    "session": "room000019"
}, {
    "communication": "Ano",
    "agreement": "Nechci uvést",
    "real1": "Ano",
    "real2": "Napůl",
    "strategy": "!?_null",
    "time": 90006,
    "timeup": true,
    "done": true,
    "player": "703413516846515",
    "stage": {
        "stage": 5,
        "step": 1,
        "round": 1
    },
    "timestamp": 1619357940362,
    "session": "room000019"
}, {
    "communication": "Ano",
    "agreement": "Ano",
    "real1": "Napůl",
    "real2": "Ne",
    "strategy": "Maximalizovat výnos skupiny",
    "time": 90006,
    "timeup": true,
    "done": true,
    "player": "480266107468745",
    "stage": {
        "stage": 5,
        "step": 1,
        "round": 1
    },
    "timestamp": 1619357940413,
    "session": "room000019"
}, {
    "value": "kubik.kuc@seznam.cz",
    "timeBegin": 7228,
    "timeEnd": 13995,
    "isCorrect": true,
    "id": "email",
    "time": 16442,
    "timeup": false,
    "done": true,
    "player": "209355079422654",
    "stage": {
        "stage": 6,
        "step": 1,
        "round": 1
    },
    "timestamp": 1619357957024,
    "session": "room000019"
}, {
    "value": "danda.stefl@gmail.com",
    "timeBegin": 7003,
    "timeEnd": 13189,
    "isCorrect": true,
    "id": "email",
    "time": 17885,
    "timeup": false,
    "done": true,
    "player": "480266107468745",
    "stage": {
        "stage": 6,
        "step": 1,
        "round": 1
    },
    "timestamp": 1619357958537,
    "session": "room000019"
}, {
    "value": "eva.tollinger@seznam.cz",
    "timeBegin": 6546,
    "timeEnd": 21705,
    "isCorrect": true,
    "id": "email",
    "time": 22951,
    "timeup": false,
    "done": true,
    "player": "703413516846515",
    "stage": {
        "stage": 6,
        "step": 1,
        "round": 1
    },
    "timestamp": 1619357963553,
    "session": "room000019"
}, {
    "value": "kucis198@gmail.com",
    "timeBegin": 6031,
    "timeEnd": 12478,
    "isCorrect": true,
    "id": "email",
    "time": 23646,
    "timeup": false,
    "done": true,
    "player": "898916790845338",
    "stage": {
        "stage": 6,
        "step": 1,
        "round": 1
    },
    "timestamp": 1619357964213,
    "session": "room000019"
}]