"session","player","time","znajiSe","blizkost","kooperujeKam","kooperujeCiz"
"room000002","495297930056318",5661,"7-velmi dobře","7-velmi blízký","7-velmi spolupracuji","7-velmi spolupracuji"
"room000002","594255927295692",10784,"7-velmi dobře","7-velmi blízký","7-velmi spolupracuji","7-velmi spolupracuji"
"room000002","450032154582707",15814,"7-velmi dobře","7-velmi blízký","7-velmi spolupracuji","7-velmi spolupracuji"
"room000002","689717086886781",20569,"7-velmi dobře","7-velmi blízký","7-velmi spolupracuji","7-velmi spolupracuji"
