[{
    "time": 2122,
    "timeup": false,
    "done": true,
    "player": "491886869676043",
    "stage": {
        "stage": 1,
        "step": 1,
        "round": 1
    },
    "timestamp": 1619384070895,
    "session": "room000026"
}, {
    "time": 2576,
    "timeup": false,
    "done": true,
    "player": "77235698224953",
    "stage": {
        "stage": 1,
        "step": 1,
        "round": 1
    },
    "timestamp": 1619384071750,
    "session": "room000026"
}, {
    "time": 3008,
    "timeup": false,
    "done": true,
    "player": "783601842537389",
    "stage": {
        "stage": 1,
        "step": 1,
        "round": 1
    },
    "timestamp": 1619384072108,
    "session": "room000026"
}, {
    "time": 2574,
    "timeup": false,
    "done": true,
    "player": "847510429093468",
    "stage": {
        "stage": 1,
        "step": 1,
        "round": 1
    },
    "timestamp": 1619384072514,
    "session": "room000026"
}, {
    "order": [
        0,
        1,
        2,
        3,
        4
    ],
    "forms": {
        "coinsEveryRound": {
            "id": "coinsEveryRound",
            "choice": "0",
            "time": 49609,
            "nClicks": 2,
            "order": [
                2,
                1,
                3,
                0
            ],
            "value": "20",
            "isCorrect": true,
            "attempts": [
                "0",
                "0",
                "0",
                "0",
                "0",
                "0"
            ]
        },
        "coinsMaxi": {
            "id": "coinsMaxi",
            "choice": "0",
            "time": 78717,
            "nClicks": 4,
            "order": [
                3,
                2,
                0,
                1
            ],
            "value": "40",
            "isCorrect": true,
            "attempts": [
                "1",
                "2",
                "0",
                "0",
                "0",
                "0"
            ]
        },
        "coinsMini": {
            "id": "coinsMini",
            "choice": "0",
            "time": 74944,
            "nClicks": 3,
            "order": [
                3,
                0,
                2,
                1
            ],
            "value": "10",
            "isCorrect": true,
            "attempts": [
                "1",
                "0",
                "0",
                "0",
                "0",
                "0"
            ]
        },
        "coinsOthers": {
            "id": "coinsOthers",
            "choice": "0",
            "time": 81165,
            "nClicks": 4,
            "order": [
                3,
                2,
                0,
                1
            ],
            "value": "30",
            "isCorrect": true,
            "attempts": [
                "1",
                "2",
                "2",
                "0",
                "0",
                "0"
            ]
        },
        "lowestPayment1": {
            "id": "lowestPayment1",
            "choice": "0",
            "time": 86616,
            "nClicks": 5,
            "order": [
                2,
                3,
                1,
                0
            ],
            "value": "15",
            "isCorrect": true,
            "attempts": [
                "2",
                "3",
                "3",
                "3",
                "1",
                "0"
            ]
        }
    },
    "missValues": [],
    "id": "quiz",
    "isCorrect": true,
    "time": 87980,
    "timeup": false,
    "done": true,
    "player": "491886869676043",
    "stage": {
        "stage": 2,
        "step": 1,
        "round": 1
    },
    "timestamp": 1619384160851,
    "session": "room000026"
}, {
    "order": [
        0,
        1,
        2,
        3,
        4
    ],
    "forms": {
        "coinsEveryRound": {
            "id": "coinsEveryRound",
            "choice": "0",
            "time": 125126,
            "nClicks": 2,
            "order": [
                1,
                0,
                3,
                2
            ],
            "value": "20",
            "isCorrect": true,
            "attempts": [
                "1",
                "0",
                "0"
            ]
        },
        "coinsMaxi": {
            "id": "coinsMaxi",
            "choice": "0",
            "time": 114024,
            "nClicks": 2,
            "order": [
                1,
                2,
                3,
                0
            ],
            "value": "40",
            "isCorrect": true,
            "attempts": [
                "0",
                "0",
                "0"
            ]
        },
        "coinsMini": {
            "id": "coinsMini",
            "choice": "0",
            "time": 130642,
            "nClicks": 3,
            "order": [
                3,
                1,
                2,
                0
            ],
            "value": "10",
            "isCorrect": true,
            "attempts": [
                "2",
                "0",
                "0"
            ]
        },
        "coinsOthers": {
            "id": "coinsOthers",
            "choice": "0",
            "time": 151611,
            "nClicks": 3,
            "order": [
                3,
                0,
                1,
                2
            ],
            "value": "30",
            "isCorrect": true,
            "attempts": [
                "1",
                "3",
                "0"
            ]
        },
        "lowestPayment1": {
            "id": "lowestPayment1",
            "choice": "0",
            "time": 152476,
            "nClicks": 3,
            "order": [
                0,
                2,
                1,
                3
            ],
            "value": "15",
            "isCorrect": true,
            "attempts": [
                "2",
                "1",
                "0"
            ]
        }
    },
    "missValues": [],
    "id": "quiz",
    "isCorrect": true,
    "time": 153778,
    "timeup": false,
    "done": true,
    "player": "783601842537389",
    "stage": {
        "stage": 2,
        "step": 1,
        "round": 1
    },
    "timestamp": 1619384226741,
    "session": "room000026"
}, {
    "order": [
        0,
        1,
        2,
        3,
        4
    ],
    "forms": {
        "coinsEveryRound": {
            "id": "coinsEveryRound",
            "choice": "0",
            "time": 126106,
            "nClicks": 2,
            "order": [
                3,
                0,
                2,
                1
            ],
            "value": "20",
            "isCorrect": true,
            "attempts": [
                "0",
                "0",
                "0",
                "0",
                "0"
            ]
        },
        "coinsMaxi": {
            "id": "coinsMaxi",
            "choice": "0",
            "time": 56806,
            "nClicks": 1,
            "order": [
                3,
                1,
                2,
                0
            ],
            "value": "40",
            "isCorrect": true,
            "attempts": [
                "0",
                "0",
                "0",
                "0",
                "0"
            ]
        },
        "coinsMini": {
            "id": "coinsMini",
            "choice": "0",
            "time": 148216,
            "nClicks": 2,
            "order": [
                1,
                3,
                0,
                2
            ],
            "value": "10",
            "isCorrect": true,
            "attempts": [
                "2",
                "0",
                "0",
                "0",
                "0"
            ]
        },
        "coinsOthers": {
            "id": "coinsOthers",
            "choice": "1",
            "time": 169237,
            "nClicks": 3,
            "order": [
                2,
                0,
                3,
                1
            ],
            "value": "20",
            "isCorrect": false,
            "attempts": [
                "2",
                "3",
                "3",
                "1",
                "1"
            ]
        },
        "lowestPayment1": {
            "id": "lowestPayment1",
            "choice": "3",
            "time": 174501,
            "nClicks": 3,
            "order": [
                0,
                1,
                2,
                3
            ],
            "value": "35",
            "isCorrect": false,
            "attempts": [
                "2",
                "2",
                "1",
                "3",
                "3"
            ]
        }
    },
    "missValues": [],
    "id": "quiz",
    "isCorrect": false,
    "_scrolledIntoView": true,
    "time": 180018,
    "timeup": true,
    "done": true,
    "player": "77235698224953",
    "stage": {
        "stage": 2,
        "step": 1,
        "round": 1
    },
    "timestamp": 1619384252891,
    "session": "room000026"
}, {
    "order": [
        0,
        1,
        2,
        3,
        4
    ],
    "forms": {
        "coinsEveryRound": {
            "id": "coinsEveryRound",
            "choice": "0",
            "time": 7445,
            "nClicks": 1,
            "order": [
                1,
                0,
                3,
                2
            ],
            "value": "20",
            "isCorrect": true,
            "attempts": [
                "0",
                "0"
            ]
        },
        "coinsMaxi": {
            "id": "coinsMaxi",
            "choice": "0",
            "time": 11039,
            "nClicks": 1,
            "order": [
                0,
                1,
                3,
                2
            ],
            "value": "40",
            "isCorrect": true,
            "attempts": [
                "0",
                "0"
            ]
        },
        "coinsMini": {
            "id": "coinsMini",
            "choice": "0",
            "time": 73769,
            "nClicks": 1,
            "order": [
                0,
                2,
                3,
                1
            ],
            "value": "10",
            "isCorrect": true,
            "attempts": [
                "0",
                "0"
            ]
        },
        "coinsOthers": {
            "id": "coinsOthers",
            "choice": "3",
            "time": 40236,
            "nClicks": 1,
            "order": [
                3,
                0,
                2,
                1
            ],
            "value": "10",
            "isCorrect": false,
            "attempts": [
                "3",
                "3"
            ]
        },
        "lowestPayment1": {
            "id": "lowestPayment1",
            "choice": "0",
            "time": 179845,
            "nClicks": 2,
            "order": [
                1,
                2,
                3,
                0
            ],
            "value": "15",
            "isCorrect": true,
            "attempts": [
                "2",
                "0"
            ]
        }
    },
    "missValues": [],
    "id": "quiz",
    "isCorrect": false,
    "_scrolledIntoView": true,
    "time": 180014,
    "timeup": true,
    "done": true,
    "player": "847510429093468",
    "stage": {
        "stage": 2,
        "step": 1,
        "round": 1
    },
    "timestamp": 1619384253165,
    "session": "room000026"
}, {
    "znajiSe": "6",
    "blizkost": "6",
    "kooperujeKam": "6",
    "kooperujeCiz": "2",
    "time": 18525,
    "timeup": false,
    "done": true,
    "player": "847510429093468",
    "stage": {
        "stage": 3,
        "step": 1,
        "round": 1
    },
    "timestamp": 1619384272330,
    "session": "room000026"
}, {
    "znajiSe": "7-velmi dobře",
    "blizkost": "7-velmi blízký",
    "kooperujeKam": "7-velmi spolupracuji",
    "kooperujeCiz": "6",
    "time": 24240,
    "timeup": false,
    "done": true,
    "player": "783601842537389",
    "stage": {
        "stage": 3,
        "step": 1,
        "round": 1
    },
    "timestamp": 1619384277702,
    "session": "room000026"
}, {
    "znajiSe": "7-velmi dobře",
    "blizkost": "7-velmi blízký",
    "kooperujeKam": "6",
    "kooperujeCiz": "6",
    "time": 24280,
    "timeup": false,
    "done": true,
    "player": "77235698224953",
    "stage": {
        "stage": 3,
        "step": 1,
        "round": 1
    },
    "timestamp": 1619384277721,
    "session": "room000026"
}, {
    "znajiSe": "7-velmi dobře",
    "blizkost": "7-velmi blízký",
    "kooperujeKam": "7-velmi spolupracuji",
    "kooperujeCiz": "7-velmi spolupracuji",
    "time": 42254,
    "timeup": false,
    "done": true,
    "player": "491886869676043",
    "stage": {
        "stage": 3,
        "step": 1,
        "round": 1
    },
    "timestamp": 1619384295751,
    "session": "room000026"
}, {
    "contribution": 20,
    "time": 7574,
    "timeup": false,
    "done": true,
    "player": "491886869676043",
    "stage": {
        "stage": 4,
        "step": 1,
        "round": 1
    },
    "timestamp": 1619384304017,
    "session": "room000026"
}, {
    "contribution": 20,
    "time": 9495,
    "timeup": false,
    "done": true,
    "player": "847510429093468",
    "stage": {
        "stage": 4,
        "step": 1,
        "round": 1
    },
    "timestamp": 1619384306230,
    "session": "room000026"
}, {
    "contribution": 20,
    "time": 21083,
    "timeup": false,
    "done": true,
    "player": "77235698224953",
    "stage": {
        "stage": 4,
        "step": 1,
        "round": 1
    },
    "timestamp": 1619384317444,
    "session": "room000026"
}, {
    "contribution": 20,
    "time": 28480,
    "timeup": false,
    "done": true,
    "player": "783601842537389",
    "stage": {
        "stage": 4,
        "step": 1,
        "round": 1
    },
    "timestamp": 1619384325162,
    "session": "room000026"
}, {
    "time": 6637,
    "timeup": false,
    "done": true,
    "player": "491886869676043",
    "stage": {
        "stage": 4,
        "step": 2,
        "round": 1
    },
    "timestamp": 1619384332443,
    "session": "room000026"
}, {
    "time": 6791,
    "timeup": false,
    "done": true,
    "player": "847510429093468",
    "stage": {
        "stage": 4,
        "step": 2,
        "round": 1
    },
    "timestamp": 1619384332885,
    "session": "room000026"
}, {
    "time": 9142,
    "timeup": false,
    "done": true,
    "player": "77235698224953",
    "stage": {
        "stage": 4,
        "step": 2,
        "round": 1
    },
    "timestamp": 1619384334883,
    "session": "room000026"
}, {
    "time": 11788,
    "timeup": false,
    "done": true,
    "player": "783601842537389",
    "stage": {
        "stage": 4,
        "step": 2,
        "round": 1
    },
    "timestamp": 1619384337874,
    "session": "room000026"
}, {
    "contribution": 20,
    "time": 6031,
    "timeup": false,
    "done": true,
    "player": "77235698224953",
    "stage": {
        "stage": 4,
        "step": 1,
        "round": 2
    },
    "timestamp": 1619384344281,
    "session": "room000026"
}, {
    "contribution": 20,
    "time": 10092,
    "timeup": false,
    "done": true,
    "player": "847510429093468",
    "stage": {
        "stage": 4,
        "step": 1,
        "round": 2
    },
    "timestamp": 1619384348665,
    "session": "room000026"
}, {
    "contribution": 20,
    "time": 11248,
    "timeup": false,
    "done": true,
    "player": "491886869676043",
    "stage": {
        "stage": 4,
        "step": 1,
        "round": 2
    },
    "timestamp": 1619384349487,
    "session": "room000026"
}, {
    "contribution": 20,
    "time": 21941,
    "timeup": false,
    "done": true,
    "player": "783601842537389",
    "stage": {
        "stage": 4,
        "step": 1,
        "round": 2
    },
    "timestamp": 1619384360392,
    "session": "room000026"
}, {
    "time": 1840,
    "timeup": false,
    "done": true,
    "player": "491886869676043",
    "stage": {
        "stage": 4,
        "step": 2,
        "round": 2
    },
    "timestamp": 1619384362636,
    "session": "room000026"
}, {
    "time": 1952,
    "timeup": false,
    "done": true,
    "player": "847510429093468",
    "stage": {
        "stage": 4,
        "step": 2,
        "round": 2
    },
    "timestamp": 1619384363184,
    "session": "room000026"
}, {
    "time": 2763,
    "timeup": false,
    "done": true,
    "player": "783601842537389",
    "stage": {
        "stage": 4,
        "step": 2,
        "round": 2
    },
    "timestamp": 1619384363776,
    "session": "room000026"
}, {
    "time": 3924,
    "timeup": false,
    "done": true,
    "player": "77235698224953",
    "stage": {
        "stage": 4,
        "step": 2,
        "round": 2
    },
    "timestamp": 1619384364917,
    "session": "room000026"
}, {
    "contribution": 20,
    "time": 4464,
    "timeup": false,
    "done": true,
    "player": "491886869676043",
    "stage": {
        "stage": 4,
        "step": 1,
        "round": 3
    },
    "timestamp": 1619384369797,
    "session": "room000026"
}, {
    "contribution": 20,
    "time": 5185,
    "timeup": false,
    "done": true,
    "player": "77235698224953",
    "stage": {
        "stage": 4,
        "step": 1,
        "round": 3
    },
    "timestamp": 1619384370551,
    "session": "room000026"
}, {
    "contribution": 20,
    "time": 5199,
    "timeup": false,
    "done": true,
    "player": "847510429093468",
    "stage": {
        "stage": 4,
        "step": 1,
        "round": 3
    },
    "timestamp": 1619384370753,
    "session": "room000026"
}, {
    "contribution": 20,
    "time": 15006,
    "timeup": true,
    "done": true,
    "player": "783601842537389",
    "stage": {
        "stage": 4,
        "step": 1,
        "round": 3
    },
    "timestamp": 1619384380490,
    "session": "room000026"
}, {
    "time": 2376,
    "timeup": false,
    "done": true,
    "player": "491886869676043",
    "stage": {
        "stage": 4,
        "step": 2,
        "round": 3
    },
    "timestamp": 1619384383356,
    "session": "room000026"
}, {
    "time": 2692,
    "timeup": false,
    "done": true,
    "player": "847510429093468",
    "stage": {
        "stage": 4,
        "step": 2,
        "round": 3
    },
    "timestamp": 1619384383899,
    "session": "room000026"
}, {
    "time": 3569,
    "timeup": false,
    "done": true,
    "player": "783601842537389",
    "stage": {
        "stage": 4,
        "step": 2,
        "round": 3
    },
    "timestamp": 1619384384644,
    "session": "room000026"
}, {
    "time": 4928,
    "timeup": false,
    "done": true,
    "player": "77235698224953",
    "stage": {
        "stage": 4,
        "step": 2,
        "round": 3
    },
    "timestamp": 1619384385869,
    "session": "room000026"
}, {
    "contribution": 20,
    "time": 4693,
    "timeup": false,
    "done": true,
    "player": "77235698224953",
    "stage": {
        "stage": 4,
        "step": 1,
        "round": 4
    },
    "timestamp": 1619384390928,
    "session": "room000026"
}, {
    "contribution": 20,
    "time": 6183,
    "timeup": false,
    "done": true,
    "player": "491886869676043",
    "stage": {
        "stage": 4,
        "step": 1,
        "round": 4
    },
    "timestamp": 1619384392492,
    "session": "room000026"
}, {
    "contribution": 20,
    "time": 6156,
    "timeup": false,
    "done": true,
    "player": "847510429093468",
    "stage": {
        "stage": 4,
        "step": 1,
        "round": 4
    },
    "timestamp": 1619384392654,
    "session": "room000026"
}, {
    "contribution": 20,
    "time": 11165,
    "timeup": false,
    "done": true,
    "player": "783601842537389",
    "stage": {
        "stage": 4,
        "step": 1,
        "round": 4
    },
    "timestamp": 1619384397712,
    "session": "room000026"
}, {
    "time": 1856,
    "timeup": false,
    "done": true,
    "player": "847510429093468",
    "stage": {
        "stage": 4,
        "step": 2,
        "round": 4
    },
    "timestamp": 1619384400255,
    "session": "room000026"
}, {
    "time": 2257,
    "timeup": false,
    "done": true,
    "player": "77235698224953",
    "stage": {
        "stage": 4,
        "step": 2,
        "round": 4
    },
    "timestamp": 1619384400377,
    "session": "room000026"
}, {
    "time": 2909,
    "timeup": false,
    "done": true,
    "player": "783601842537389",
    "stage": {
        "stage": 4,
        "step": 2,
        "round": 4
    },
    "timestamp": 1619384401210,
    "session": "room000026"
}, {
    "time": 4417,
    "timeup": false,
    "done": true,
    "player": "491886869676043",
    "stage": {
        "stage": 4,
        "step": 2,
        "round": 4
    },
    "timestamp": 1619384402632,
    "session": "room000026"
}, {
    "contribution": 20,
    "time": 4001,
    "timeup": false,
    "done": true,
    "player": "77235698224953",
    "stage": {
        "stage": 4,
        "step": 1,
        "round": 5
    },
    "timestamp": 1619384406968,
    "session": "room000026"
}, {
    "contribution": 20,
    "time": 4263,
    "timeup": false,
    "done": true,
    "player": "491886869676043",
    "stage": {
        "stage": 4,
        "step": 1,
        "round": 5
    },
    "timestamp": 1619384407235,
    "session": "room000026"
}, {
    "contribution": 20,
    "time": 6158,
    "timeup": false,
    "done": true,
    "player": "783601842537389",
    "stage": {
        "stage": 4,
        "step": 1,
        "round": 5
    },
    "timestamp": 1619384409373,
    "session": "room000026"
}, {
    "contribution": 20,
    "time": 7407,
    "timeup": false,
    "done": true,
    "player": "847510429093468",
    "stage": {
        "stage": 4,
        "step": 1,
        "round": 5
    },
    "timestamp": 1619384410845,
    "session": "room000026"
}, {
    "time": 2139,
    "timeup": false,
    "done": true,
    "player": "783601842537389",
    "stage": {
        "stage": 4,
        "step": 2,
        "round": 5
    },
    "timestamp": 1619384413692,
    "session": "room000026"
}, {
    "time": 2958,
    "timeup": false,
    "done": true,
    "player": "77235698224953",
    "stage": {
        "stage": 4,
        "step": 2,
        "round": 5
    },
    "timestamp": 1619384414196,
    "session": "room000026"
}, {
    "time": 4584,
    "timeup": false,
    "done": true,
    "player": "491886869676043",
    "stage": {
        "stage": 4,
        "step": 2,
        "round": 5
    },
    "timestamp": 1619384415876,
    "session": "room000026"
}, {
    "time": 6705,
    "timeup": false,
    "done": true,
    "player": "847510429093468",
    "stage": {
        "stage": 4,
        "step": 2,
        "round": 5
    },
    "timestamp": 1619384418215,
    "session": "room000026"
}, {
    "contribution": 20,
    "time": 7945,
    "timeup": false,
    "done": true,
    "player": "77235698224953",
    "stage": {
        "stage": 4,
        "step": 1,
        "round": 6
    },
    "timestamp": 1619384426545,
    "session": "room000026"
}, {
    "contribution": 20,
    "time": 8852,
    "timeup": false,
    "done": true,
    "player": "491886869676043",
    "stage": {
        "stage": 4,
        "step": 1,
        "round": 6
    },
    "timestamp": 1619384427486,
    "session": "room000026"
}, {
    "contribution": 20,
    "time": 10643,
    "timeup": false,
    "done": true,
    "player": "847510429093468",
    "stage": {
        "stage": 4,
        "step": 1,
        "round": 6
    },
    "timestamp": 1619384429585,
    "session": "room000026"
}, {
    "contribution": 20,
    "time": 15001,
    "timeup": true,
    "done": true,
    "player": "783601842537389",
    "stage": {
        "stage": 4,
        "step": 1,
        "round": 6
    },
    "timestamp": 1619384433992,
    "session": "room000026"
}, {
    "time": 1830,
    "timeup": false,
    "done": true,
    "player": "77235698224953",
    "stage": {
        "stage": 4,
        "step": 2,
        "round": 6
    },
    "timestamp": 1619384436252,
    "session": "room000026"
}, {
    "time": 1912,
    "timeup": false,
    "done": true,
    "player": "491886869676043",
    "stage": {
        "stage": 4,
        "step": 2,
        "round": 6
    },
    "timestamp": 1619384436411,
    "session": "room000026"
}, {
    "time": 5023,
    "timeup": false,
    "done": true,
    "player": "783601842537389",
    "stage": {
        "stage": 4,
        "step": 2,
        "round": 6
    },
    "timestamp": 1619384439622,
    "session": "room000026"
}, {
    "time": 6356,
    "timeup": false,
    "done": true,
    "player": "847510429093468",
    "stage": {
        "stage": 4,
        "step": 2,
        "round": 6
    },
    "timestamp": 1619384441029,
    "session": "room000026"
}, {
    "contribution": 0,
    "time": 4500,
    "timeup": false,
    "done": true,
    "player": "491886869676043",
    "stage": {
        "stage": 4,
        "step": 1,
        "round": 7
    },
    "timestamp": 1619384445969,
    "session": "room000026"
}, {
    "contribution": 20,
    "time": 6033,
    "timeup": false,
    "done": true,
    "player": "847510429093468",
    "stage": {
        "stage": 4,
        "step": 1,
        "round": 7
    },
    "timestamp": 1619384447855,
    "session": "room000026"
}, {
    "contribution": 20,
    "time": 10300,
    "timeup": false,
    "done": true,
    "player": "77235698224953",
    "stage": {
        "stage": 4,
        "step": 1,
        "round": 7
    },
    "timestamp": 1619384451700,
    "session": "room000026"
}, {
    "contribution": 20,
    "time": 13463,
    "timeup": false,
    "done": true,
    "player": "783601842537389",
    "stage": {
        "stage": 4,
        "step": 1,
        "round": 7
    },
    "timestamp": 1619384455283,
    "session": "room000026"
}, {
    "time": 2691,
    "timeup": false,
    "done": true,
    "player": "847510429093468",
    "stage": {
        "stage": 4,
        "step": 2,
        "round": 7
    },
    "timestamp": 1619384458685,
    "session": "room000026"
}, {
    "time": 4367,
    "timeup": false,
    "done": true,
    "player": "491886869676043",
    "stage": {
        "stage": 4,
        "step": 2,
        "round": 7
    },
    "timestamp": 1619384460110,
    "session": "room000026"
}, {
    "time": 5974,
    "timeup": false,
    "done": true,
    "player": "77235698224953",
    "stage": {
        "stage": 4,
        "step": 2,
        "round": 7
    },
    "timestamp": 1619384461666,
    "session": "room000026"
}, {
    "time": 7825,
    "timeup": false,
    "done": true,
    "player": "783601842537389",
    "stage": {
        "stage": 4,
        "step": 2,
        "round": 7
    },
    "timestamp": 1619384463680,
    "session": "room000026"
}, {
    "contribution": 20,
    "time": 7367,
    "timeup": false,
    "done": true,
    "player": "491886869676043",
    "stage": {
        "stage": 4,
        "step": 1,
        "round": 8
    },
    "timestamp": 1619384471483,
    "session": "room000026"
}, {
    "contribution": 20,
    "time": 8073,
    "timeup": false,
    "done": true,
    "player": "77235698224953",
    "stage": {
        "stage": 4,
        "step": 1,
        "round": 8
    },
    "timestamp": 1619384472124,
    "session": "room000026"
}, {
    "contribution": 20,
    "time": 10249,
    "timeup": false,
    "done": true,
    "player": "847510429093468",
    "stage": {
        "stage": 4,
        "step": 1,
        "round": 8
    },
    "timestamp": 1619384474770,
    "session": "room000026"
}, {
    "contribution": 10,
    "time": 13416,
    "timeup": false,
    "done": true,
    "player": "783601842537389",
    "stage": {
        "stage": 4,
        "step": 1,
        "round": 8
    },
    "timestamp": 1619384477671,
    "session": "room000026"
}, {
    "time": 2795,
    "timeup": false,
    "done": true,
    "player": "491886869676043",
    "stage": {
        "stage": 4,
        "step": 2,
        "round": 8
    },
    "timestamp": 1619384480831,
    "session": "room000026"
}, {
    "time": 2862,
    "timeup": false,
    "done": true,
    "player": "847510429093468",
    "stage": {
        "stage": 4,
        "step": 2,
        "round": 8
    },
    "timestamp": 1619384481235,
    "session": "room000026"
}, {
    "time": 4382,
    "timeup": false,
    "done": true,
    "player": "783601842537389",
    "stage": {
        "stage": 4,
        "step": 2,
        "round": 8
    },
    "timestamp": 1619384482640,
    "session": "room000026"
}, {
    "time": 13122,
    "timeup": false,
    "done": true,
    "player": "77235698224953",
    "stage": {
        "stage": 4,
        "step": 2,
        "round": 8
    },
    "timestamp": 1619384491175,
    "session": "room000026"
}, {
    "contribution": 20,
    "time": 4535,
    "timeup": false,
    "done": true,
    "player": "77235698224953",
    "stage": {
        "stage": 4,
        "step": 1,
        "round": 9
    },
    "timestamp": 1619384496094,
    "session": "room000026"
}, {
    "contribution": 1,
    "time": 4857,
    "timeup": false,
    "done": true,
    "player": "847510429093468",
    "stage": {
        "stage": 4,
        "step": 1,
        "round": 9
    },
    "timestamp": 1619384496749,
    "session": "room000026"
}, {
    "contribution": 20,
    "time": 5256,
    "timeup": false,
    "done": true,
    "player": "783601842537389",
    "stage": {
        "stage": 4,
        "step": 1,
        "round": 9
    },
    "timestamp": 1619384497030,
    "session": "room000026"
}, {
    "contribution": 1,
    "time": 11225,
    "timeup": false,
    "done": true,
    "player": "491886869676043",
    "stage": {
        "stage": 4,
        "step": 1,
        "round": 9
    },
    "timestamp": 1619384502767,
    "session": "room000026"
}, {
    "time": 2596,
    "timeup": false,
    "done": true,
    "player": "783601842537389",
    "stage": {
        "stage": 4,
        "step": 2,
        "round": 9
    },
    "timestamp": 1619384506003,
    "session": "room000026"
}, {
    "time": 3017,
    "timeup": false,
    "done": true,
    "player": "491886869676043",
    "stage": {
        "stage": 4,
        "step": 2,
        "round": 9
    },
    "timestamp": 1619384506175,
    "session": "room000026"
}, {
    "time": 4986,
    "timeup": false,
    "done": true,
    "player": "847510429093468",
    "stage": {
        "stage": 4,
        "step": 2,
        "round": 9
    },
    "timestamp": 1619384508584,
    "session": "room000026"
}, {
    "time": 5740,
    "timeup": false,
    "done": true,
    "player": "77235698224953",
    "stage": {
        "stage": 4,
        "step": 2,
        "round": 9
    },
    "timestamp": 1619384508894,
    "session": "room000026"
}, {
    "contribution": 1,
    "time": 4327,
    "timeup": false,
    "done": true,
    "player": "847510429093468",
    "stage": {
        "stage": 4,
        "step": 1,
        "round": 10
    },
    "timestamp": 1619384513816,
    "session": "room000026"
}, {
    "contribution": 20,
    "time": 6452,
    "timeup": false,
    "done": true,
    "player": "491886869676043",
    "stage": {
        "stage": 4,
        "step": 1,
        "round": 10
    },
    "timestamp": 1619384515827,
    "session": "room000026"
}, {
    "contribution": 18,
    "time": 6956,
    "timeup": false,
    "done": true,
    "player": "783601842537389",
    "stage": {
        "stage": 4,
        "step": 1,
        "round": 10
    },
    "timestamp": 1619384516583,
    "session": "room000026"
}, {
    "contribution": 20,
    "time": 9794,
    "timeup": false,
    "done": true,
    "player": "77235698224953",
    "stage": {
        "stage": 4,
        "step": 1,
        "round": 10
    },
    "timestamp": 1619384519075,
    "session": "room000026"
}, {
    "time": 2859,
    "timeup": false,
    "done": true,
    "player": "77235698224953",
    "stage": {
        "stage": 4,
        "step": 2,
        "round": 10
    },
    "timestamp": 1619384522328,
    "session": "room000026"
}, {
    "time": 2956,
    "timeup": false,
    "done": true,
    "player": "491886869676043",
    "stage": {
        "stage": 4,
        "step": 2,
        "round": 10
    },
    "timestamp": 1619384522502,
    "session": "room000026"
}, {
    "time": 4845,
    "timeup": false,
    "done": true,
    "player": "847510429093468",
    "stage": {
        "stage": 4,
        "step": 2,
        "round": 10
    },
    "timestamp": 1619384524660,
    "session": "room000026"
}, {
    "time": 5522,
    "timeup": false,
    "done": true,
    "player": "783601842537389",
    "stage": {
        "stage": 4,
        "step": 2,
        "round": 10
    },
    "timestamp": 1619384525220,
    "session": "room000026"
}, {
    "communication": "Ne",
    "agreement": "Ne",
    "real1": "Neměli jsme nic domluveno",
    "real2": "Neměli jsme nic domluveno",
    "strategy": "Náhodně vybírat částky",
    "time": 25150,
    "timeup": false,
    "done": true,
    "player": "491886869676043",
    "stage": {
        "stage": 5,
        "step": 1,
        "round": 1
    },
    "timestamp": 1619384550797,
    "session": "room000026"
}, {
    "communication": "Ano",
    "agreement": "Ano",
    "real1": "Ano",
    "real2": "Napůl",
    "strategy": "Maximalizovat výnos skupiny",
    "time": 25741,
    "timeup": false,
    "done": true,
    "player": "77235698224953",
    "stage": {
        "stage": 5,
        "step": 1,
        "round": 1
    },
    "timestamp": 1619384551250,
    "session": "room000026"
}, {
    "communication": "Ne",
    "agreement": "Ne",
    "real1": "Neměli jsme nic domluveno",
    "real2": "Neměli jsme nic domluveno",
    "strategy": "Maximalizovat výnos skupiny",
    "time": 63946,
    "timeup": false,
    "done": true,
    "player": "847510429093468",
    "stage": {
        "stage": 5,
        "step": 1,
        "round": 1
    },
    "timestamp": 1619384589569,
    "session": "room000026"
}, {
    "communication": "Ano",
    "agreement": "Ano",
    "real1": "Napůl",
    "real2": "Napůl",
    "strategy": "Maximalizovat můj vlastní výnos",
    "time": 66806,
    "timeup": false,
    "done": true,
    "player": "783601842537389",
    "stage": {
        "stage": 5,
        "step": 1,
        "round": 1
    },
    "timestamp": 1619384592292,
    "session": "room000026"
}, {
    "value": "eli.fiserova22@gmail.com",
    "timeBegin": 3713,
    "timeEnd": 10550,
    "isCorrect": true,
    "id": "email",
    "time": 13070,
    "timeup": false,
    "done": true,
    "player": "77235698224953",
    "stage": {
        "stage": 6,
        "step": 1,
        "round": 1
    },
    "timestamp": 1619384605681,
    "session": "room000026"
}, {
    "value": "jaroslavamarkusova@gmail.com",
    "timeBegin": 3128,
    "timeEnd": 11229,
    "isCorrect": true,
    "id": "email",
    "time": 13613,
    "timeup": false,
    "done": true,
    "player": "847510429093468",
    "stage": {
        "stage": 6,
        "step": 1,
        "round": 1
    },
    "timestamp": 1619384606370,
    "session": "room000026"
}, {
    "value": "vojtech.polocek@icloud.com",
    "timeBegin": 3156,
    "timeEnd": 11942,
    "isCorrect": true,
    "id": "email",
    "time": 14964,
    "timeup": false,
    "done": true,
    "player": "491886869676043",
    "stage": {
        "stage": 6,
        "step": 1,
        "round": 1
    },
    "timestamp": 1619384607589,
    "session": "room000026"
}, {
    "value": "estytotzauerova@seznam.cz",
    "timeBegin": 5039,
    "timeEnd": 13114,
    "isCorrect": true,
    "id": "email",
    "time": 17944,
    "timeup": false,
    "done": true,
    "player": "783601842537389",
    "stage": {
        "stage": 6,
        "step": 1,
        "round": 1
    },
    "timestamp": 1619384610555,
    "session": "room000026"
}]