"session","player","time","communication","agreement","real1","real2","strategy"
"room000026","491886869676043",25150,"Ne","Ne","Neměli jsme nic domluveno","Neměli jsme nic domluveno","Náhodně vybírat částky"
"room000026","77235698224953",25741,"Ano","Ano","Ano","Napůl","Maximalizovat výnos skupiny"
"room000026","847510429093468",63946,"Ne","Ne","Neměli jsme nic domluveno","Neměli jsme nic domluveno","Maximalizovat výnos skupiny"
"room000026","783601842537389",66806,"Ano","Ano","Napůl","Napůl","Maximalizovat můj vlastní výnos"
