[{
    "time": 28813,
    "timeup": false,
    "done": true,
    "player": "278710383541988",
    "stage": {
        "stage": 1,
        "step": 1,
        "round": 1
    },
    "timestamp": 1619883253456,
    "session": "room000034"
}, {
    "time": 67814,
    "timeup": false,
    "done": true,
    "player": "554148920607416",
    "stage": {
        "stage": 1,
        "step": 1,
        "round": 1
    },
    "timestamp": 1619883292741,
    "session": "room000034"
}, {
    "time": 78774,
    "timeup": false,
    "done": true,
    "player": "208880099142420",
    "stage": {
        "stage": 1,
        "step": 1,
        "round": 1
    },
    "timestamp": 1619883303565,
    "session": "room000034"
}, {
    "time": 82872,
    "timeup": false,
    "done": true,
    "player": "32181894750570",
    "stage": {
        "stage": 1,
        "step": 1,
        "round": 1
    },
    "timestamp": 1619883307627,
    "session": "room000034"
}, {
    "order": [
        0,
        1,
        2,
        3,
        4
    ],
    "forms": {
        "coinsEveryRound": {
            "id": "coinsEveryRound",
            "choice": "0",
            "time": 33633,
            "nClicks": 1,
            "order": [
                1,
                0,
                2,
                3
            ],
            "value": "20",
            "isCorrect": true,
            "attempts": [
                "0",
                "0",
                "0",
                "0"
            ]
        },
        "coinsMaxi": {
            "id": "coinsMaxi",
            "choice": "0",
            "time": 34128,
            "nClicks": 1,
            "order": [
                1,
                3,
                0,
                2
            ],
            "value": "40",
            "isCorrect": true,
            "attempts": [
                "0",
                "0",
                "0",
                "0"
            ]
        },
        "coinsMini": {
            "id": "coinsMini",
            "choice": "0",
            "time": 35227,
            "nClicks": 1,
            "order": [
                3,
                1,
                2,
                0
            ],
            "value": "10",
            "isCorrect": true,
            "attempts": [
                "0",
                "0",
                "0",
                "0"
            ]
        },
        "coinsOthers": {
            "id": "coinsOthers",
            "choice": "0",
            "time": 113068,
            "nClicks": 5,
            "order": [
                3,
                1,
                2,
                0
            ],
            "value": "30",
            "isCorrect": true,
            "attempts": [
                "1",
                "3",
                "2",
                "0"
            ]
        },
        "lowestPayment1": {
            "id": "lowestPayment1",
            "choice": "0",
            "time": 72833,
            "nClicks": 1,
            "order": [
                2,
                1,
                0,
                3
            ],
            "value": "15",
            "isCorrect": true,
            "attempts": [
                "0",
                "0",
                "0",
                "0"
            ]
        }
    },
    "missValues": [],
    "id": "quiz",
    "isCorrect": true,
    "time": 113823,
    "timeup": false,
    "done": true,
    "player": "278710383541988",
    "stage": {
        "stage": 2,
        "step": 1,
        "round": 1
    },
    "timestamp": 1619883421704,
    "session": "room000034"
}, {
    "order": [
        0,
        1,
        2,
        3,
        4
    ],
    "forms": {
        "coinsEveryRound": {
            "id": "coinsEveryRound",
            "choice": "0",
            "time": 4806,
            "nClicks": 1,
            "order": [
                2,
                3,
                1,
                0
            ],
            "value": "20",
            "isCorrect": true,
            "attempts": [
                "0",
                "0"
            ]
        },
        "coinsMaxi": {
            "id": "coinsMaxi",
            "choice": "0",
            "time": 20786,
            "nClicks": 1,
            "order": [
                0,
                3,
                2,
                1
            ],
            "value": "40",
            "isCorrect": true,
            "attempts": [
                "0",
                "0"
            ]
        },
        "coinsMini": {
            "id": "coinsMini",
            "choice": "0",
            "time": 28306,
            "nClicks": 1,
            "order": [
                2,
                3,
                1,
                0
            ],
            "value": "10",
            "isCorrect": true,
            "attempts": [
                "0",
                "0"
            ]
        },
        "coinsOthers": {
            "id": "coinsOthers",
            "choice": "0",
            "time": 115016,
            "nClicks": 3,
            "order": [
                1,
                0,
                3,
                2
            ],
            "value": "30",
            "isCorrect": true,
            "attempts": [
                "3",
                "0"
            ]
        },
        "lowestPayment1": {
            "id": "lowestPayment1",
            "choice": "0",
            "time": 71003,
            "nClicks": 1,
            "order": [
                3,
                2,
                1,
                0
            ],
            "value": "15",
            "isCorrect": true,
            "attempts": [
                "0",
                "0"
            ]
        }
    },
    "missValues": [],
    "id": "quiz",
    "isCorrect": true,
    "time": 116053,
    "timeup": false,
    "done": true,
    "player": "554148920607416",
    "stage": {
        "stage": 2,
        "step": 1,
        "round": 1
    },
    "timestamp": 1619883424025,
    "session": "room000034"
}, {
    "order": [
        0,
        1,
        2,
        3,
        4
    ],
    "forms": {
        "coinsEveryRound": {
            "id": "coinsEveryRound",
            "choice": "0",
            "time": 22593,
            "nClicks": 1,
            "order": [
                0,
                1,
                3,
                2
            ],
            "value": "20",
            "isCorrect": true,
            "attempts": [
                "0"
            ]
        },
        "coinsMaxi": {
            "id": "coinsMaxi",
            "choice": "0",
            "time": 30268,
            "nClicks": 1,
            "order": [
                1,
                3,
                2,
                0
            ],
            "value": "40",
            "isCorrect": true,
            "attempts": [
                "0"
            ]
        },
        "coinsMini": {
            "id": "coinsMini",
            "choice": "0",
            "time": 35156,
            "nClicks": 1,
            "order": [
                3,
                0,
                1,
                2
            ],
            "value": "10",
            "isCorrect": true,
            "attempts": [
                "0"
            ]
        },
        "coinsOthers": {
            "id": "coinsOthers",
            "choice": "0",
            "time": 115596,
            "nClicks": 3,
            "order": [
                0,
                1,
                3,
                2
            ],
            "value": "30",
            "isCorrect": true,
            "attempts": [
                "0"
            ]
        },
        "lowestPayment1": {
            "id": "lowestPayment1",
            "choice": "0",
            "time": 86068,
            "nClicks": 1,
            "order": [
                0,
                2,
                3,
                1
            ],
            "value": "15",
            "isCorrect": true,
            "attempts": [
                "0"
            ]
        }
    },
    "missValues": [],
    "id": "quiz",
    "isCorrect": true,
    "time": 116964,
    "timeup": false,
    "done": true,
    "player": "208880099142420",
    "stage": {
        "stage": 2,
        "step": 1,
        "round": 1
    },
    "timestamp": 1619883424859,
    "session": "room000034"
}, {
    "order": [
        0,
        1,
        2,
        3,
        4
    ],
    "forms": {
        "coinsEveryRound": {
            "id": "coinsEveryRound",
            "choice": "0",
            "time": 21869,
            "nClicks": 1,
            "order": [
                0,
                2,
                1,
                3
            ],
            "value": "20",
            "isCorrect": true,
            "attempts": [
                "0",
                "0",
                "0",
                "0",
                "0",
                "0",
                "0",
                "0",
                "0"
            ]
        },
        "coinsMaxi": {
            "id": "coinsMaxi",
            "choice": "0",
            "time": 27737,
            "nClicks": 1,
            "order": [
                0,
                1,
                2,
                3
            ],
            "value": "40",
            "isCorrect": true,
            "attempts": [
                "0",
                "0",
                "0",
                "0",
                "0",
                "0",
                "0",
                "0",
                "0"
            ]
        },
        "coinsMini": {
            "id": "coinsMini",
            "choice": "0",
            "time": 154560,
            "nClicks": 7,
            "order": [
                1,
                2,
                3,
                0
            ],
            "value": "10",
            "isCorrect": true,
            "attempts": [
                "1",
                "1",
                "1",
                "1",
                "1",
                "3",
                "3",
                "2",
                "0"
            ]
        },
        "coinsOthers": {
            "id": "coinsOthers",
            "choice": "0",
            "time": 138952,
            "nClicks": 2,
            "order": [
                1,
                0,
                3,
                2
            ],
            "value": "30",
            "isCorrect": true,
            "attempts": [
                "3",
                "3",
                "3",
                "3",
                "3",
                "0",
                "0",
                "0",
                "0"
            ]
        },
        "lowestPayment1": {
            "id": "lowestPayment1",
            "choice": "0",
            "time": 77266,
            "nClicks": 1,
            "order": [
                3,
                1,
                2,
                0
            ],
            "value": "15",
            "isCorrect": true,
            "attempts": [
                "0",
                "0",
                "0",
                "0",
                "0",
                "0",
                "0",
                "0",
                "0"
            ]
        }
    },
    "missValues": [],
    "id": "quiz",
    "isCorrect": true,
    "time": 155359,
    "timeup": false,
    "done": true,
    "player": "32181894750570",
    "stage": {
        "stage": 2,
        "step": 1,
        "round": 1
    },
    "timestamp": 1619883463232,
    "session": "room000034"
}, {
    "znajiSe": "4",
    "blizkost": "4",
    "kooperujeKam": "5",
    "kooperujeCiz": "5",
    "time": 18053,
    "timeup": false,
    "done": true,
    "player": "554148920607416",
    "stage": {
        "stage": 3,
        "step": 1,
        "round": 1
    },
    "timestamp": 1619883481508,
    "session": "room000034"
}, {
    "znajiSe": "4",
    "blizkost": "4",
    "kooperujeKam": "4",
    "kooperujeCiz": "4",
    "time": 42418,
    "timeup": false,
    "done": true,
    "player": "32181894750570",
    "stage": {
        "stage": 3,
        "step": 1,
        "round": 1
    },
    "timestamp": 1619883505855,
    "session": "room000034"
}, {
    "znajiSe": "5",
    "blizkost": "4",
    "kooperujeKam": "5",
    "kooperujeCiz": "7-velmi spolupracuji",
    "time": 66105,
    "timeup": false,
    "done": true,
    "player": "208880099142420",
    "stage": {
        "stage": 3,
        "step": 1,
        "round": 1
    },
    "timestamp": 1619883529561,
    "session": "room000034"
}, {
    "znajiSe": "6",
    "blizkost": "6",
    "kooperujeKam": "6",
    "kooperujeCiz": "6",
    "time": 76491,
    "timeup": false,
    "done": true,
    "player": "278710383541988",
    "stage": {
        "stage": 3,
        "step": 1,
        "round": 1
    },
    "timestamp": 1619883539928,
    "session": "room000034"
}, {
    "contribution": 10,
    "time": 14973,
    "timeup": false,
    "done": true,
    "player": "554148920607416",
    "stage": {
        "stage": 4,
        "step": 1,
        "round": 1
    },
    "timestamp": 1619883555483,
    "session": "room000034"
}, {
    "contribution": 10,
    "time": 19292,
    "timeup": false,
    "done": true,
    "player": "32181894750570",
    "stage": {
        "stage": 4,
        "step": 1,
        "round": 1
    },
    "timestamp": 1619883559679,
    "session": "room000034"
}, {
    "contribution": 20,
    "time": 20368,
    "timeup": false,
    "done": true,
    "player": "208880099142420",
    "stage": {
        "stage": 4,
        "step": 1,
        "round": 1
    },
    "timestamp": 1619883560879,
    "session": "room000034"
}, {
    "contribution": 20,
    "time": 28297,
    "timeup": false,
    "done": true,
    "player": "278710383541988",
    "stage": {
        "stage": 4,
        "step": 1,
        "round": 1
    },
    "timestamp": 1619883568600,
    "session": "room000034"
}, {
    "time": 6927,
    "timeup": false,
    "done": true,
    "player": "278710383541988",
    "stage": {
        "stage": 4,
        "step": 2,
        "round": 1
    },
    "timestamp": 1619883575900,
    "session": "room000034"
}, {
    "time": 7208,
    "timeup": false,
    "done": true,
    "player": "554148920607416",
    "stage": {
        "stage": 4,
        "step": 2,
        "round": 1
    },
    "timestamp": 1619883576287,
    "session": "room000034"
}, {
    "time": 18134,
    "timeup": false,
    "done": true,
    "player": "208880099142420",
    "stage": {
        "stage": 4,
        "step": 2,
        "round": 1
    },
    "timestamp": 1619883587241,
    "session": "room000034"
}, {
    "time": 25783,
    "timeup": false,
    "done": true,
    "player": "32181894750570",
    "stage": {
        "stage": 4,
        "step": 2,
        "round": 1
    },
    "timestamp": 1619883594900,
    "session": "room000034"
}, {
    "contribution": 20,
    "time": 8217,
    "timeup": false,
    "done": true,
    "player": "208880099142420",
    "stage": {
        "stage": 4,
        "step": 1,
        "round": 2
    },
    "timestamp": 1619883603466,
    "session": "room000034"
}, {
    "contribution": 15,
    "time": 10502,
    "timeup": false,
    "done": true,
    "player": "554148920607416",
    "stage": {
        "stage": 4,
        "step": 1,
        "round": 2
    },
    "timestamp": 1619883605756,
    "session": "room000034"
}, {
    "contribution": 20,
    "time": 18079,
    "timeup": false,
    "done": true,
    "player": "278710383541988",
    "stage": {
        "stage": 4,
        "step": 1,
        "round": 2
    },
    "timestamp": 1619883613238,
    "session": "room000034"
}, {
    "contribution": 15,
    "time": 28745,
    "timeup": false,
    "done": true,
    "player": "32181894750570",
    "stage": {
        "stage": 4,
        "step": 1,
        "round": 2
    },
    "timestamp": 1619883623933,
    "session": "room000034"
}, {
    "time": 6006,
    "timeup": false,
    "done": true,
    "player": "32181894750570",
    "stage": {
        "stage": 4,
        "step": 2,
        "round": 2
    },
    "timestamp": 1619883630207,
    "session": "room000034"
}, {
    "time": 7795,
    "timeup": false,
    "done": true,
    "player": "278710383541988",
    "stage": {
        "stage": 4,
        "step": 2,
        "round": 2
    },
    "timestamp": 1619883632333,
    "session": "room000034"
}, {
    "time": 9686,
    "timeup": false,
    "done": true,
    "player": "208880099142420",
    "stage": {
        "stage": 4,
        "step": 2,
        "round": 2
    },
    "timestamp": 1619883633987,
    "session": "room000034"
}, {
    "time": 11585,
    "timeup": false,
    "done": true,
    "player": "554148920607416",
    "stage": {
        "stage": 4,
        "step": 2,
        "round": 2
    },
    "timestamp": 1619883635944,
    "session": "room000034"
}, {
    "contribution": 20,
    "time": 5728,
    "timeup": false,
    "done": true,
    "player": "278710383541988",
    "stage": {
        "stage": 4,
        "step": 1,
        "round": 3
    },
    "timestamp": 1619883641899,
    "session": "room000034"
}, {
    "contribution": 20,
    "time": 6945,
    "timeup": false,
    "done": true,
    "player": "208880099142420",
    "stage": {
        "stage": 4,
        "step": 1,
        "round": 3
    },
    "timestamp": 1619883643225,
    "session": "room000034"
}, {
    "contribution": 5,
    "time": 7167,
    "timeup": false,
    "done": true,
    "player": "554148920607416",
    "stage": {
        "stage": 4,
        "step": 1,
        "round": 3
    },
    "timestamp": 1619883643474,
    "session": "room000034"
}, {
    "contribution": 15,
    "time": 15010,
    "timeup": true,
    "done": true,
    "player": "32181894750570",
    "stage": {
        "stage": 4,
        "step": 1,
        "round": 3
    },
    "timestamp": 1619883651233,
    "session": "room000034"
}, {
    "time": 2844,
    "timeup": false,
    "done": true,
    "player": "278710383541988",
    "stage": {
        "stage": 4,
        "step": 2,
        "round": 3
    },
    "timestamp": 1619883654336,
    "session": "room000034"
}, {
    "time": 6159,
    "timeup": false,
    "done": true,
    "player": "208880099142420",
    "stage": {
        "stage": 4,
        "step": 2,
        "round": 3
    },
    "timestamp": 1619883657729,
    "session": "room000034"
}, {
    "time": 8605,
    "timeup": false,
    "done": true,
    "player": "554148920607416",
    "stage": {
        "stage": 4,
        "step": 2,
        "round": 3
    },
    "timestamp": 1619883660236,
    "session": "room000034"
}, {
    "time": 11845,
    "timeup": false,
    "done": true,
    "player": "32181894750570",
    "stage": {
        "stage": 4,
        "step": 2,
        "round": 3
    },
    "timestamp": 1619883663373,
    "session": "room000034"
}, {
    "contribution": 20,
    "time": 3662,
    "timeup": false,
    "done": true,
    "player": "554148920607416",
    "stage": {
        "stage": 4,
        "step": 1,
        "round": 4
    },
    "timestamp": 1619883667397,
    "session": "room000034"
}, {
    "contribution": 20,
    "time": 5065,
    "timeup": false,
    "done": true,
    "player": "208880099142420",
    "stage": {
        "stage": 4,
        "step": 1,
        "round": 4
    },
    "timestamp": 1619883668761,
    "session": "room000034"
}, {
    "contribution": 10,
    "time": 9040,
    "timeup": false,
    "done": true,
    "player": "32181894750570",
    "stage": {
        "stage": 4,
        "step": 1,
        "round": 4
    },
    "timestamp": 1619883672707,
    "session": "room000034"
}, {
    "contribution": 0,
    "time": 9569,
    "timeup": false,
    "done": true,
    "player": "278710383541988",
    "stage": {
        "stage": 4,
        "step": 1,
        "round": 4
    },
    "timestamp": 1619883673170,
    "session": "room000034"
}, {
    "time": 3946,
    "timeup": false,
    "done": true,
    "player": "278710383541988",
    "stage": {
        "stage": 4,
        "step": 2,
        "round": 4
    },
    "timestamp": 1619883677355,
    "session": "room000034"
}, {
    "time": 6317,
    "timeup": false,
    "done": true,
    "player": "554148920607416",
    "stage": {
        "stage": 4,
        "step": 2,
        "round": 4
    },
    "timestamp": 1619883679863,
    "session": "room000034"
}, {
    "time": 10945,
    "timeup": false,
    "done": true,
    "player": "32181894750570",
    "stage": {
        "stage": 4,
        "step": 2,
        "round": 4
    },
    "timestamp": 1619883684410,
    "session": "room000034"
}, {
    "time": 21172,
    "timeup": false,
    "done": true,
    "player": "208880099142420",
    "stage": {
        "stage": 4,
        "step": 2,
        "round": 4
    },
    "timestamp": 1619883694671,
    "session": "room000034"
}, {
    "contribution": 20,
    "time": 2936,
    "timeup": false,
    "done": true,
    "player": "208880099142420",
    "stage": {
        "stage": 4,
        "step": 1,
        "round": 5
    },
    "timestamp": 1619883697895,
    "session": "room000034"
}, {
    "contribution": 20,
    "time": 3078,
    "timeup": false,
    "done": true,
    "player": "554148920607416",
    "stage": {
        "stage": 4,
        "step": 1,
        "round": 5
    },
    "timestamp": 1619883698168,
    "session": "room000034"
}, {
    "contribution": 15,
    "time": 10014,
    "timeup": false,
    "done": true,
    "player": "32181894750570",
    "stage": {
        "stage": 4,
        "step": 1,
        "round": 5
    },
    "timestamp": 1619883704981,
    "session": "room000034"
}, {
    "contribution": 20,
    "time": 12936,
    "timeup": false,
    "done": true,
    "player": "278710383541988",
    "stage": {
        "stage": 4,
        "step": 1,
        "round": 5
    },
    "timestamp": 1619883707876,
    "session": "room000034"
}, {
    "time": 3011,
    "timeup": false,
    "done": true,
    "player": "554148920607416",
    "stage": {
        "stage": 4,
        "step": 2,
        "round": 5
    },
    "timestamp": 1619883711258,
    "session": "room000034"
}, {
    "time": 3031,
    "timeup": false,
    "done": true,
    "player": "208880099142420",
    "stage": {
        "stage": 4,
        "step": 2,
        "round": 5
    },
    "timestamp": 1619883711288,
    "session": "room000034"
}, {
    "time": 3436,
    "timeup": false,
    "done": true,
    "player": "278710383541988",
    "stage": {
        "stage": 4,
        "step": 2,
        "round": 5
    },
    "timestamp": 1619883711586,
    "session": "room000034"
}, {
    "time": 9131,
    "timeup": false,
    "done": true,
    "player": "32181894750570",
    "stage": {
        "stage": 4,
        "step": 2,
        "round": 5
    },
    "timestamp": 1619883717286,
    "session": "room000034"
}, {
    "contribution": 10,
    "time": 2901,
    "timeup": false,
    "done": true,
    "player": "554148920607416",
    "stage": {
        "stage": 4,
        "step": 1,
        "round": 6
    },
    "timestamp": 1619883720544,
    "session": "room000034"
}, {
    "contribution": 0,
    "time": 4325,
    "timeup": false,
    "done": true,
    "player": "278710383541988",
    "stage": {
        "stage": 4,
        "step": 1,
        "round": 6
    },
    "timestamp": 1619883721832,
    "session": "room000034"
}, {
    "contribution": 20,
    "time": 4551,
    "timeup": false,
    "done": true,
    "player": "208880099142420",
    "stage": {
        "stage": 4,
        "step": 1,
        "round": 6
    },
    "timestamp": 1619883722128,
    "session": "room000034"
}, {
    "contribution": 15,
    "time": 6687,
    "timeup": false,
    "done": true,
    "player": "32181894750570",
    "stage": {
        "stage": 4,
        "step": 1,
        "round": 6
    },
    "timestamp": 1619883724240,
    "session": "room000034"
}, {
    "time": 2214,
    "timeup": false,
    "done": true,
    "player": "278710383541988",
    "stage": {
        "stage": 4,
        "step": 2,
        "round": 6
    },
    "timestamp": 1619883726684,
    "session": "room000034"
}, {
    "time": 3079,
    "timeup": false,
    "done": true,
    "player": "554148920607416",
    "stage": {
        "stage": 4,
        "step": 2,
        "round": 6
    },
    "timestamp": 1619883727704,
    "session": "room000034"
}, {
    "time": 11173,
    "timeup": false,
    "done": true,
    "player": "208880099142420",
    "stage": {
        "stage": 4,
        "step": 2,
        "round": 6
    },
    "timestamp": 1619883735785,
    "session": "room000034"
}, {
    "time": 16153,
    "timeup": false,
    "done": true,
    "player": "32181894750570",
    "stage": {
        "stage": 4,
        "step": 2,
        "round": 6
    },
    "timestamp": 1619883740670,
    "session": "room000034"
}, {
    "contribution": 20,
    "time": 2933,
    "timeup": false,
    "done": true,
    "player": "208880099142420",
    "stage": {
        "stage": 4,
        "step": 1,
        "round": 7
    },
    "timestamp": 1619883743927,
    "session": "room000034"
}, {
    "contribution": 0,
    "time": 3580,
    "timeup": false,
    "done": true,
    "player": "554148920607416",
    "stage": {
        "stage": 4,
        "step": 1,
        "round": 7
    },
    "timestamp": 1619883744612,
    "session": "room000034"
}, {
    "contribution": 20,
    "time": 4253,
    "timeup": false,
    "done": true,
    "player": "278710383541988",
    "stage": {
        "stage": 4,
        "step": 1,
        "round": 7
    },
    "timestamp": 1619883745146,
    "session": "room000034"
}, {
    "contribution": 10,
    "time": 7046,
    "timeup": false,
    "done": true,
    "player": "32181894750570",
    "stage": {
        "stage": 4,
        "step": 1,
        "round": 7
    },
    "timestamp": 1619883747989,
    "session": "room000034"
}, {
    "time": 2961,
    "timeup": false,
    "done": true,
    "player": "208880099142420",
    "stage": {
        "stage": 4,
        "step": 2,
        "round": 7
    },
    "timestamp": 1619883751262,
    "session": "room000034"
}, {
    "time": 3817,
    "timeup": false,
    "done": true,
    "player": "278710383541988",
    "stage": {
        "stage": 4,
        "step": 2,
        "round": 7
    },
    "timestamp": 1619883752360,
    "session": "room000034"
}, {
    "time": 5304,
    "timeup": false,
    "done": true,
    "player": "554148920607416",
    "stage": {
        "stage": 4,
        "step": 2,
        "round": 7
    },
    "timestamp": 1619883753680,
    "session": "room000034"
}, {
    "time": 7608,
    "timeup": false,
    "done": true,
    "player": "32181894750570",
    "stage": {
        "stage": 4,
        "step": 2,
        "round": 7
    },
    "timestamp": 1619883755890,
    "session": "room000034"
}, {
    "contribution": 10,
    "time": 2762,
    "timeup": false,
    "done": true,
    "player": "554148920607416",
    "stage": {
        "stage": 4,
        "step": 1,
        "round": 8
    },
    "timestamp": 1619883759000,
    "session": "room000034"
}, {
    "contribution": 20,
    "time": 4095,
    "timeup": false,
    "done": true,
    "player": "208880099142420",
    "stage": {
        "stage": 4,
        "step": 1,
        "round": 8
    },
    "timestamp": 1619883760303,
    "session": "room000034"
}, {
    "contribution": 20,
    "time": 5734,
    "timeup": false,
    "done": true,
    "player": "32181894750570",
    "stage": {
        "stage": 4,
        "step": 1,
        "round": 8
    },
    "timestamp": 1619883761897,
    "session": "room000034"
}, {
    "contribution": 20,
    "time": 8644,
    "timeup": false,
    "done": true,
    "player": "278710383541988",
    "stage": {
        "stage": 4,
        "step": 1,
        "round": 8
    },
    "timestamp": 1619883764782,
    "session": "room000034"
}, {
    "time": 1236,
    "timeup": false,
    "done": true,
    "player": "208880099142420",
    "stage": {
        "stage": 4,
        "step": 2,
        "round": 8
    },
    "timestamp": 1619883766351,
    "session": "room000034"
}, {
    "time": 3139,
    "timeup": false,
    "done": true,
    "player": "554148920607416",
    "stage": {
        "stage": 4,
        "step": 2,
        "round": 8
    },
    "timestamp": 1619883768294,
    "session": "room000034"
}, {
    "time": 4052,
    "timeup": false,
    "done": true,
    "player": "278710383541988",
    "stage": {
        "stage": 4,
        "step": 2,
        "round": 8
    },
    "timestamp": 1619883769070,
    "session": "room000034"
}, {
    "time": 7995,
    "timeup": false,
    "done": true,
    "player": "32181894750570",
    "stage": {
        "stage": 4,
        "step": 2,
        "round": 8
    },
    "timestamp": 1619883773056,
    "session": "room000034"
}, {
    "contribution": 0,
    "time": 2744,
    "timeup": false,
    "done": true,
    "player": "554148920607416",
    "stage": {
        "stage": 4,
        "step": 1,
        "round": 9
    },
    "timestamp": 1619883776162,
    "session": "room000034"
}, {
    "contribution": 20,
    "time": 2935,
    "timeup": false,
    "done": true,
    "player": "32181894750570",
    "stage": {
        "stage": 4,
        "step": 1,
        "round": 9
    },
    "timestamp": 1619883776255,
    "session": "room000034"
}, {
    "contribution": 20,
    "time": 2987,
    "timeup": false,
    "done": true,
    "player": "208880099142420",
    "stage": {
        "stage": 4,
        "step": 1,
        "round": 9
    },
    "timestamp": 1619883776382,
    "session": "room000034"
}, {
    "contribution": 20,
    "time": 4281,
    "timeup": false,
    "done": true,
    "player": "278710383541988",
    "stage": {
        "stage": 4,
        "step": 1,
        "round": 9
    },
    "timestamp": 1619883777555,
    "session": "room000034"
}, {
    "time": 2508,
    "timeup": false,
    "done": true,
    "player": "208880099142420",
    "stage": {
        "stage": 4,
        "step": 2,
        "round": 9
    },
    "timestamp": 1619883780391,
    "session": "room000034"
}, {
    "time": 2929,
    "timeup": false,
    "done": true,
    "player": "554148920607416",
    "stage": {
        "stage": 4,
        "step": 2,
        "round": 9
    },
    "timestamp": 1619883780845,
    "session": "room000034"
}, {
    "time": 3492,
    "timeup": false,
    "done": true,
    "player": "278710383541988",
    "stage": {
        "stage": 4,
        "step": 2,
        "round": 9
    },
    "timestamp": 1619883781278,
    "session": "room000034"
}, {
    "time": 6704,
    "timeup": false,
    "done": true,
    "player": "32181894750570",
    "stage": {
        "stage": 4,
        "step": 2,
        "round": 9
    },
    "timestamp": 1619883784598,
    "session": "room000034"
}, {
    "contribution": 10,
    "time": 3606,
    "timeup": false,
    "done": true,
    "player": "32181894750570",
    "stage": {
        "stage": 4,
        "step": 1,
        "round": 10
    },
    "timestamp": 1619883788490,
    "session": "room000034"
}, {
    "contribution": 15,
    "time": 3570,
    "timeup": false,
    "done": true,
    "player": "554148920607416",
    "stage": {
        "stage": 4,
        "step": 1,
        "round": 10
    },
    "timestamp": 1619883788531,
    "session": "room000034"
}, {
    "contribution": 20,
    "time": 3897,
    "timeup": false,
    "done": true,
    "player": "208880099142420",
    "stage": {
        "stage": 4,
        "step": 1,
        "round": 10
    },
    "timestamp": 1619883788831,
    "session": "room000034"
}, {
    "contribution": 20,
    "time": 4104,
    "timeup": false,
    "done": true,
    "player": "278710383541988",
    "stage": {
        "stage": 4,
        "step": 1,
        "round": 10
    },
    "timestamp": 1619883788925,
    "session": "room000034"
}, {
    "time": 2395,
    "timeup": false,
    "done": true,
    "player": "554148920607416",
    "stage": {
        "stage": 4,
        "step": 2,
        "round": 10
    },
    "timestamp": 1619883791694,
    "session": "room000034"
}, {
    "time": 2652,
    "timeup": false,
    "done": true,
    "player": "278710383541988",
    "stage": {
        "stage": 4,
        "step": 2,
        "round": 10
    },
    "timestamp": 1619883791811,
    "session": "room000034"
}, {
    "time": 2896,
    "timeup": false,
    "done": true,
    "player": "208880099142420",
    "stage": {
        "stage": 4,
        "step": 2,
        "round": 10
    },
    "timestamp": 1619883792135,
    "session": "room000034"
}, {
    "time": 7700,
    "timeup": false,
    "done": true,
    "player": "32181894750570",
    "stage": {
        "stage": 4,
        "step": 2,
        "round": 10
    },
    "timestamp": 1619883796906,
    "session": "room000034"
}, {
    "communication": "Ano",
    "agreement": "Ne",
    "real1": "Neměli jsme nic domluveno",
    "real2": "Neměli jsme nic domluveno",
    "strategy": "Náhodně vybírat částky",
    "time": 25967,
    "timeup": false,
    "done": true,
    "player": "554148920607416",
    "stage": {
        "stage": 5,
        "step": 1,
        "round": 1
    },
    "timestamp": 1619883823104,
    "session": "room000034"
}, {
    "communication": "Ano",
    "agreement": "Ne",
    "real1": "Neměli jsme nic domluveno",
    "real2": "Neměli jsme nic domluveno",
    "strategy": "Maximalizovat výnos skupiny",
    "time": 32964,
    "timeup": false,
    "done": true,
    "player": "208880099142420",
    "stage": {
        "stage": 5,
        "step": 1,
        "round": 1
    },
    "timestamp": 1619883830100,
    "session": "room000034"
}, {
    "communication": "Ne",
    "agreement": "Ne",
    "real1": "Neměli jsme nic domluveno",
    "real2": "Neměli jsme nic domluveno",
    "strategy": "Minimilizovat rozdíly mezi mým výnosem a výnosem spoluhráčů",
    "time": 33783,
    "timeup": false,
    "done": true,
    "player": "32181894750570",
    "stage": {
        "stage": 5,
        "step": 1,
        "round": 1
    },
    "timestamp": 1619883830865,
    "session": "room000034"
}, {
    "communication": "Ano",
    "agreement": "Ne",
    "real1": "Neměli jsme nic domluveno",
    "real2": "Neměli jsme nic domluveno",
    "strategy": "Jiná (prosím, popište níže)",
    "time": 47521,
    "timeup": false,
    "done": true,
    "player": "278710383541988",
    "stage": {
        "stage": 5,
        "step": 1,
        "round": 1
    },
    "timestamp": 1619883844615,
    "session": "room000034"
}, {
    "value": "sayfight@gmail.com",
    "timeBegin": 4293,
    "timeEnd": 7812,
    "isCorrect": true,
    "id": "email",
    "time": 9393,
    "timeup": false,
    "done": true,
    "player": "554148920607416",
    "stage": {
        "stage": 6,
        "step": 1,
        "round": 1
    },
    "timestamp": 1619883854276,
    "session": "room000034"
}, {
    "value": "hicix89632@cnxingye.com",
    "timeBegin": 19431,
    "timeEnd": 19431,
    "isCorrect": true,
    "id": "email",
    "time": 20041,
    "timeup": false,
    "done": true,
    "player": "278710383541988",
    "stage": {
        "stage": 6,
        "step": 1,
        "round": 1
    },
    "timestamp": 1619883864857,
    "session": "room000034"
}, {
    "value": "nohev12609@drluotan.com",
    "timeBegin": 12825,
    "timeEnd": 29727,
    "isCorrect": true,
    "id": "email",
    "time": 30488,
    "timeup": false,
    "done": true,
    "player": "32181894750570",
    "stage": {
        "stage": 6,
        "step": 1,
        "round": 1
    },
    "timestamp": 1619883875274,
    "session": "room000034"
}, {
    "value": "Nibbsy99@gmail.com",
    "timeBegin": 15896,
    "timeEnd": 37106,
    "isCorrect": true,
    "id": "email",
    "time": 38411,
    "timeup": false,
    "done": true,
    "player": "208880099142420",
    "stage": {
        "stage": 6,
        "step": 1,
        "round": 1
    },
    "timestamp": 1619883883229,
    "session": "room000034"
}]