"session","player","time","communication","agreement","real1","real2","strategy"
"room000034","554148920607416",25967,"Ano","Ne","Neměli jsme nic domluveno","Neměli jsme nic domluveno","Náhodně vybírat částky"
"room000034","208880099142420",32964,"Ano","Ne","Neměli jsme nic domluveno","Neměli jsme nic domluveno","Maximalizovat výnos skupiny"
"room000034","32181894750570",33783,"Ne","Ne","Neměli jsme nic domluveno","Neměli jsme nic domluveno","Minimilizovat rozdíly mezi mým výnosem a výnosem spoluhráčů"
"room000034","278710383541988",47521,"Ano","Ne","Neměli jsme nic domluveno","Neměli jsme nic domluveno","Jiná (prosím\, popište níže)"
