[{
    "time": 12110,
    "timeup": false,
    "done": true,
    "player": "59682968934707",
    "stage": {
        "stage": 1,
        "step": 1,
        "round": 1
    },
    "timestamp": 1619958345248,
    "session": "room000042"
}, {
    "time": 12094,
    "timeup": false,
    "done": true,
    "player": "342092295950835",
    "stage": {
        "stage": 1,
        "step": 1,
        "round": 1
    },
    "timestamp": 1619958345949,
    "session": "room000042"
}, {
    "time": 15821,
    "timeup": false,
    "done": true,
    "player": "746077362289485",
    "stage": {
        "stage": 1,
        "step": 1,
        "round": 1
    },
    "timestamp": 1619958349067,
    "session": "room000042"
}, {
    "time": 62185,
    "timeup": false,
    "done": true,
    "player": "638349780413116",
    "stage": {
        "stage": 1,
        "step": 1,
        "round": 1
    },
    "timestamp": 1619958395737,
    "session": "room000042"
}, {
    "order": [
        0,
        1,
        2,
        3,
        4
    ],
    "forms": {
        "coinsEveryRound": {
            "id": "coinsEveryRound",
            "choice": "0",
            "time": 5852,
            "nClicks": 1,
            "order": [
                3,
                0,
                1,
                2
            ],
            "value": "20",
            "isCorrect": true,
            "attempts": [
                "0"
            ]
        },
        "coinsMaxi": {
            "id": "coinsMaxi",
            "choice": "0",
            "time": 15477,
            "nClicks": 1,
            "order": [
                0,
                3,
                1,
                2
            ],
            "value": "40",
            "isCorrect": true,
            "attempts": [
                "0"
            ]
        },
        "coinsMini": {
            "id": "coinsMini",
            "choice": "0",
            "time": 26054,
            "nClicks": 1,
            "order": [
                0,
                3,
                1,
                2
            ],
            "value": "10",
            "isCorrect": true,
            "attempts": [
                "0"
            ]
        },
        "coinsOthers": {
            "id": "coinsOthers",
            "choice": "0",
            "time": 39475,
            "nClicks": 1,
            "order": [
                2,
                3,
                1,
                0
            ],
            "value": "30",
            "isCorrect": true,
            "attempts": [
                "0"
            ]
        },
        "lowestPayment1": {
            "id": "lowestPayment1",
            "choice": "0",
            "time": 56263,
            "nClicks": 1,
            "order": [
                2,
                3,
                1,
                0
            ],
            "value": "15",
            "isCorrect": true,
            "attempts": [
                "0"
            ]
        }
    },
    "missValues": [],
    "id": "quiz",
    "isCorrect": true,
    "time": 57607,
    "timeup": false,
    "done": true,
    "player": "746077362289485",
    "stage": {
        "stage": 2,
        "step": 1,
        "round": 1
    },
    "timestamp": 1619958453874,
    "session": "room000042"
}, {
    "order": [
        0,
        1,
        2,
        3,
        4
    ],
    "forms": {
        "coinsEveryRound": {
            "id": "coinsEveryRound",
            "choice": "0",
            "time": 4275,
            "nClicks": 1,
            "order": [
                2,
                0,
                3,
                1
            ],
            "value": "20",
            "isCorrect": true,
            "attempts": [
                "0"
            ]
        },
        "coinsMaxi": {
            "id": "coinsMaxi",
            "choice": "0",
            "time": 11788,
            "nClicks": 1,
            "order": [
                3,
                0,
                1,
                2
            ],
            "value": "40",
            "isCorrect": true,
            "attempts": [
                "0"
            ]
        },
        "coinsMini": {
            "id": "coinsMini",
            "choice": "0",
            "time": 24331,
            "nClicks": 1,
            "order": [
                1,
                2,
                0,
                3
            ],
            "value": "10",
            "isCorrect": true,
            "attempts": [
                "0"
            ]
        },
        "coinsOthers": {
            "id": "coinsOthers",
            "choice": "0",
            "time": 37171,
            "nClicks": 2,
            "order": [
                3,
                0,
                1,
                2
            ],
            "value": "30",
            "isCorrect": true,
            "attempts": [
                "0"
            ]
        },
        "lowestPayment1": {
            "id": "lowestPayment1",
            "choice": "0",
            "time": 54451,
            "nClicks": 1,
            "order": [
                0,
                2,
                1,
                3
            ],
            "value": "15",
            "isCorrect": true,
            "attempts": [
                "0"
            ]
        }
    },
    "missValues": [],
    "id": "quiz",
    "isCorrect": true,
    "time": 59485,
    "timeup": false,
    "done": true,
    "player": "342092295950835",
    "stage": {
        "stage": 2,
        "step": 1,
        "round": 1
    },
    "timestamp": 1619958456436,
    "session": "room000042"
}, {
    "order": [
        0,
        1,
        2,
        3,
        4
    ],
    "forms": {
        "coinsEveryRound": {
            "id": "coinsEveryRound",
            "choice": "0",
            "time": 6785,
            "nClicks": 1,
            "order": [
                3,
                1,
                0,
                2
            ],
            "value": "20",
            "isCorrect": true,
            "attempts": [
                "0",
                "0",
                "0"
            ]
        },
        "coinsMaxi": {
            "id": "coinsMaxi",
            "choice": "0",
            "time": 17878,
            "nClicks": 1,
            "order": [
                0,
                1,
                2,
                3
            ],
            "value": "40",
            "isCorrect": true,
            "attempts": [
                "0",
                "0",
                "0"
            ]
        },
        "coinsMini": {
            "id": "coinsMini",
            "choice": "0",
            "time": 36719,
            "nClicks": 1,
            "order": [
                0,
                3,
                1,
                2
            ],
            "value": "10",
            "isCorrect": true,
            "attempts": [
                "0",
                "0",
                "0"
            ]
        },
        "coinsOthers": {
            "id": "coinsOthers",
            "choice": "0",
            "time": 67099,
            "nClicks": 3,
            "order": [
                2,
                1,
                3,
                0
            ],
            "value": "30",
            "isCorrect": true,
            "attempts": [
                "1",
                "3",
                "0"
            ]
        },
        "lowestPayment1": {
            "id": "lowestPayment1",
            "choice": "0",
            "time": 46029,
            "nClicks": 1,
            "order": [
                1,
                2,
                3,
                0
            ],
            "value": "15",
            "isCorrect": true,
            "attempts": [
                "0",
                "0",
                "0"
            ]
        }
    },
    "missValues": [],
    "id": "quiz",
    "isCorrect": true,
    "time": 67879,
    "timeup": false,
    "done": true,
    "player": "638349780413116",
    "stage": {
        "stage": 2,
        "step": 1,
        "round": 1
    },
    "timestamp": 1619958463916,
    "session": "room000042"
}, {
    "order": [
        0,
        1,
        2,
        3,
        4
    ],
    "forms": {
        "coinsEveryRound": {
            "id": "coinsEveryRound",
            "choice": "0",
            "time": 6776,
            "nClicks": 1,
            "order": [
                0,
                2,
                1,
                3
            ],
            "value": "20",
            "isCorrect": true,
            "attempts": [
                "0",
                "0",
                "0",
                "0",
                "0"
            ]
        },
        "coinsMaxi": {
            "id": "coinsMaxi",
            "choice": "0",
            "time": 171394,
            "nClicks": 5,
            "order": [
                1,
                2,
                0,
                3
            ],
            "value": "40",
            "isCorrect": true,
            "attempts": [
                "2",
                "1",
                "2",
                "3",
                "0"
            ]
        },
        "coinsMini": {
            "id": "coinsMini",
            "choice": "0",
            "time": 47383,
            "nClicks": 1,
            "order": [
                0,
                2,
                3,
                1
            ],
            "value": "10",
            "isCorrect": true,
            "attempts": [
                "0",
                "0",
                "0",
                "0",
                "0"
            ]
        },
        "coinsOthers": {
            "id": "coinsOthers",
            "choice": "0",
            "time": 144491,
            "nClicks": 2,
            "order": [
                3,
                1,
                0,
                2
            ],
            "value": "30",
            "isCorrect": true,
            "attempts": [
                "3",
                "0",
                "0",
                "0",
                "0"
            ]
        },
        "lowestPayment1": {
            "id": "lowestPayment1",
            "choice": "0",
            "time": 110041,
            "nClicks": 1,
            "order": [
                2,
                0,
                1,
                3
            ],
            "value": "15",
            "isCorrect": true,
            "attempts": [
                "0",
                "0",
                "0",
                "0",
                "0"
            ]
        }
    },
    "missValues": [],
    "id": "quiz",
    "isCorrect": true,
    "time": 175041,
    "timeup": false,
    "done": true,
    "player": "59682968934707",
    "stage": {
        "stage": 2,
        "step": 1,
        "round": 1
    },
    "timestamp": 1619958571248,
    "session": "room000042"
}, {
    "znajiSe": "7-velmi dobře",
    "blizkost": "7-velmi blízký",
    "kooperujeKam": "7-velmi spolupracuji",
    "kooperujeCiz": "7-velmi spolupracuji",
    "time": 15381,
    "timeup": false,
    "done": true,
    "player": "59682968934707",
    "stage": {
        "stage": 3,
        "step": 1,
        "round": 1
    },
    "timestamp": 1619958587046,
    "session": "room000042"
}, {
    "znajiSe": "7-velmi dobře",
    "blizkost": "7-velmi blízký",
    "kooperujeKam": "6",
    "kooperujeCiz": "5",
    "time": 37262,
    "timeup": false,
    "done": true,
    "player": "746077362289485",
    "stage": {
        "stage": 3,
        "step": 1,
        "round": 1
    },
    "timestamp": 1619958608921,
    "session": "room000042"
}, {
    "znajiSe": "7-velmi dobře",
    "blizkost": "7-velmi blízký",
    "kooperujeKam": "5",
    "kooperujeCiz": "5",
    "time": 38365,
    "timeup": false,
    "done": true,
    "player": "342092295950835",
    "stage": {
        "stage": 3,
        "step": 1,
        "round": 1
    },
    "timestamp": 1619958610154,
    "session": "room000042"
}, {
    "znajiSe": "6",
    "blizkost": "6",
    "kooperujeKam": "6",
    "kooperujeCiz": "6",
    "time": 41748,
    "timeup": false,
    "done": true,
    "player": "638349780413116",
    "stage": {
        "stage": 3,
        "step": 1,
        "round": 1
    },
    "timestamp": 1619958613344,
    "session": "room000042"
}, {
    "contribution": 20,
    "time": 7627,
    "timeup": false,
    "done": true,
    "player": "746077362289485",
    "stage": {
        "stage": 4,
        "step": 1,
        "round": 1
    },
    "timestamp": 1619958622313,
    "session": "room000042"
}, {
    "contribution": 20,
    "time": 8186,
    "timeup": false,
    "done": true,
    "player": "59682968934707",
    "stage": {
        "stage": 4,
        "step": 1,
        "round": 1
    },
    "timestamp": 1619958622842,
    "session": "room000042"
}, {
    "contribution": 20,
    "time": 10315,
    "timeup": false,
    "done": true,
    "player": "342092295950835",
    "stage": {
        "stage": 4,
        "step": 1,
        "round": 1
    },
    "timestamp": 1619958624755,
    "session": "room000042"
}, {
    "contribution": 20,
    "time": 14412,
    "timeup": false,
    "done": true,
    "player": "638349780413116",
    "stage": {
        "stage": 4,
        "step": 1,
        "round": 1
    },
    "timestamp": 1619958628787,
    "session": "room000042"
}, {
    "time": 4220,
    "timeup": false,
    "done": true,
    "player": "59682968934707",
    "stage": {
        "stage": 4,
        "step": 2,
        "round": 1
    },
    "timestamp": 1619958634384,
    "session": "room000042"
}, {
    "time": 6331,
    "timeup": false,
    "done": true,
    "player": "638349780413116",
    "stage": {
        "stage": 4,
        "step": 2,
        "round": 1
    },
    "timestamp": 1619958635858,
    "session": "room000042"
}, {
    "time": 10471,
    "timeup": false,
    "done": true,
    "player": "746077362289485",
    "stage": {
        "stage": 4,
        "step": 2,
        "round": 1
    },
    "timestamp": 1619958640357,
    "session": "room000042"
}, {
    "time": 11679,
    "timeup": false,
    "done": true,
    "player": "342092295950835",
    "stage": {
        "stage": 4,
        "step": 2,
        "round": 1
    },
    "timestamp": 1619958641643,
    "session": "room000042"
}, {
    "contribution": 20,
    "time": 5563,
    "timeup": false,
    "done": true,
    "player": "59682968934707",
    "stage": {
        "stage": 4,
        "step": 1,
        "round": 2
    },
    "timestamp": 1619958647956,
    "session": "room000042"
}, {
    "contribution": 20,
    "time": 7033,
    "timeup": false,
    "done": true,
    "player": "638349780413116",
    "stage": {
        "stage": 4,
        "step": 1,
        "round": 2
    },
    "timestamp": 1619958649124,
    "session": "room000042"
}, {
    "contribution": 20,
    "time": 10408,
    "timeup": false,
    "done": true,
    "player": "746077362289485",
    "stage": {
        "stage": 4,
        "step": 1,
        "round": 2
    },
    "timestamp": 1619958652971,
    "session": "room000042"
}, {
    "contribution": 20,
    "time": 17053,
    "timeup": false,
    "done": true,
    "player": "342092295950835",
    "stage": {
        "stage": 4,
        "step": 1,
        "round": 2
    },
    "timestamp": 1619958659485,
    "session": "room000042"
}, {
    "time": 2203,
    "timeup": false,
    "done": true,
    "player": "342092295950835",
    "stage": {
        "stage": 4,
        "step": 2,
        "round": 2
    },
    "timestamp": 1619958662385,
    "session": "room000042"
}, {
    "time": 2999,
    "timeup": false,
    "done": true,
    "player": "746077362289485",
    "stage": {
        "stage": 4,
        "step": 2,
        "round": 2
    },
    "timestamp": 1619958663485,
    "session": "room000042"
}, {
    "time": 3863,
    "timeup": false,
    "done": true,
    "player": "59682968934707",
    "stage": {
        "stage": 4,
        "step": 2,
        "round": 2
    },
    "timestamp": 1619958664033,
    "session": "room000042"
}, {
    "time": 8200,
    "timeup": false,
    "done": true,
    "player": "638349780413116",
    "stage": {
        "stage": 4,
        "step": 2,
        "round": 2
    },
    "timestamp": 1619958668363,
    "session": "room000042"
}, {
    "contribution": 20,
    "time": 6486,
    "timeup": false,
    "done": true,
    "player": "746077362289485",
    "stage": {
        "stage": 4,
        "step": 1,
        "round": 3
    },
    "timestamp": 1619958675500,
    "session": "room000042"
}, {
    "contribution": 20,
    "time": 7630,
    "timeup": false,
    "done": true,
    "player": "342092295950835",
    "stage": {
        "stage": 4,
        "step": 1,
        "round": 3
    },
    "timestamp": 1619958676908,
    "session": "room000042"
}, {
    "contribution": 20,
    "time": 9825,
    "timeup": false,
    "done": true,
    "player": "59682968934707",
    "stage": {
        "stage": 4,
        "step": 1,
        "round": 3
    },
    "timestamp": 1619958678728,
    "session": "room000042"
}, {
    "contribution": 20,
    "time": 11846,
    "timeup": false,
    "done": true,
    "player": "638349780413116",
    "stage": {
        "stage": 4,
        "step": 1,
        "round": 3
    },
    "timestamp": 1619958680609,
    "session": "room000042"
}, {
    "time": 2846,
    "timeup": false,
    "done": true,
    "player": "638349780413116",
    "stage": {
        "stage": 4,
        "step": 2,
        "round": 3
    },
    "timestamp": 1619958683927,
    "session": "room000042"
}, {
    "time": 3965,
    "timeup": false,
    "done": true,
    "player": "59682968934707",
    "stage": {
        "stage": 4,
        "step": 2,
        "round": 3
    },
    "timestamp": 1619958685200,
    "session": "room000042"
}, {
    "time": 3928,
    "timeup": false,
    "done": true,
    "player": "342092295950835",
    "stage": {
        "stage": 4,
        "step": 2,
        "round": 3
    },
    "timestamp": 1619958685467,
    "session": "room000042"
}, {
    "time": 5316,
    "timeup": false,
    "done": true,
    "player": "746077362289485",
    "stage": {
        "stage": 4,
        "step": 2,
        "round": 3
    },
    "timestamp": 1619958686451,
    "session": "room000042"
}, {
    "contribution": 20,
    "time": 4582,
    "timeup": false,
    "done": true,
    "player": "59682968934707",
    "stage": {
        "stage": 4,
        "step": 1,
        "round": 4
    },
    "timestamp": 1619958691581,
    "session": "room000042"
}, {
    "contribution": 20,
    "time": 6147,
    "timeup": false,
    "done": true,
    "player": "638349780413116",
    "stage": {
        "stage": 4,
        "step": 1,
        "round": 4
    },
    "timestamp": 1619958693060,
    "session": "room000042"
}, {
    "contribution": 20,
    "time": 6599,
    "timeup": false,
    "done": true,
    "player": "342092295950835",
    "stage": {
        "stage": 4,
        "step": 1,
        "round": 4
    },
    "timestamp": 1619958693705,
    "session": "room000042"
}, {
    "contribution": 20,
    "time": 8127,
    "timeup": false,
    "done": true,
    "player": "746077362289485",
    "stage": {
        "stage": 4,
        "step": 1,
        "round": 4
    },
    "timestamp": 1619958694949,
    "session": "room000042"
}, {
    "time": 1910,
    "timeup": false,
    "done": true,
    "player": "342092295950835",
    "stage": {
        "stage": 4,
        "step": 2,
        "round": 4
    },
    "timestamp": 1619958697705,
    "session": "room000042"
}, {
    "time": 2642,
    "timeup": false,
    "done": true,
    "player": "59682968934707",
    "stage": {
        "stage": 4,
        "step": 2,
        "round": 4
    },
    "timestamp": 1619958698274,
    "session": "room000042"
}, {
    "time": 3518,
    "timeup": false,
    "done": true,
    "player": "746077362289485",
    "stage": {
        "stage": 4,
        "step": 2,
        "round": 4
    },
    "timestamp": 1619958698929,
    "session": "room000042"
}, {
    "time": 5143,
    "timeup": false,
    "done": true,
    "player": "638349780413116",
    "stage": {
        "stage": 4,
        "step": 2,
        "round": 4
    },
    "timestamp": 1619958700642,
    "session": "room000042"
}, {
    "contribution": 20,
    "time": 4410,
    "timeup": false,
    "done": true,
    "player": "59682968934707",
    "stage": {
        "stage": 4,
        "step": 1,
        "round": 5
    },
    "timestamp": 1619958705668,
    "session": "room000042"
}, {
    "contribution": 20,
    "time": 10258,
    "timeup": false,
    "done": true,
    "player": "342092295950835",
    "stage": {
        "stage": 4,
        "step": 1,
        "round": 5
    },
    "timestamp": 1619958711593,
    "session": "room000042"
}, {
    "contribution": 20,
    "time": 13443,
    "timeup": false,
    "done": true,
    "player": "746077362289485",
    "stage": {
        "stage": 4,
        "step": 1,
        "round": 5
    },
    "timestamp": 1619958714665,
    "session": "room000042"
}, {
    "contribution": 20,
    "time": 13691,
    "timeup": false,
    "done": true,
    "player": "638349780413116",
    "stage": {
        "stage": 4,
        "step": 1,
        "round": 5
    },
    "timestamp": 1619958714761,
    "session": "room000042"
}, {
    "time": 1295,
    "timeup": false,
    "done": true,
    "player": "342092295950835",
    "stage": {
        "stage": 4,
        "step": 2,
        "round": 5
    },
    "timestamp": 1619958716824,
    "session": "room000042"
}, {
    "time": 2694,
    "timeup": false,
    "done": true,
    "player": "638349780413116",
    "stage": {
        "stage": 4,
        "step": 2,
        "round": 5
    },
    "timestamp": 1619958717910,
    "session": "room000042"
}, {
    "time": 3554,
    "timeup": false,
    "done": true,
    "player": "746077362289485",
    "stage": {
        "stage": 4,
        "step": 2,
        "round": 5
    },
    "timestamp": 1619958718766,
    "session": "room000042"
}, {
    "time": 5088,
    "timeup": false,
    "done": true,
    "player": "59682968934707",
    "stage": {
        "stage": 4,
        "step": 2,
        "round": 5
    },
    "timestamp": 1619958720544,
    "session": "room000042"
}, {
    "contribution": 20,
    "time": 4522,
    "timeup": false,
    "done": true,
    "player": "59682968934707",
    "stage": {
        "stage": 4,
        "step": 1,
        "round": 6
    },
    "timestamp": 1619958725833,
    "session": "room000042"
}, {
    "contribution": 20,
    "time": 4703,
    "timeup": false,
    "done": true,
    "player": "746077362289485",
    "stage": {
        "stage": 4,
        "step": 1,
        "round": 6
    },
    "timestamp": 1619958726158,
    "session": "room000042"
}, {
    "contribution": 20,
    "time": 8108,
    "timeup": false,
    "done": true,
    "player": "342092295950835",
    "stage": {
        "stage": 4,
        "step": 1,
        "round": 6
    },
    "timestamp": 1619958729553,
    "session": "room000042"
}, {
    "contribution": 20,
    "time": 11920,
    "timeup": false,
    "done": true,
    "player": "638349780413116",
    "stage": {
        "stage": 4,
        "step": 1,
        "round": 6
    },
    "timestamp": 1619958733054,
    "session": "room000042"
}, {
    "time": 3738,
    "timeup": false,
    "done": true,
    "player": "638349780413116",
    "stage": {
        "stage": 4,
        "step": 2,
        "round": 6
    },
    "timestamp": 1619958737231,
    "session": "room000042"
}, {
    "time": 3909,
    "timeup": false,
    "done": true,
    "player": "342092295950835",
    "stage": {
        "stage": 4,
        "step": 2,
        "round": 6
    },
    "timestamp": 1619958737825,
    "session": "room000042"
}, {
    "time": 4235,
    "timeup": false,
    "done": true,
    "player": "59682968934707",
    "stage": {
        "stage": 4,
        "step": 2,
        "round": 6
    },
    "timestamp": 1619958737884,
    "session": "room000042"
}, {
    "time": 6884,
    "timeup": false,
    "done": true,
    "player": "746077362289485",
    "stage": {
        "stage": 4,
        "step": 2,
        "round": 6
    },
    "timestamp": 1619958740652,
    "session": "room000042"
}, {
    "contribution": 20,
    "time": 3809,
    "timeup": false,
    "done": true,
    "player": "342092295950835",
    "stage": {
        "stage": 4,
        "step": 1,
        "round": 7
    },
    "timestamp": 1619958745186,
    "session": "room000042"
}, {
    "contribution": 20,
    "time": 4518,
    "timeup": false,
    "done": true,
    "player": "59682968934707",
    "stage": {
        "stage": 4,
        "step": 1,
        "round": 7
    },
    "timestamp": 1619958746226,
    "session": "room000042"
}, {
    "contribution": 20,
    "time": 6664,
    "timeup": false,
    "done": true,
    "player": "638349780413116",
    "stage": {
        "stage": 4,
        "step": 1,
        "round": 7
    },
    "timestamp": 1619958747795,
    "session": "room000042"
}, {
    "contribution": 20,
    "time": 6890,
    "timeup": false,
    "done": true,
    "player": "746077362289485",
    "stage": {
        "stage": 4,
        "step": 1,
        "round": 7
    },
    "timestamp": 1619958747985,
    "session": "room000042"
}, {
    "time": 1903,
    "timeup": false,
    "done": true,
    "player": "342092295950835",
    "stage": {
        "stage": 4,
        "step": 2,
        "round": 7
    },
    "timestamp": 1619958750666,
    "session": "room000042"
}, {
    "time": 3495,
    "timeup": false,
    "done": true,
    "player": "746077362289485",
    "stage": {
        "stage": 4,
        "step": 2,
        "round": 7
    },
    "timestamp": 1619958752091,
    "session": "room000042"
}, {
    "time": 3707,
    "timeup": false,
    "done": true,
    "player": "638349780413116",
    "stage": {
        "stage": 4,
        "step": 2,
        "round": 7
    },
    "timestamp": 1619958752170,
    "session": "room000042"
}, {
    "time": 7543,
    "timeup": false,
    "done": true,
    "player": "59682968934707",
    "stage": {
        "stage": 4,
        "step": 2,
        "round": 7
    },
    "timestamp": 1619958756188,
    "session": "room000042"
}, {
    "contribution": 20,
    "time": 3663,
    "timeup": false,
    "done": true,
    "player": "638349780413116",
    "stage": {
        "stage": 4,
        "step": 1,
        "round": 8
    },
    "timestamp": 1619958760359,
    "session": "room000042"
}, {
    "contribution": 20,
    "time": 4496,
    "timeup": false,
    "done": true,
    "player": "342092295950835",
    "stage": {
        "stage": 4,
        "step": 1,
        "round": 8
    },
    "timestamp": 1619958761345,
    "session": "room000042"
}, {
    "contribution": 20,
    "time": 4417,
    "timeup": false,
    "done": true,
    "player": "59682968934707",
    "stage": {
        "stage": 4,
        "step": 1,
        "round": 8
    },
    "timestamp": 1619958761377,
    "session": "room000042"
}, {
    "contribution": 20,
    "time": 7526,
    "timeup": false,
    "done": true,
    "player": "746077362289485",
    "stage": {
        "stage": 4,
        "step": 1,
        "round": 8
    },
    "timestamp": 1619958764271,
    "session": "room000042"
}, {
    "time": 2000,
    "timeup": false,
    "done": true,
    "player": "638349780413116",
    "stage": {
        "stage": 4,
        "step": 2,
        "round": 8
    },
    "timestamp": 1619958766798,
    "session": "room000042"
}, {
    "time": 2330,
    "timeup": false,
    "done": true,
    "player": "342092295950835",
    "stage": {
        "stage": 4,
        "step": 2,
        "round": 8
    },
    "timestamp": 1619958767386,
    "session": "room000042"
}, {
    "time": 2797,
    "timeup": false,
    "done": true,
    "player": "59682968934707",
    "stage": {
        "stage": 4,
        "step": 2,
        "round": 8
    },
    "timestamp": 1619958767807,
    "session": "room000042"
}, {
    "time": 5362,
    "timeup": false,
    "done": true,
    "player": "746077362289485",
    "stage": {
        "stage": 4,
        "step": 2,
        "round": 8
    },
    "timestamp": 1619958770113,
    "session": "room000042"
}, {
    "contribution": 20,
    "time": 4272,
    "timeup": false,
    "done": true,
    "player": "638349780413116",
    "stage": {
        "stage": 4,
        "step": 1,
        "round": 9
    },
    "timestamp": 1619958774814,
    "session": "room000042"
}, {
    "contribution": 20,
    "time": 5745,
    "timeup": false,
    "done": true,
    "player": "59682968934707",
    "stage": {
        "stage": 4,
        "step": 1,
        "round": 9
    },
    "timestamp": 1619958776890,
    "session": "room000042"
}, {
    "contribution": 20,
    "time": 6741,
    "timeup": false,
    "done": true,
    "player": "342092295950835",
    "stage": {
        "stage": 4,
        "step": 1,
        "round": 9
    },
    "timestamp": 1619958777586,
    "session": "room000042"
}, {
    "contribution": 20,
    "time": 9870,
    "timeup": false,
    "done": true,
    "player": "746077362289485",
    "stage": {
        "stage": 4,
        "step": 1,
        "round": 9
    },
    "timestamp": 1619958780378,
    "session": "room000042"
}, {
    "time": 1820,
    "timeup": false,
    "done": true,
    "player": "638349780413116",
    "stage": {
        "stage": 4,
        "step": 2,
        "round": 9
    },
    "timestamp": 1619958782648,
    "session": "room000042"
}, {
    "time": 3073,
    "timeup": false,
    "done": true,
    "player": "59682968934707",
    "stage": {
        "stage": 4,
        "step": 2,
        "round": 9
    },
    "timestamp": 1619958784188,
    "session": "room000042"
}, {
    "time": 3076,
    "timeup": false,
    "done": true,
    "player": "342092295950835",
    "stage": {
        "stage": 4,
        "step": 2,
        "round": 9
    },
    "timestamp": 1619958784266,
    "session": "room000042"
}, {
    "time": 4888,
    "timeup": false,
    "done": true,
    "player": "746077362289485",
    "stage": {
        "stage": 4,
        "step": 2,
        "round": 9
    },
    "timestamp": 1619958785782,
    "session": "room000042"
}, {
    "contribution": 20,
    "time": 3318,
    "timeup": false,
    "done": true,
    "player": "342092295950835",
    "stage": {
        "stage": 4,
        "step": 1,
        "round": 10
    },
    "timestamp": 1619958789750,
    "session": "room000042"
}, {
    "contribution": 20,
    "time": 4092,
    "timeup": false,
    "done": true,
    "player": "59682968934707",
    "stage": {
        "stage": 4,
        "step": 1,
        "round": 10
    },
    "timestamp": 1619958790430,
    "session": "room000042"
}, {
    "contribution": 20,
    "time": 5786,
    "timeup": false,
    "done": true,
    "player": "638349780413116",
    "stage": {
        "stage": 4,
        "step": 1,
        "round": 10
    },
    "timestamp": 1619958792002,
    "session": "room000042"
}, {
    "contribution": 20,
    "time": 6586,
    "timeup": false,
    "done": true,
    "player": "746077362289485",
    "stage": {
        "stage": 4,
        "step": 1,
        "round": 10
    },
    "timestamp": 1619958792781,
    "session": "room000042"
}, {
    "time": 1549,
    "timeup": false,
    "done": true,
    "player": "638349780413116",
    "stage": {
        "stage": 4,
        "step": 2,
        "round": 10
    },
    "timestamp": 1619958794806,
    "session": "room000042"
}, {
    "time": 1403,
    "timeup": false,
    "done": true,
    "player": "342092295950835",
    "stage": {
        "stage": 4,
        "step": 2,
        "round": 10
    },
    "timestamp": 1619958794994,
    "session": "room000042"
}, {
    "time": 2885,
    "timeup": false,
    "done": true,
    "player": "746077362289485",
    "stage": {
        "stage": 4,
        "step": 2,
        "round": 10
    },
    "timestamp": 1619958796229,
    "session": "room000042"
}, {
    "time": 3671,
    "timeup": false,
    "done": true,
    "player": "59682968934707",
    "stage": {
        "stage": 4,
        "step": 2,
        "round": 10
    },
    "timestamp": 1619958797228,
    "session": "room000042"
}, {
    "communication": "Ne",
    "agreement": "Ano",
    "real1": "Ano",
    "real2": "Ano",
    "strategy": "Maximalizovat výnos skupiny",
    "time": 21394,
    "timeup": false,
    "done": true,
    "player": "59682968934707",
    "stage": {
        "stage": 5,
        "step": 1,
        "round": 1
    },
    "timestamp": 1619958818830,
    "session": "room000042"
}, {
    "communication": "Ne",
    "agreement": "Ano",
    "real1": "Ano",
    "real2": "Ano",
    "strategy": "Maximalizovat výnos skupiny",
    "time": 26683,
    "timeup": false,
    "done": true,
    "player": "638349780413116",
    "stage": {
        "stage": 5,
        "step": 1,
        "round": 1
    },
    "timestamp": 1619958824231,
    "session": "room000042"
}, {
    "communication": "Ne",
    "agreement": "Ano",
    "real1": "Ano",
    "real2": "Ano",
    "strategy": "Maximalizovat výnos skupiny",
    "time": 36354,
    "timeup": false,
    "done": true,
    "player": "746077362289485",
    "stage": {
        "stage": 5,
        "step": 1,
        "round": 1
    },
    "timestamp": 1619958834086,
    "session": "room000042"
}, {
    "communication": "Ne",
    "agreement": "Ano",
    "real1": "Ano",
    "real2": "Ano",
    "strategy": "Maximalizovat výnos skupiny",
    "time": 37484,
    "timeup": false,
    "done": true,
    "player": "342092295950835",
    "stage": {
        "stage": 5,
        "step": 1,
        "round": 1
    },
    "timestamp": 1619958835363,
    "session": "room000042"
}, {
    "value": "kamca.simkova@gmail.com",
    "timeBegin": 4191,
    "timeEnd": 8685,
    "isCorrect": true,
    "id": "email",
    "time": 10675,
    "timeup": false,
    "done": true,
    "player": "638349780413116",
    "stage": {
        "stage": 6,
        "step": 1,
        "round": 1
    },
    "timestamp": 1619958846442,
    "session": "room000042"
}, {
    "value": "Tvarohova.b@gmail.com",
    "timeBegin": 8377,
    "timeEnd": 12398,
    "isCorrect": true,
    "id": "email",
    "time": 14034,
    "timeup": false,
    "done": true,
    "player": "746077362289485",
    "stage": {
        "stage": 6,
        "step": 1,
        "round": 1
    },
    "timestamp": 1619958849885,
    "session": "room000042"
}, {
    "value": "zuzana.petrikova9@gmail.com",
    "timeBegin": 4255,
    "timeEnd": 21258,
    "isCorrect": true,
    "id": "email",
    "time": 25410,
    "timeup": false,
    "done": true,
    "player": "59682968934707",
    "stage": {
        "stage": 6,
        "step": 1,
        "round": 1
    },
    "timestamp": 1619958861031,
    "session": "room000042"
}, {
    "value": "chobakt@gmail.com",
    "timeBegin": 17418,
    "timeEnd": 28405,
    "isCorrect": true,
    "id": "email",
    "time": 31575,
    "timeup": false,
    "done": true,
    "player": "342092295950835",
    "stage": {
        "stage": 6,
        "step": 1,
        "round": 1
    },
    "timestamp": 1619958867270,
    "session": "room000042"
}]