[{
    "time": 48055,
    "timeup": false,
    "done": true,
    "player": "880619434736585",
    "stage": {
        "stage": 1,
        "step": 1,
        "round": 1
    },
    "timestamp": 1619112539672,
    "session": "room000012"
}, {
    "time": 150946,
    "timeup": false,
    "done": true,
    "player": "335081266563275",
    "stage": {
        "stage": 1,
        "step": 1,
        "round": 1
    },
    "timestamp": 1619112642905,
    "session": "room000012"
}, {
    "time": 160061,
    "timeup": false,
    "done": true,
    "player": "920192934664039",
    "stage": {
        "stage": 1,
        "step": 1,
        "round": 1
    },
    "timestamp": 1619112652923,
    "session": "room000012"
}, {
    "time": 168961,
    "timeup": false,
    "done": true,
    "player": "921831359817874",
    "stage": {
        "stage": 1,
        "step": 1,
        "round": 1
    },
    "timestamp": 1619112660881,
    "session": "room000012"
}, {
    "order": [
        0,
        1,
        2,
        3,
        4
    ],
    "forms": {
        "coinsEveryRound": {
            "id": "coinsEveryRound",
            "choice": "0",
            "time": 12602,
            "nClicks": 1,
            "order": [
                0,
                3,
                1,
                2
            ],
            "value": "20",
            "isCorrect": true,
            "attempts": [
                "0",
                "0"
            ]
        },
        "coinsMaxi": {
            "id": "coinsMaxi",
            "choice": "0",
            "time": 19356,
            "nClicks": 1,
            "order": [
                3,
                0,
                2,
                1
            ],
            "value": "40",
            "isCorrect": true,
            "attempts": [
                "0",
                "0"
            ]
        },
        "coinsMini": {
            "id": "coinsMini",
            "choice": "0",
            "time": 31339,
            "nClicks": 1,
            "order": [
                0,
                3,
                1,
                2
            ],
            "value": "10",
            "isCorrect": true,
            "attempts": [
                "0",
                "0"
            ]
        },
        "coinsOthers": {
            "id": "coinsOthers",
            "choice": "0",
            "time": 89942,
            "nClicks": 2,
            "order": [
                1,
                0,
                3,
                2
            ],
            "value": "30",
            "isCorrect": true,
            "attempts": [
                "3",
                "0"
            ]
        },
        "lowestPayment1": {
            "id": "lowestPayment1",
            "choice": "0",
            "time": 65856,
            "nClicks": 1,
            "order": [
                0,
                1,
                2,
                3
            ],
            "value": "15",
            "isCorrect": true,
            "attempts": [
                "0",
                "0"
            ]
        }
    },
    "missValues": [],
    "id": "quiz",
    "isCorrect": true,
    "time": 91676,
    "timeup": false,
    "done": true,
    "player": "880619434736585",
    "stage": {
        "stage": 2,
        "step": 1,
        "round": 1
    },
    "timestamp": 1619112753051,
    "session": "room000012"
}, {
    "order": [
        0,
        1,
        2,
        3,
        4
    ],
    "forms": {
        "coinsEveryRound": {
            "id": "coinsEveryRound",
            "choice": "0",
            "time": 12384,
            "nClicks": 1,
            "order": [
                3,
                0,
                2,
                1
            ],
            "value": "20",
            "isCorrect": true,
            "attempts": [
                "0",
                "0"
            ]
        },
        "coinsMaxi": {
            "id": "coinsMaxi",
            "choice": "0",
            "time": 19064,
            "nClicks": 1,
            "order": [
                1,
                3,
                2,
                0
            ],
            "value": "40",
            "isCorrect": true,
            "attempts": [
                "0",
                "0"
            ]
        },
        "coinsMini": {
            "id": "coinsMini",
            "choice": "0",
            "time": 32802,
            "nClicks": 1,
            "order": [
                2,
                3,
                1,
                0
            ],
            "value": "10",
            "isCorrect": true,
            "attempts": [
                "0",
                "0"
            ]
        },
        "coinsOthers": {
            "id": "coinsOthers",
            "choice": "0",
            "time": 90412,
            "nClicks": 2,
            "order": [
                3,
                0,
                1,
                2
            ],
            "value": "30",
            "isCorrect": true,
            "attempts": [
                "3",
                "0"
            ]
        },
        "lowestPayment1": {
            "id": "lowestPayment1",
            "choice": "0",
            "time": 72915,
            "nClicks": 1,
            "order": [
                2,
                3,
                0,
                1
            ],
            "value": "15",
            "isCorrect": true,
            "attempts": [
                "0",
                "0"
            ]
        }
    },
    "missValues": [],
    "id": "quiz",
    "isCorrect": true,
    "time": 92697,
    "timeup": false,
    "done": true,
    "player": "921831359817874",
    "stage": {
        "stage": 2,
        "step": 1,
        "round": 1
    },
    "timestamp": 1619112753927,
    "session": "room000012"
}, {
    "order": [
        0,
        1,
        2,
        3,
        4
    ],
    "forms": {
        "coinsEveryRound": {
            "id": "coinsEveryRound",
            "choice": "0",
            "time": 12456,
            "nClicks": 1,
            "order": [
                3,
                2,
                0,
                1
            ],
            "value": "20",
            "isCorrect": true,
            "attempts": [
                "0",
                "0"
            ]
        },
        "coinsMaxi": {
            "id": "coinsMaxi",
            "choice": "0",
            "time": 19051,
            "nClicks": 1,
            "order": [
                3,
                1,
                2,
                0
            ],
            "value": "40",
            "isCorrect": true,
            "attempts": [
                "0",
                "0"
            ]
        },
        "coinsMini": {
            "id": "coinsMini",
            "choice": "0",
            "time": 32863,
            "nClicks": 1,
            "order": [
                0,
                1,
                2,
                3
            ],
            "value": "10",
            "isCorrect": true,
            "attempts": [
                "0",
                "0"
            ]
        },
        "coinsOthers": {
            "id": "coinsOthers",
            "choice": "0",
            "time": 88784,
            "nClicks": 2,
            "order": [
                1,
                3,
                0,
                2
            ],
            "value": "30",
            "isCorrect": true,
            "attempts": [
                "3",
                "0"
            ]
        },
        "lowestPayment1": {
            "id": "lowestPayment1",
            "choice": "0",
            "time": 69648,
            "nClicks": 1,
            "order": [
                1,
                0,
                2,
                3
            ],
            "value": "15",
            "isCorrect": true,
            "attempts": [
                "0",
                "0"
            ]
        }
    },
    "missValues": [],
    "id": "quiz",
    "isCorrect": true,
    "time": 94009,
    "timeup": false,
    "done": true,
    "player": "335081266563275",
    "stage": {
        "stage": 2,
        "step": 1,
        "round": 1
    },
    "timestamp": 1619112755314,
    "session": "room000012"
}, {
    "order": [
        0,
        1,
        2,
        3,
        4
    ],
    "forms": {
        "coinsEveryRound": {
            "id": "coinsEveryRound",
            "choice": "0",
            "time": 15469,
            "nClicks": 1,
            "order": [
                3,
                1,
                2,
                0
            ],
            "value": "20",
            "isCorrect": true,
            "attempts": [
                "0",
                "0"
            ]
        },
        "coinsMaxi": {
            "id": "coinsMaxi",
            "choice": "0",
            "time": 20826,
            "nClicks": 1,
            "order": [
                0,
                2,
                1,
                3
            ],
            "value": "40",
            "isCorrect": true,
            "attempts": [
                "0",
                "0"
            ]
        },
        "coinsMini": {
            "id": "coinsMini",
            "choice": "0",
            "time": 32615,
            "nClicks": 1,
            "order": [
                2,
                0,
                3,
                1
            ],
            "value": "10",
            "isCorrect": true,
            "attempts": [
                "0",
                "0"
            ]
        },
        "coinsOthers": {
            "id": "coinsOthers",
            "choice": "0",
            "time": 88593,
            "nClicks": 2,
            "order": [
                1,
                2,
                0,
                3
            ],
            "value": "30",
            "isCorrect": true,
            "attempts": [
                "3",
                "0"
            ]
        },
        "lowestPayment1": {
            "id": "lowestPayment1",
            "choice": "0",
            "time": 71523,
            "nClicks": 1,
            "order": [
                2,
                3,
                1,
                0
            ],
            "value": "15",
            "isCorrect": true,
            "attempts": [
                "0",
                "0"
            ]
        }
    },
    "missValues": [],
    "id": "quiz",
    "isCorrect": true,
    "time": 96576,
    "timeup": false,
    "done": true,
    "player": "920192934664039",
    "stage": {
        "stage": 2,
        "step": 1,
        "round": 1
    },
    "timestamp": 1619112757716,
    "session": "room000012"
}, {
    "znajiSe": "6",
    "blizkost": "6",
    "kooperujeKam": "6",
    "kooperujeCiz": "6",
    "time": 39495,
    "timeup": false,
    "done": true,
    "player": "880619434736585",
    "stage": {
        "stage": 3,
        "step": 1,
        "round": 1
    },
    "timestamp": 1619112797451,
    "session": "room000012"
}, {
    "znajiSe": "6",
    "blizkost": "6",
    "kooperujeKam": "6",
    "kooperujeCiz": "5",
    "time": 62443,
    "timeup": false,
    "done": true,
    "player": "335081266563275",
    "stage": {
        "stage": 3,
        "step": 1,
        "round": 1
    },
    "timestamp": 1619112820482,
    "session": "room000012"
}, {
    "znajiSe": "6",
    "blizkost": "6",
    "kooperujeKam": "6",
    "kooperujeCiz": "6",
    "time": 65227,
    "timeup": false,
    "done": true,
    "player": "921831359817874",
    "stage": {
        "stage": 3,
        "step": 1,
        "round": 1
    },
    "timestamp": 1619112823229,
    "session": "room000012"
}, {
    "znajiSe": "6",
    "blizkost": "6",
    "kooperujeKam": "7-velmi spolupracuji",
    "kooperujeCiz": "7-velmi spolupracuji",
    "time": 67243,
    "timeup": false,
    "done": true,
    "player": "920192934664039",
    "stage": {
        "stage": 3,
        "step": 1,
        "round": 1
    },
    "timestamp": 1619112825175,
    "session": "room000012"
}, {
    "contribution": 20,
    "time": 12010,
    "timeup": false,
    "done": true,
    "player": "920192934664039",
    "stage": {
        "stage": 4,
        "step": 1,
        "round": 1
    },
    "timestamp": 1619112837765,
    "session": "room000012"
}, {
    "contribution": 20,
    "time": 14732,
    "timeup": false,
    "done": true,
    "player": "880619434736585",
    "stage": {
        "stage": 4,
        "step": 1,
        "round": 1
    },
    "timestamp": 1619112841032,
    "session": "room000012"
}, {
    "contribution": 20,
    "time": 15232,
    "timeup": false,
    "done": true,
    "player": "921831359817874",
    "stage": {
        "stage": 4,
        "step": 1,
        "round": 1
    },
    "timestamp": 1619112842237,
    "session": "room000012"
}, {
    "contribution": 20,
    "time": 31727,
    "timeup": false,
    "done": true,
    "player": "335081266563275",
    "stage": {
        "stage": 4,
        "step": 1,
        "round": 1
    },
    "timestamp": 1619112857698,
    "session": "room000012"
}, {
    "time": 10815,
    "timeup": false,
    "done": true,
    "player": "920192934664039",
    "stage": {
        "stage": 4,
        "step": 2,
        "round": 1
    },
    "timestamp": 1619112868957,
    "session": "room000012"
}, {
    "time": 11868,
    "timeup": false,
    "done": true,
    "player": "335081266563275",
    "stage": {
        "stage": 4,
        "step": 2,
        "round": 1
    },
    "timestamp": 1619112870432,
    "session": "room000012"
}, {
    "time": 13640,
    "timeup": false,
    "done": true,
    "player": "880619434736585",
    "stage": {
        "stage": 4,
        "step": 2,
        "round": 1
    },
    "timestamp": 1619112872095,
    "session": "room000012"
}, {
    "time": 13436,
    "timeup": false,
    "done": true,
    "player": "921831359817874",
    "stage": {
        "stage": 4,
        "step": 2,
        "round": 1
    },
    "timestamp": 1619112872113,
    "session": "room000012"
}, {
    "contribution": 20,
    "time": 10806,
    "timeup": false,
    "done": true,
    "player": "921831359817874",
    "stage": {
        "stage": 4,
        "step": 1,
        "round": 2
    },
    "timestamp": 1619112883359,
    "session": "room000012"
}, {
    "contribution": 20,
    "time": 11348,
    "timeup": false,
    "done": true,
    "player": "920192934664039",
    "stage": {
        "stage": 4,
        "step": 1,
        "round": 2
    },
    "timestamp": 1619112883778,
    "session": "room000012"
}, {
    "contribution": 20,
    "time": 11521,
    "timeup": false,
    "done": true,
    "player": "880619434736585",
    "stage": {
        "stage": 4,
        "step": 1,
        "round": 2
    },
    "timestamp": 1619112884027,
    "session": "room000012"
}, {
    "contribution": 20,
    "time": 18152,
    "timeup": false,
    "done": true,
    "player": "335081266563275",
    "stage": {
        "stage": 4,
        "step": 1,
        "round": 2
    },
    "timestamp": 1619112890820,
    "session": "room000012"
}, {
    "time": 3739,
    "timeup": false,
    "done": true,
    "player": "335081266563275",
    "stage": {
        "stage": 4,
        "step": 2,
        "round": 2
    },
    "timestamp": 1619112895177,
    "session": "room000012"
}, {
    "time": 4943,
    "timeup": false,
    "done": true,
    "player": "880619434736585",
    "stage": {
        "stage": 4,
        "step": 2,
        "round": 2
    },
    "timestamp": 1619112896124,
    "session": "room000012"
}, {
    "time": 13928,
    "timeup": false,
    "done": true,
    "player": "920192934664039",
    "stage": {
        "stage": 4,
        "step": 2,
        "round": 2
    },
    "timestamp": 1619112905068,
    "session": "room000012"
}, {
    "time": 18185,
    "timeup": false,
    "done": true,
    "player": "921831359817874",
    "stage": {
        "stage": 4,
        "step": 2,
        "round": 2
    },
    "timestamp": 1619112909453,
    "session": "room000012"
}, {
    "contribution": 20,
    "time": 12358,
    "timeup": false,
    "done": true,
    "player": "335081266563275",
    "stage": {
        "stage": 4,
        "step": 1,
        "round": 3
    },
    "timestamp": 1619112922265,
    "session": "room000012"
}, {
    "contribution": 20,
    "time": 13448,
    "timeup": false,
    "done": true,
    "player": "920192934664039",
    "stage": {
        "stage": 4,
        "step": 1,
        "round": 3
    },
    "timestamp": 1619112923211,
    "session": "room000012"
}, {
    "contribution": 20,
    "time": 13814,
    "timeup": false,
    "done": true,
    "player": "921831359817874",
    "stage": {
        "stage": 4,
        "step": 1,
        "round": 3
    },
    "timestamp": 1619112923731,
    "session": "room000012"
}, {
    "contribution": 20,
    "time": 15012,
    "timeup": true,
    "done": true,
    "player": "880619434736585",
    "stage": {
        "stage": 4,
        "step": 1,
        "round": 3
    },
    "timestamp": 1619112924984,
    "session": "room000012"
}, {
    "time": 2594,
    "timeup": false,
    "done": true,
    "player": "335081266563275",
    "stage": {
        "stage": 4,
        "step": 2,
        "round": 3
    },
    "timestamp": 1619112928012,
    "session": "room000012"
}, {
    "time": 3914,
    "timeup": false,
    "done": true,
    "player": "920192934664039",
    "stage": {
        "stage": 4,
        "step": 2,
        "round": 3
    },
    "timestamp": 1619112929206,
    "session": "room000012"
}, {
    "time": 5819,
    "timeup": false,
    "done": true,
    "player": "921831359817874",
    "stage": {
        "stage": 4,
        "step": 2,
        "round": 3
    },
    "timestamp": 1619112931205,
    "session": "room000012"
}, {
    "time": 7593,
    "timeup": false,
    "done": true,
    "player": "880619434736585",
    "stage": {
        "stage": 4,
        "step": 2,
        "round": 3
    },
    "timestamp": 1619112932949,
    "session": "room000012"
}, {
    "contribution": 20,
    "time": 6628,
    "timeup": false,
    "done": true,
    "player": "880619434736585",
    "stage": {
        "stage": 4,
        "step": 1,
        "round": 4
    },
    "timestamp": 1619112939888,
    "session": "room000012"
}, {
    "contribution": 20,
    "time": 9976,
    "timeup": false,
    "done": true,
    "player": "335081266563275",
    "stage": {
        "stage": 4,
        "step": 1,
        "round": 4
    },
    "timestamp": 1619112943315,
    "session": "room000012"
}, {
    "contribution": 20,
    "time": 11166,
    "timeup": false,
    "done": true,
    "player": "921831359817874",
    "stage": {
        "stage": 4,
        "step": 1,
        "round": 4
    },
    "timestamp": 1619112944572,
    "session": "room000012"
}, {
    "contribution": 20,
    "time": 11653,
    "timeup": false,
    "done": true,
    "player": "920192934664039",
    "stage": {
        "stage": 4,
        "step": 1,
        "round": 4
    },
    "timestamp": 1619112944895,
    "session": "room000012"
}, {
    "time": 2514,
    "timeup": false,
    "done": true,
    "player": "335081266563275",
    "stage": {
        "stage": 4,
        "step": 2,
        "round": 4
    },
    "timestamp": 1619112947843,
    "session": "room000012"
}, {
    "time": 3428,
    "timeup": false,
    "done": true,
    "player": "921831359817874",
    "stage": {
        "stage": 4,
        "step": 2,
        "round": 4
    },
    "timestamp": 1619112948858,
    "session": "room000012"
}, {
    "time": 3844,
    "timeup": false,
    "done": true,
    "player": "920192934664039",
    "stage": {
        "stage": 4,
        "step": 2,
        "round": 4
    },
    "timestamp": 1619112949038,
    "session": "room000012"
}, {
    "time": 6272,
    "timeup": false,
    "done": true,
    "player": "880619434736585",
    "stage": {
        "stage": 4,
        "step": 2,
        "round": 4
    },
    "timestamp": 1619112951684,
    "session": "room000012"
}, {
    "contribution": 20,
    "time": 4603,
    "timeup": false,
    "done": true,
    "player": "335081266563275",
    "stage": {
        "stage": 4,
        "step": 1,
        "round": 5
    },
    "timestamp": 1619112956681,
    "session": "room000012"
}, {
    "contribution": 20,
    "time": 7713,
    "timeup": false,
    "done": true,
    "player": "920192934664039",
    "stage": {
        "stage": 4,
        "step": 1,
        "round": 5
    },
    "timestamp": 1619112959685,
    "session": "room000012"
}, {
    "contribution": 20,
    "time": 9234,
    "timeup": false,
    "done": true,
    "player": "921831359817874",
    "stage": {
        "stage": 4,
        "step": 1,
        "round": 5
    },
    "timestamp": 1619112961386,
    "session": "room000012"
}, {
    "contribution": 20,
    "time": 10320,
    "timeup": false,
    "done": true,
    "player": "880619434736585",
    "stage": {
        "stage": 4,
        "step": 1,
        "round": 5
    },
    "timestamp": 1619112962380,
    "session": "room000012"
}, {
    "time": 3814,
    "timeup": false,
    "done": true,
    "player": "921831359817874",
    "stage": {
        "stage": 4,
        "step": 2,
        "round": 5
    },
    "timestamp": 1619112966649,
    "session": "room000012"
}, {
    "time": 5795,
    "timeup": false,
    "done": true,
    "player": "920192934664039",
    "stage": {
        "stage": 4,
        "step": 2,
        "round": 5
    },
    "timestamp": 1619112968517,
    "session": "room000012"
}, {
    "time": 6697,
    "timeup": false,
    "done": true,
    "player": "880619434736585",
    "stage": {
        "stage": 4,
        "step": 2,
        "round": 5
    },
    "timestamp": 1619112969566,
    "session": "room000012"
}, {
    "time": 8427,
    "timeup": false,
    "done": true,
    "player": "335081266563275",
    "stage": {
        "stage": 4,
        "step": 2,
        "round": 5
    },
    "timestamp": 1619112971371,
    "session": "room000012"
}, {
    "contribution": 20,
    "time": 3553,
    "timeup": false,
    "done": true,
    "player": "335081266563275",
    "stage": {
        "stage": 4,
        "step": 1,
        "round": 6
    },
    "timestamp": 1619112975627,
    "session": "room000012"
}, {
    "contribution": 20,
    "time": 4321,
    "timeup": false,
    "done": true,
    "player": "921831359817874",
    "stage": {
        "stage": 4,
        "step": 1,
        "round": 6
    },
    "timestamp": 1619112976124,
    "session": "room000012"
}, {
    "contribution": 20,
    "time": 7755,
    "timeup": false,
    "done": true,
    "player": "920192934664039",
    "stage": {
        "stage": 4,
        "step": 1,
        "round": 6
    },
    "timestamp": 1619112979438,
    "session": "room000012"
}, {
    "contribution": 20,
    "time": 7996,
    "timeup": false,
    "done": true,
    "player": "880619434736585",
    "stage": {
        "stage": 4,
        "step": 1,
        "round": 6
    },
    "timestamp": 1619112979967,
    "session": "room000012"
}, {
    "time": 2044,
    "timeup": false,
    "done": true,
    "player": "921831359817874",
    "stage": {
        "stage": 4,
        "step": 2,
        "round": 6
    },
    "timestamp": 1619112982406,
    "session": "room000012"
}, {
    "time": 2669,
    "timeup": false,
    "done": true,
    "player": "335081266563275",
    "stage": {
        "stage": 4,
        "step": 2,
        "round": 6
    },
    "timestamp": 1619112983061,
    "session": "room000012"
}, {
    "time": 4764,
    "timeup": false,
    "done": true,
    "player": "920192934664039",
    "stage": {
        "stage": 4,
        "step": 2,
        "round": 6
    },
    "timestamp": 1619112985033,
    "session": "room000012"
}, {
    "time": 8179,
    "timeup": false,
    "done": true,
    "player": "880619434736585",
    "stage": {
        "stage": 4,
        "step": 2,
        "round": 6
    },
    "timestamp": 1619112988652,
    "session": "room000012"
}, {
    "contribution": 20,
    "time": 5660,
    "timeup": false,
    "done": true,
    "player": "921831359817874",
    "stage": {
        "stage": 4,
        "step": 1,
        "round": 7
    },
    "timestamp": 1619112994790,
    "session": "room000012"
}, {
    "contribution": 20,
    "time": 6151,
    "timeup": false,
    "done": true,
    "player": "335081266563275",
    "stage": {
        "stage": 4,
        "step": 1,
        "round": 7
    },
    "timestamp": 1619112995216,
    "session": "room000012"
}, {
    "contribution": 20,
    "time": 6647,
    "timeup": false,
    "done": true,
    "player": "920192934664039",
    "stage": {
        "stage": 4,
        "step": 1,
        "round": 7
    },
    "timestamp": 1619112995611,
    "session": "room000012"
}, {
    "contribution": 20,
    "time": 7854,
    "timeup": false,
    "done": true,
    "player": "880619434736585",
    "stage": {
        "stage": 4,
        "step": 1,
        "round": 7
    },
    "timestamp": 1619112996820,
    "session": "room000012"
}, {
    "time": 1950,
    "timeup": false,
    "done": true,
    "player": "335081266563275",
    "stage": {
        "stage": 4,
        "step": 2,
        "round": 7
    },
    "timestamp": 1619112999234,
    "session": "room000012"
}, {
    "time": 2349,
    "timeup": false,
    "done": true,
    "player": "921831359817874",
    "stage": {
        "stage": 4,
        "step": 2,
        "round": 7
    },
    "timestamp": 1619112999707,
    "session": "room000012"
}, {
    "time": 2683,
    "timeup": false,
    "done": true,
    "player": "920192934664039",
    "stage": {
        "stage": 4,
        "step": 2,
        "round": 7
    },
    "timestamp": 1619112999839,
    "session": "room000012"
}, {
    "time": 6382,
    "timeup": false,
    "done": true,
    "player": "880619434736585",
    "stage": {
        "stage": 4,
        "step": 2,
        "round": 7
    },
    "timestamp": 1619113003598,
    "session": "room000012"
}, {
    "contribution": 20,
    "time": 3941,
    "timeup": false,
    "done": true,
    "player": "921831359817874",
    "stage": {
        "stage": 4,
        "step": 1,
        "round": 8
    },
    "timestamp": 1619113007997,
    "session": "room000012"
}, {
    "contribution": 20,
    "time": 5277,
    "timeup": false,
    "done": true,
    "player": "920192934664039",
    "stage": {
        "stage": 4,
        "step": 1,
        "round": 8
    },
    "timestamp": 1619113009212,
    "session": "room000012"
}, {
    "contribution": 20,
    "time": 5120,
    "timeup": false,
    "done": true,
    "player": "335081266563275",
    "stage": {
        "stage": 4,
        "step": 1,
        "round": 8
    },
    "timestamp": 1619113009401,
    "session": "room000012"
}, {
    "contribution": 20,
    "time": 6056,
    "timeup": false,
    "done": true,
    "player": "880619434736585",
    "stage": {
        "stage": 4,
        "step": 1,
        "round": 8
    },
    "timestamp": 1619113010026,
    "session": "room000012"
}, {
    "time": 1243,
    "timeup": false,
    "done": true,
    "player": "335081266563275",
    "stage": {
        "stage": 4,
        "step": 2,
        "round": 8
    },
    "timestamp": 1619113011666,
    "session": "room000012"
}, {
    "time": 1837,
    "timeup": false,
    "done": true,
    "player": "920192934664039",
    "stage": {
        "stage": 4,
        "step": 2,
        "round": 8
    },
    "timestamp": 1619113012226,
    "session": "room000012"
}, {
    "time": 2394,
    "timeup": false,
    "done": true,
    "player": "921831359817874",
    "stage": {
        "stage": 4,
        "step": 2,
        "round": 8
    },
    "timestamp": 1619113012933,
    "session": "room000012"
}, {
    "time": 3629,
    "timeup": false,
    "done": true,
    "player": "880619434736585",
    "stage": {
        "stage": 4,
        "step": 2,
        "round": 8
    },
    "timestamp": 1619113014050,
    "session": "room000012"
}, {
    "contribution": 20,
    "time": 3308,
    "timeup": false,
    "done": true,
    "player": "921831359817874",
    "stage": {
        "stage": 4,
        "step": 1,
        "round": 9
    },
    "timestamp": 1619113017859,
    "session": "room000012"
}, {
    "contribution": 20,
    "time": 3883,
    "timeup": false,
    "done": true,
    "player": "335081266563275",
    "stage": {
        "stage": 4,
        "step": 1,
        "round": 9
    },
    "timestamp": 1619113018395,
    "session": "room000012"
}, {
    "contribution": 20,
    "time": 5525,
    "timeup": false,
    "done": true,
    "player": "920192934664039",
    "stage": {
        "stage": 4,
        "step": 1,
        "round": 9
    },
    "timestamp": 1619113019874,
    "session": "room000012"
}, {
    "contribution": 20,
    "time": 8571,
    "timeup": false,
    "done": true,
    "player": "880619434736585",
    "stage": {
        "stage": 4,
        "step": 1,
        "round": 9
    },
    "timestamp": 1619113022982,
    "session": "room000012"
}, {
    "time": 1698,
    "timeup": false,
    "done": true,
    "player": "335081266563275",
    "stage": {
        "stage": 4,
        "step": 2,
        "round": 9
    },
    "timestamp": 1619113025119,
    "session": "room000012"
}, {
    "time": 2659,
    "timeup": false,
    "done": true,
    "player": "921831359817874",
    "stage": {
        "stage": 4,
        "step": 2,
        "round": 9
    },
    "timestamp": 1619113026083,
    "session": "room000012"
}, {
    "time": 3209,
    "timeup": false,
    "done": true,
    "player": "920192934664039",
    "stage": {
        "stage": 4,
        "step": 2,
        "round": 9
    },
    "timestamp": 1619113026523,
    "session": "room000012"
}, {
    "time": 3382,
    "timeup": false,
    "done": true,
    "player": "880619434736585",
    "stage": {
        "stage": 4,
        "step": 2,
        "round": 9
    },
    "timestamp": 1619113026782,
    "session": "room000012"
}, {
    "contribution": 20,
    "time": 4458,
    "timeup": false,
    "done": true,
    "player": "921831359817874",
    "stage": {
        "stage": 4,
        "step": 1,
        "round": 10
    },
    "timestamp": 1619113031648,
    "session": "room000012"
}, {
    "contribution": 20,
    "time": 5678,
    "timeup": false,
    "done": true,
    "player": "335081266563275",
    "stage": {
        "stage": 4,
        "step": 1,
        "round": 10
    },
    "timestamp": 1619113032837,
    "session": "room000012"
}, {
    "contribution": 20,
    "time": 6200,
    "timeup": false,
    "done": true,
    "player": "880619434736585",
    "stage": {
        "stage": 4,
        "step": 1,
        "round": 10
    },
    "timestamp": 1619113033307,
    "session": "room000012"
}, {
    "contribution": 20,
    "time": 7422,
    "timeup": false,
    "done": true,
    "player": "920192934664039",
    "stage": {
        "stage": 4,
        "step": 1,
        "round": 10
    },
    "timestamp": 1619113034524,
    "session": "room000012"
}, {
    "time": 1329,
    "timeup": false,
    "done": true,
    "player": "335081266563275",
    "stage": {
        "stage": 4,
        "step": 2,
        "round": 10
    },
    "timestamp": 1619113036278,
    "session": "room000012"
}, {
    "time": 2703,
    "timeup": false,
    "done": true,
    "player": "920192934664039",
    "stage": {
        "stage": 4,
        "step": 2,
        "round": 10
    },
    "timestamp": 1619113037522,
    "session": "room000012"
}, {
    "time": 2849,
    "timeup": false,
    "done": true,
    "player": "921831359817874",
    "stage": {
        "stage": 4,
        "step": 2,
        "round": 10
    },
    "timestamp": 1619113037875,
    "session": "room000012"
}, {
    "time": 4116,
    "timeup": false,
    "done": true,
    "player": "880619434736585",
    "stage": {
        "stage": 4,
        "step": 2,
        "round": 10
    },
    "timestamp": 1619113039103,
    "session": "room000012"
}, {
    "communication": "Ano",
    "agreement": "Ano",
    "real1": "Ano",
    "real2": "Ano",
    "strategy": "Maximalizovat výnos skupiny",
    "time": 33423,
    "timeup": false,
    "done": true,
    "player": "921831359817874",
    "stage": {
        "stage": 5,
        "step": 1,
        "round": 1
    },
    "timestamp": 1619113072817,
    "session": "room000012"
}, {
    "communication": "Ano",
    "agreement": "Ano",
    "real1": "Ano",
    "real2": "Ano",
    "strategy": "Maximalizovat výnos skupiny",
    "time": 37107,
    "timeup": false,
    "done": true,
    "player": "335081266563275",
    "stage": {
        "stage": 5,
        "step": 1,
        "round": 1
    },
    "timestamp": 1619113076532,
    "session": "room000012"
}, {
    "communication": "Ano",
    "agreement": "Ano",
    "real1": "Ano",
    "real2": "Ano",
    "strategy": "Maximalizovat výnos skupiny",
    "time": 41224,
    "timeup": false,
    "done": true,
    "player": "880619434736585",
    "stage": {
        "stage": 5,
        "step": 1,
        "round": 1
    },
    "timestamp": 1619113080524,
    "session": "room000012"
}, {
    "communication": "Ano",
    "agreement": "Ano",
    "real1": "Ano",
    "real2": "Ano",
    "strategy": "Maximalizovat výnos skupiny",
    "time": 70633,
    "timeup": false,
    "done": true,
    "player": "920192934664039",
    "stage": {
        "stage": 5,
        "step": 1,
        "round": 1
    },
    "timestamp": 1619113109967,
    "session": "room000012"
}, {
    "value": "krat.mo@icloud.com",
    "timeBegin": 7820,
    "timeEnd": 7820,
    "isCorrect": true,
    "id": "email",
    "time": 10231,
    "timeup": false,
    "done": true,
    "player": "880619434736585",
    "stage": {
        "stage": 6,
        "step": 1,
        "round": 1
    },
    "timestamp": 1619113120410,
    "session": "room000012"
}, {
    "value": "janovaver@gmail.com",
    "timeBegin": 3716,
    "timeEnd": 8678,
    "isCorrect": true,
    "id": "email",
    "time": 14291,
    "timeup": false,
    "done": true,
    "player": "921831359817874",
    "stage": {
        "stage": 6,
        "step": 1,
        "round": 1
    },
    "timestamp": 1619113124551,
    "session": "room000012"
}, {
    "value": "barbora.duffkova98@gmail.com",
    "timeBegin": 3817,
    "timeEnd": 13551,
    "isCorrect": true,
    "id": "email",
    "time": 22697,
    "timeup": false,
    "done": true,
    "player": "335081266563275",
    "stage": {
        "stage": 6,
        "step": 1,
        "round": 1
    },
    "timestamp": 1619113133008,
    "session": "room000012"
}, {
    "value": "vrzalovajolana@seznam.cz",
    "timeBegin": 6907,
    "timeEnd": 16659,
    "isCorrect": true,
    "id": "email",
    "time": 23026,
    "timeup": false,
    "done": true,
    "player": "920192934664039",
    "stage": {
        "stage": 6,
        "step": 1,
        "round": 1
    },
    "timestamp": 1619113133200,
    "session": "room000012"
}]