[{
    "time": 835,
    "timeup": false,
    "done": true,
    "player": "368560982006096",
    "stage": {
        "stage": 1,
        "step": 1,
        "round": 1
    },
    "timestamp": 1619031017407,
    "session": "room000011"
}, {
    "time": 6107,
    "timeup": false,
    "done": true,
    "player": "792144663331354",
    "stage": {
        "stage": 1,
        "step": 1,
        "round": 1
    },
    "timestamp": 1619031022650,
    "session": "room000011"
}, {
    "time": 13723,
    "timeup": false,
    "done": true,
    "player": "658254178808840",
    "stage": {
        "stage": 1,
        "step": 1,
        "round": 1
    },
    "timestamp": 1619031030639,
    "session": "room000011"
}, {
    "time": 79583,
    "timeup": false,
    "done": true,
    "player": "639966964669721",
    "stage": {
        "stage": 1,
        "step": 1,
        "round": 1
    },
    "timestamp": 1619031096161,
    "session": "room000011"
}, {
    "order": [
        0,
        1,
        2,
        3,
        4
    ],
    "forms": {
        "coinsEveryRound": {
            "id": "coinsEveryRound",
            "choice": "0",
            "time": 11739,
            "nClicks": 1,
            "order": [
                0,
                1,
                3,
                2
            ],
            "value": "20",
            "isCorrect": true,
            "attempts": [
                "0",
                "0"
            ]
        },
        "coinsMaxi": {
            "id": "coinsMaxi",
            "choice": "0",
            "time": 15582,
            "nClicks": 1,
            "order": [
                2,
                1,
                0,
                3
            ],
            "value": "40",
            "isCorrect": true,
            "attempts": [
                "0",
                "0"
            ]
        },
        "coinsMini": {
            "id": "coinsMini",
            "choice": "0",
            "time": 27598,
            "nClicks": 1,
            "order": [
                2,
                1,
                0,
                3
            ],
            "value": "10",
            "isCorrect": true,
            "attempts": [
                "0",
                "0"
            ]
        },
        "coinsOthers": {
            "id": "coinsOthers",
            "choice": "0",
            "time": 50813,
            "nClicks": 2,
            "order": [
                3,
                0,
                1,
                2
            ],
            "value": "30",
            "isCorrect": true,
            "attempts": [
                "0",
                "0"
            ]
        },
        "lowestPayment1": {
            "id": "lowestPayment1",
            "choice": "0",
            "time": 79245,
            "nClicks": 2,
            "order": [
                1,
                0,
                3,
                2
            ],
            "value": "15",
            "isCorrect": true,
            "attempts": [
                "2",
                "0"
            ]
        }
    },
    "missValues": [],
    "id": "quiz",
    "isCorrect": true,
    "time": 80173,
    "timeup": false,
    "done": true,
    "player": "658254178808840",
    "stage": {
        "stage": 2,
        "step": 1,
        "round": 1
    },
    "timestamp": 1619031176600,
    "session": "room000011"
}, {
    "order": [
        0,
        1,
        2,
        3,
        4
    ],
    "forms": {
        "coinsEveryRound": {
            "id": "coinsEveryRound",
            "choice": "0",
            "time": 17215,
            "nClicks": 1,
            "order": [
                0,
                1,
                3,
                2
            ],
            "value": "20",
            "isCorrect": true,
            "attempts": [
                "!?_null",
                "0",
                "0",
                "0"
            ]
        },
        "coinsMaxi": {
            "id": "coinsMaxi",
            "choice": "0",
            "time": 80554,
            "nClicks": 2,
            "order": [
                1,
                0,
                3,
                2
            ],
            "value": "40",
            "isCorrect": true,
            "attempts": [
                "!?_null",
                "1",
                "0",
                "0"
            ]
        },
        "coinsMini": {
            "id": "coinsMini",
            "choice": "0",
            "time": 82630,
            "nClicks": 2,
            "order": [
                0,
                3,
                1,
                2
            ],
            "value": "10",
            "isCorrect": true,
            "attempts": [
                "!?_null",
                "2",
                "0",
                "0"
            ]
        },
        "coinsOthers": {
            "id": "coinsOthers",
            "choice": "0",
            "time": 84007,
            "nClicks": 2,
            "order": [
                0,
                3,
                1,
                2
            ],
            "value": "30",
            "isCorrect": true,
            "attempts": [
                "!?_null",
                "3",
                "0",
                "0"
            ]
        },
        "lowestPayment1": {
            "id": "lowestPayment1",
            "choice": "0",
            "time": 89369,
            "nClicks": 3,
            "order": [
                1,
                2,
                0,
                3
            ],
            "value": "15",
            "isCorrect": true,
            "attempts": [
                "!?_null",
                "1",
                "2",
                "0"
            ]
        }
    },
    "missValues": [],
    "id": "quiz",
    "isCorrect": true,
    "time": 90761,
    "timeup": false,
    "done": true,
    "player": "639966964669721",
    "stage": {
        "stage": 2,
        "step": 1,
        "round": 1
    },
    "timestamp": 1619031187157,
    "session": "room000011"
}, {
    "order": [
        0,
        1,
        2,
        3,
        4
    ],
    "forms": {
        "coinsEveryRound": {
            "id": "coinsEveryRound",
            "choice": "0",
            "time": 9638,
            "nClicks": 1,
            "order": [
                1,
                0,
                2,
                3
            ],
            "value": "20",
            "isCorrect": true,
            "attempts": [
                "0"
            ]
        },
        "coinsMaxi": {
            "id": "coinsMaxi",
            "choice": "0",
            "time": 15194,
            "nClicks": 1,
            "order": [
                3,
                1,
                2,
                0
            ],
            "value": "40",
            "isCorrect": true,
            "attempts": [
                "0"
            ]
        },
        "coinsMini": {
            "id": "coinsMini",
            "choice": "0",
            "time": 25307,
            "nClicks": 1,
            "order": [
                1,
                2,
                3,
                0
            ],
            "value": "10",
            "isCorrect": true,
            "attempts": [
                "0"
            ]
        },
        "coinsOthers": {
            "id": "coinsOthers",
            "choice": "0",
            "time": 51388,
            "nClicks": 3,
            "order": [
                0,
                3,
                2,
                1
            ],
            "value": "30",
            "isCorrect": true,
            "attempts": [
                "0"
            ]
        },
        "lowestPayment1": {
            "id": "lowestPayment1",
            "choice": "0",
            "time": 82959,
            "nClicks": 2,
            "order": [
                3,
                1,
                0,
                2
            ],
            "value": "15",
            "isCorrect": true,
            "attempts": [
                "0"
            ]
        }
    },
    "missValues": [],
    "id": "quiz",
    "isCorrect": true,
    "time": 100979,
    "timeup": false,
    "done": true,
    "player": "792144663331354",
    "stage": {
        "stage": 2,
        "step": 1,
        "round": 1
    },
    "timestamp": 1619031197448,
    "session": "room000011"
}, {
    "order": [
        0,
        1,
        2,
        3,
        4
    ],
    "forms": {
        "coinsEveryRound": {
            "id": "coinsEveryRound",
            "choice": "0",
            "time": 48122,
            "nClicks": 1,
            "order": [
                2,
                0,
                1,
                3
            ],
            "value": "20",
            "isCorrect": true,
            "attempts": [
                "0",
                "0",
                "0",
                "0"
            ]
        },
        "coinsMaxi": {
            "id": "coinsMaxi",
            "choice": "0",
            "time": 57158,
            "nClicks": 2,
            "order": [
                0,
                3,
                2,
                1
            ],
            "value": "40",
            "isCorrect": true,
            "attempts": [
                "0",
                "0",
                "0",
                "0"
            ]
        },
        "coinsMini": {
            "id": "coinsMini",
            "choice": "0",
            "time": 65431,
            "nClicks": 1,
            "order": [
                2,
                0,
                3,
                1
            ],
            "value": "10",
            "isCorrect": true,
            "attempts": [
                "0",
                "0",
                "0",
                "0"
            ]
        },
        "coinsOthers": {
            "id": "coinsOthers",
            "choice": "0",
            "time": 98021,
            "nClicks": 3,
            "order": [
                2,
                3,
                1,
                0
            ],
            "value": "30",
            "isCorrect": true,
            "attempts": [
                "3",
                "1",
                "0",
                "0"
            ]
        },
        "lowestPayment1": {
            "id": "lowestPayment1",
            "choice": "0",
            "time": 100422,
            "nClicks": 2,
            "order": [
                3,
                1,
                0,
                2
            ],
            "value": "15",
            "isCorrect": true,
            "attempts": [
                "1",
                "1",
                "1",
                "0"
            ]
        }
    },
    "missValues": [],
    "id": "quiz",
    "isCorrect": true,
    "time": 101312,
    "timeup": false,
    "done": true,
    "player": "368560982006096",
    "stage": {
        "stage": 2,
        "step": 1,
        "round": 1
    },
    "timestamp": 1619031197743,
    "session": "room000011"
}, {
    "znajiSe": "7-velmi dobře",
    "blizkost": "7-velmi blízký",
    "kooperujeKam": "7-velmi spolupracuji",
    "kooperujeCiz": "7-velmi spolupracuji",
    "time": 16888,
    "timeup": false,
    "done": true,
    "player": "792144663331354",
    "stage": {
        "stage": 3,
        "step": 1,
        "round": 1
    },
    "timestamp": 1619031214931,
    "session": "room000011"
}, {
    "znajiSe": "3",
    "blizkost": "3",
    "kooperujeKam": "7-velmi spolupracuji",
    "kooperujeCiz": "5",
    "time": 25466,
    "timeup": false,
    "done": true,
    "player": "368560982006096",
    "stage": {
        "stage": 3,
        "step": 1,
        "round": 1
    },
    "timestamp": 1619031223403,
    "session": "room000011"
}, {
    "znajiSe": "4",
    "blizkost": "3",
    "kooperujeKam": "5",
    "kooperujeCiz": "3",
    "time": 42272,
    "timeup": false,
    "done": true,
    "player": "658254178808840",
    "stage": {
        "stage": 3,
        "step": 1,
        "round": 1
    },
    "timestamp": 1619031240286,
    "session": "room000011"
}, {
    "znajiSe": "5",
    "blizkost": "5",
    "kooperujeKam": "3",
    "kooperujeCiz": "1-vůbec nespolupracuji",
    "time": 50349,
    "timeup": false,
    "done": true,
    "player": "639966964669721",
    "stage": {
        "stage": 3,
        "step": 1,
        "round": 1
    },
    "timestamp": 1619031248316,
    "session": "room000011"
}, {
    "contribution": 18,
    "time": 6708,
    "timeup": false,
    "done": true,
    "player": "368560982006096",
    "stage": {
        "stage": 4,
        "step": 1,
        "round": 1
    },
    "timestamp": 1619031255612,
    "session": "room000011"
}, {
    "contribution": 17,
    "time": 9864,
    "timeup": false,
    "done": true,
    "player": "792144663331354",
    "stage": {
        "stage": 4,
        "step": 1,
        "round": 1
    },
    "timestamp": 1619031259097,
    "session": "room000011"
}, {
    "contribution": 15,
    "time": 12987,
    "timeup": false,
    "done": true,
    "player": "658254178808840",
    "stage": {
        "stage": 4,
        "step": 1,
        "round": 1
    },
    "timestamp": 1619031262225,
    "session": "room000011"
}, {
    "contribution": 15,
    "time": 23277,
    "timeup": false,
    "done": true,
    "player": "639966964669721",
    "stage": {
        "stage": 4,
        "step": 1,
        "round": 1
    },
    "timestamp": 1619031272728,
    "session": "room000011"
}, {
    "time": 5454,
    "timeup": false,
    "done": true,
    "player": "639966964669721",
    "stage": {
        "stage": 4,
        "step": 2,
        "round": 1
    },
    "timestamp": 1619031279388,
    "session": "room000011"
}, {
    "time": 6567,
    "timeup": false,
    "done": true,
    "player": "792144663331354",
    "stage": {
        "stage": 4,
        "step": 2,
        "round": 1
    },
    "timestamp": 1619031280253,
    "session": "room000011"
}, {
    "time": 8005,
    "timeup": false,
    "done": true,
    "player": "658254178808840",
    "stage": {
        "stage": 4,
        "step": 2,
        "round": 1
    },
    "timestamp": 1619031281572,
    "session": "room000011"
}, {
    "time": 11267,
    "timeup": false,
    "done": true,
    "player": "368560982006096",
    "stage": {
        "stage": 4,
        "step": 2,
        "round": 1
    },
    "timestamp": 1619031284673,
    "session": "room000011"
}, {
    "contribution": 15,
    "time": 6390,
    "timeup": false,
    "done": true,
    "player": "792144663331354",
    "stage": {
        "stage": 4,
        "step": 1,
        "round": 2
    },
    "timestamp": 1619031291434,
    "session": "room000011"
}, {
    "contribution": 18,
    "time": 8656,
    "timeup": false,
    "done": true,
    "player": "639966964669721",
    "stage": {
        "stage": 4,
        "step": 1,
        "round": 2
    },
    "timestamp": 1619031293735,
    "session": "room000011"
}, {
    "contribution": 20,
    "time": 12734,
    "timeup": false,
    "done": true,
    "player": "658254178808840",
    "stage": {
        "stage": 4,
        "step": 1,
        "round": 2
    },
    "timestamp": 1619031297710,
    "session": "room000011"
}, {
    "contribution": 20,
    "time": 13020,
    "timeup": false,
    "done": true,
    "player": "368560982006096",
    "stage": {
        "stage": 4,
        "step": 1,
        "round": 2
    },
    "timestamp": 1619031298000,
    "session": "room000011"
}, {
    "time": 3903,
    "timeup": false,
    "done": true,
    "player": "792144663331354",
    "stage": {
        "stage": 4,
        "step": 2,
        "round": 2
    },
    "timestamp": 1619031302305,
    "session": "room000011"
}, {
    "time": 5474,
    "timeup": false,
    "done": true,
    "player": "368560982006096",
    "stage": {
        "stage": 4,
        "step": 2,
        "round": 2
    },
    "timestamp": 1619031303762,
    "session": "room000011"
}, {
    "time": 6400,
    "timeup": false,
    "done": true,
    "player": "658254178808840",
    "stage": {
        "stage": 4,
        "step": 2,
        "round": 2
    },
    "timestamp": 1619031304774,
    "session": "room000011"
}, {
    "time": 7294,
    "timeup": false,
    "done": true,
    "player": "639966964669721",
    "stage": {
        "stage": 4,
        "step": 2,
        "round": 2
    },
    "timestamp": 1619031305704,
    "session": "room000011"
}, {
    "contribution": 18,
    "time": 5165,
    "timeup": false,
    "done": true,
    "player": "792144663331354",
    "stage": {
        "stage": 4,
        "step": 1,
        "round": 3
    },
    "timestamp": 1619031311173,
    "session": "room000011"
}, {
    "contribution": 14,
    "time": 5316,
    "timeup": false,
    "done": true,
    "player": "658254178808840",
    "stage": {
        "stage": 4,
        "step": 1,
        "round": 3
    },
    "timestamp": 1619031311366,
    "session": "room000011"
}, {
    "contribution": 19,
    "time": 5614,
    "timeup": false,
    "done": true,
    "player": "368560982006096",
    "stage": {
        "stage": 4,
        "step": 1,
        "round": 3
    },
    "timestamp": 1619031311759,
    "session": "room000011"
}, {
    "contribution": 18,
    "time": 8960,
    "timeup": false,
    "done": true,
    "player": "639966964669721",
    "stage": {
        "stage": 4,
        "step": 1,
        "round": 3
    },
    "timestamp": 1619031314915,
    "session": "room000011"
}, {
    "time": 3585,
    "timeup": false,
    "done": true,
    "player": "658254178808840",
    "stage": {
        "stage": 4,
        "step": 2,
        "round": 3
    },
    "timestamp": 1619031318853,
    "session": "room000011"
}, {
    "time": 5498,
    "timeup": false,
    "done": true,
    "player": "639966964669721",
    "stage": {
        "stage": 4,
        "step": 2,
        "round": 3
    },
    "timestamp": 1619031320696,
    "session": "room000011"
}, {
    "time": 5564,
    "timeup": false,
    "done": true,
    "player": "792144663331354",
    "stage": {
        "stage": 4,
        "step": 2,
        "round": 3
    },
    "timestamp": 1619031320963,
    "session": "room000011"
}, {
    "time": 6602,
    "timeup": false,
    "done": true,
    "player": "368560982006096",
    "stage": {
        "stage": 4,
        "step": 2,
        "round": 3
    },
    "timestamp": 1619031321869,
    "session": "room000011"
}, {
    "contribution": 17,
    "time": 5067,
    "timeup": false,
    "done": true,
    "player": "368560982006096",
    "stage": {
        "stage": 4,
        "step": 1,
        "round": 4
    },
    "timestamp": 1619031327215,
    "session": "room000011"
}, {
    "contribution": 20,
    "time": 5442,
    "timeup": false,
    "done": true,
    "player": "639966964669721",
    "stage": {
        "stage": 4,
        "step": 1,
        "round": 4
    },
    "timestamp": 1619031327691,
    "session": "room000011"
}, {
    "contribution": 20,
    "time": 11550,
    "timeup": false,
    "done": true,
    "player": "792144663331354",
    "stage": {
        "stage": 4,
        "step": 1,
        "round": 4
    },
    "timestamp": 1619031333760,
    "session": "room000011"
}, {
    "contribution": 16,
    "time": 13205,
    "timeup": false,
    "done": true,
    "player": "658254178808840",
    "stage": {
        "stage": 4,
        "step": 1,
        "round": 4
    },
    "timestamp": 1619031335365,
    "session": "room000011"
}, {
    "time": 4569,
    "timeup": false,
    "done": true,
    "player": "658254178808840",
    "stage": {
        "stage": 4,
        "step": 2,
        "round": 4
    },
    "timestamp": 1619031340351,
    "session": "room000011"
}, {
    "time": 4946,
    "timeup": false,
    "done": true,
    "player": "368560982006096",
    "stage": {
        "stage": 4,
        "step": 2,
        "round": 4
    },
    "timestamp": 1619031340782,
    "session": "room000011"
}, {
    "time": 5319,
    "timeup": false,
    "done": true,
    "player": "639966964669721",
    "stage": {
        "stage": 4,
        "step": 2,
        "round": 4
    },
    "timestamp": 1619031341220,
    "session": "room000011"
}, {
    "time": 5596,
    "timeup": false,
    "done": true,
    "player": "792144663331354",
    "stage": {
        "stage": 4,
        "step": 2,
        "round": 4
    },
    "timestamp": 1619031341471,
    "session": "room000011"
}, {
    "contribution": 20,
    "time": 5332,
    "timeup": false,
    "done": true,
    "player": "658254178808840",
    "stage": {
        "stage": 4,
        "step": 1,
        "round": 5
    },
    "timestamp": 1619031347093,
    "session": "room000011"
}, {
    "contribution": 15,
    "time": 5648,
    "timeup": false,
    "done": true,
    "player": "639966964669721",
    "stage": {
        "stage": 4,
        "step": 1,
        "round": 5
    },
    "timestamp": 1619031347459,
    "session": "room000011"
}, {
    "contribution": 15,
    "time": 6932,
    "timeup": false,
    "done": true,
    "player": "792144663331354",
    "stage": {
        "stage": 4,
        "step": 1,
        "round": 5
    },
    "timestamp": 1619031348682,
    "session": "room000011"
}, {
    "contribution": 18,
    "time": 8757,
    "timeup": false,
    "done": true,
    "player": "368560982006096",
    "stage": {
        "stage": 4,
        "step": 1,
        "round": 5
    },
    "timestamp": 1619031350546,
    "session": "room000011"
}, {
    "time": 3391,
    "timeup": false,
    "done": true,
    "player": "658254178808840",
    "stage": {
        "stage": 4,
        "step": 2,
        "round": 5
    },
    "timestamp": 1619031354261,
    "session": "room000011"
}, {
    "time": 4063,
    "timeup": false,
    "done": true,
    "player": "639966964669721",
    "stage": {
        "stage": 4,
        "step": 2,
        "round": 5
    },
    "timestamp": 1619031355652,
    "session": "room000011"
}, {
    "time": 5252,
    "timeup": false,
    "done": true,
    "player": "792144663331354",
    "stage": {
        "stage": 4,
        "step": 2,
        "round": 5
    },
    "timestamp": 1619031356074,
    "session": "room000011"
}, {
    "time": 5412,
    "timeup": false,
    "done": true,
    "player": "368560982006096",
    "stage": {
        "stage": 4,
        "step": 2,
        "round": 5
    },
    "timestamp": 1619031356287,
    "session": "room000011"
}, {
    "contribution": 17,
    "time": 3868,
    "timeup": false,
    "done": true,
    "player": "639966964669721",
    "stage": {
        "stage": 4,
        "step": 1,
        "round": 6
    },
    "timestamp": 1619031360521,
    "session": "room000011"
}, {
    "contribution": 19,
    "time": 4479,
    "timeup": false,
    "done": true,
    "player": "368560982006096",
    "stage": {
        "stage": 4,
        "step": 1,
        "round": 6
    },
    "timestamp": 1619031361076,
    "session": "room000011"
}, {
    "contribution": 8,
    "time": 5733,
    "timeup": false,
    "done": true,
    "player": "658254178808840",
    "stage": {
        "stage": 4,
        "step": 1,
        "round": 6
    },
    "timestamp": 1619031362333,
    "session": "room000011"
}, {
    "contribution": 16,
    "time": 6045,
    "timeup": false,
    "done": true,
    "player": "792144663331354",
    "stage": {
        "stage": 4,
        "step": 1,
        "round": 6
    },
    "timestamp": 1619031362625,
    "session": "room000011"
}, {
    "time": 2910,
    "timeup": false,
    "done": true,
    "player": "368560982006096",
    "stage": {
        "stage": 4,
        "step": 2,
        "round": 6
    },
    "timestamp": 1619031365860,
    "session": "room000011"
}, {
    "time": 3026,
    "timeup": false,
    "done": true,
    "player": "639966964669721",
    "stage": {
        "stage": 4,
        "step": 2,
        "round": 6
    },
    "timestamp": 1619031366067,
    "session": "room000011"
}, {
    "time": 4946,
    "timeup": false,
    "done": true,
    "player": "658254178808840",
    "stage": {
        "stage": 4,
        "step": 2,
        "round": 6
    },
    "timestamp": 1619031367949,
    "session": "room000011"
}, {
    "time": 6693,
    "timeup": false,
    "done": true,
    "player": "792144663331354",
    "stage": {
        "stage": 4,
        "step": 2,
        "round": 6
    },
    "timestamp": 1619031369661,
    "session": "room000011"
}, {
    "contribution": 18,
    "time": 3520,
    "timeup": false,
    "done": true,
    "player": "368560982006096",
    "stage": {
        "stage": 4,
        "step": 1,
        "round": 7
    },
    "timestamp": 1619031373659,
    "session": "room000011"
}, {
    "contribution": 17,
    "time": 5317,
    "timeup": false,
    "done": true,
    "player": "658254178808840",
    "stage": {
        "stage": 4,
        "step": 1,
        "round": 7
    },
    "timestamp": 1619031375289,
    "session": "room000011"
}, {
    "contribution": 20,
    "time": 7984,
    "timeup": false,
    "done": true,
    "player": "639966964669721",
    "stage": {
        "stage": 4,
        "step": 1,
        "round": 7
    },
    "timestamp": 1619031378066,
    "session": "room000011"
}, {
    "contribution": 19,
    "time": 11924,
    "timeup": false,
    "done": true,
    "player": "792144663331354",
    "stage": {
        "stage": 4,
        "step": 1,
        "round": 7
    },
    "timestamp": 1619031381894,
    "session": "room000011"
}, {
    "time": 2070,
    "timeup": false,
    "done": true,
    "player": "368560982006096",
    "stage": {
        "stage": 4,
        "step": 2,
        "round": 7
    },
    "timestamp": 1619031384296,
    "session": "room000011"
}, {
    "time": 2206,
    "timeup": false,
    "done": true,
    "player": "658254178808840",
    "stage": {
        "stage": 4,
        "step": 2,
        "round": 7
    },
    "timestamp": 1619031384460,
    "session": "room000011"
}, {
    "time": 3736,
    "timeup": false,
    "done": true,
    "player": "639966964669721",
    "stage": {
        "stage": 4,
        "step": 2,
        "round": 7
    },
    "timestamp": 1619031385998,
    "session": "room000011"
}, {
    "time": 5506,
    "timeup": false,
    "done": true,
    "player": "792144663331354",
    "stage": {
        "stage": 4,
        "step": 2,
        "round": 7
    },
    "timestamp": 1619031387695,
    "session": "room000011"
}, {
    "contribution": 19,
    "time": 4164,
    "timeup": false,
    "done": true,
    "player": "639966964669721",
    "stage": {
        "stage": 4,
        "step": 1,
        "round": 8
    },
    "timestamp": 1619031392239,
    "session": "room000011"
}, {
    "contribution": 15,
    "time": 5844,
    "timeup": false,
    "done": true,
    "player": "658254178808840",
    "stage": {
        "stage": 4,
        "step": 1,
        "round": 8
    },
    "timestamp": 1619031393844,
    "session": "room000011"
}, {
    "contribution": 16,
    "time": 5810,
    "timeup": false,
    "done": true,
    "player": "368560982006096",
    "stage": {
        "stage": 4,
        "step": 1,
        "round": 8
    },
    "timestamp": 1619031394071,
    "session": "room000011"
}, {
    "contribution": 20,
    "time": 6955,
    "timeup": false,
    "done": true,
    "player": "792144663331354",
    "stage": {
        "stage": 4,
        "step": 1,
        "round": 8
    },
    "timestamp": 1619031394980,
    "session": "room000011"
}, {
    "time": 3077,
    "timeup": false,
    "done": true,
    "player": "792144663331354",
    "stage": {
        "stage": 4,
        "step": 2,
        "round": 8
    },
    "timestamp": 1619031398359,
    "session": "room000011"
}, {
    "time": 3093,
    "timeup": false,
    "done": true,
    "player": "639966964669721",
    "stage": {
        "stage": 4,
        "step": 2,
        "round": 8
    },
    "timestamp": 1619031398553,
    "session": "room000011"
}, {
    "time": 5142,
    "timeup": false,
    "done": true,
    "player": "658254178808840",
    "stage": {
        "stage": 4,
        "step": 2,
        "round": 8
    },
    "timestamp": 1619031400476,
    "session": "room000011"
}, {
    "time": 5706,
    "timeup": false,
    "done": true,
    "player": "368560982006096",
    "stage": {
        "stage": 4,
        "step": 2,
        "round": 8
    },
    "timestamp": 1619031401044,
    "session": "room000011"
}, {
    "contribution": 18,
    "time": 5447,
    "timeup": false,
    "done": true,
    "player": "368560982006096",
    "stage": {
        "stage": 4,
        "step": 1,
        "round": 9
    },
    "timestamp": 1619031406775,
    "session": "room000011"
}, {
    "contribution": 16,
    "time": 5711,
    "timeup": false,
    "done": true,
    "player": "639966964669721",
    "stage": {
        "stage": 4,
        "step": 1,
        "round": 9
    },
    "timestamp": 1619031407204,
    "session": "room000011"
}, {
    "contribution": 18,
    "time": 8873,
    "timeup": false,
    "done": true,
    "player": "792144663331354",
    "stage": {
        "stage": 4,
        "step": 1,
        "round": 9
    },
    "timestamp": 1619031410232,
    "session": "room000011"
}, {
    "contribution": 16,
    "time": 9772,
    "timeup": false,
    "done": true,
    "player": "658254178808840",
    "stage": {
        "stage": 4,
        "step": 1,
        "round": 9
    },
    "timestamp": 1619031411094,
    "session": "room000011"
}, {
    "time": 2373,
    "timeup": false,
    "done": true,
    "player": "368560982006096",
    "stage": {
        "stage": 4,
        "step": 2,
        "round": 9
    },
    "timestamp": 1619031413955,
    "session": "room000011"
}, {
    "time": 3487,
    "timeup": false,
    "done": true,
    "player": "658254178808840",
    "stage": {
        "stage": 4,
        "step": 2,
        "round": 9
    },
    "timestamp": 1619031414941,
    "session": "room000011"
}, {
    "time": 3803,
    "timeup": false,
    "done": true,
    "player": "792144663331354",
    "stage": {
        "stage": 4,
        "step": 2,
        "round": 9
    },
    "timestamp": 1619031415296,
    "session": "room000011"
}, {
    "time": 7658,
    "timeup": false,
    "done": true,
    "player": "639966964669721",
    "stage": {
        "stage": 4,
        "step": 2,
        "round": 9
    },
    "timestamp": 1619031419097,
    "session": "room000011"
}, {
    "contribution": 15,
    "time": 4643,
    "timeup": false,
    "done": true,
    "player": "368560982006096",
    "stage": {
        "stage": 4,
        "step": 1,
        "round": 10
    },
    "timestamp": 1619031424169,
    "session": "room000011"
}, {
    "contribution": 19,
    "time": 4992,
    "timeup": false,
    "done": true,
    "player": "658254178808840",
    "stage": {
        "stage": 4,
        "step": 1,
        "round": 10
    },
    "timestamp": 1619031424380,
    "session": "room000011"
}, {
    "contribution": 19,
    "time": 5799,
    "timeup": false,
    "done": true,
    "player": "639966964669721",
    "stage": {
        "stage": 4,
        "step": 1,
        "round": 10
    },
    "timestamp": 1619031425149,
    "session": "room000011"
}, {
    "contribution": 15,
    "time": 6226,
    "timeup": false,
    "done": true,
    "player": "792144663331354",
    "stage": {
        "stage": 4,
        "step": 1,
        "round": 10
    },
    "timestamp": 1619031425730,
    "session": "room000011"
}, {
    "time": 2738,
    "timeup": false,
    "done": true,
    "player": "368560982006096",
    "stage": {
        "stage": 4,
        "step": 2,
        "round": 10
    },
    "timestamp": 1619031428853,
    "session": "room000011"
}, {
    "time": 3254,
    "timeup": false,
    "done": true,
    "player": "658254178808840",
    "stage": {
        "stage": 4,
        "step": 2,
        "round": 10
    },
    "timestamp": 1619031429356,
    "session": "room000011"
}, {
    "time": 3264,
    "timeup": false,
    "done": true,
    "player": "639966964669721",
    "stage": {
        "stage": 4,
        "step": 2,
        "round": 10
    },
    "timestamp": 1619031429364,
    "session": "room000011"
}, {
    "time": 3793,
    "timeup": false,
    "done": true,
    "player": "792144663331354",
    "stage": {
        "stage": 4,
        "step": 2,
        "round": 10
    },
    "timestamp": 1619031429825,
    "session": "room000011"
}, {
    "communication": "Ne",
    "agreement": "Nechci uvést",
    "real1": "Napůl",
    "real2": "Ano",
    "strategy": "Maximalizovat můj vlastní výnos",
    "time": 25637,
    "timeup": false,
    "done": true,
    "player": "658254178808840",
    "stage": {
        "stage": 5,
        "step": 1,
        "round": 1
    },
    "timestamp": 1619031455678,
    "session": "room000011"
}, {
    "communication": "Ano",
    "agreement": "Ano",
    "real1": "Ano",
    "real2": "Ne",
    "strategy": "Maximalizovat výnos skupiny",
    "time": 28260,
    "timeup": false,
    "done": true,
    "player": "792144663331354",
    "stage": {
        "stage": 5,
        "step": 1,
        "round": 1
    },
    "timestamp": 1619031458263,
    "session": "room000011"
}, {
    "communication": "Ne",
    "agreement": "Ano",
    "real1": "Ano",
    "real2": "Ano",
    "strategy": "Maximalizovat výnos skupiny",
    "time": 29351,
    "timeup": false,
    "done": true,
    "player": "368560982006096",
    "stage": {
        "stage": 5,
        "step": 1,
        "round": 1
    },
    "timestamp": 1619031459355,
    "session": "room000011"
}, {
    "communication": "Ne",
    "agreement": "Nechci uvést",
    "real1": "Ano",
    "real2": "Ano",
    "strategy": "Náhodně vybírat částky",
    "time": 30797,
    "timeup": false,
    "done": true,
    "player": "639966964669721",
    "stage": {
        "stage": 5,
        "step": 1,
        "round": 1
    },
    "timestamp": 1619031460880,
    "session": "room000011"
}, {
    "value": "barunovaku@icloud.com",
    "timeBegin": 4616,
    "timeEnd": 10595,
    "isCorrect": true,
    "id": "email",
    "time": 13545,
    "timeup": false,
    "done": true,
    "player": "639966964669721",
    "stage": {
        "stage": 6,
        "step": 1,
        "round": 1
    },
    "timestamp": 1619031474600,
    "session": "room000011"
}, {
    "value": "E.LUKASMAREK@GMAIL.COM",
    "timeBegin": 9127,
    "timeEnd": 11616,
    "isCorrect": true,
    "id": "email",
    "time": 14635,
    "timeup": false,
    "done": true,
    "player": "368560982006096",
    "stage": {
        "stage": 6,
        "step": 1,
        "round": 1
    },
    "timestamp": 1619031475830,
    "session": "room000011"
}, {
    "value": "kulhankova.stepanka@seznam.cz",
    "timeBegin": 5103,
    "timeEnd": 16305,
    "isCorrect": true,
    "id": "email",
    "time": 19867,
    "timeup": false,
    "done": true,
    "player": "792144663331354",
    "stage": {
        "stage": 6,
        "step": 1,
        "round": 1
    },
    "timestamp": 1619031480933,
    "session": "room000011"
}, {
    "value": "bety.szabo@seznam.cz",
    "timeBegin": 18775,
    "timeEnd": 27103,
    "isCorrect": true,
    "id": "email",
    "time": 28671,
    "timeup": false,
    "done": true,
    "player": "658254178808840",
    "stage": {
        "stage": 6,
        "step": 1,
        "round": 1
    },
    "timestamp": 1619031489780,
    "session": "room000011"
}]