[{
    "time": 180009,
    "timeup": true,
    "done": true,
    "player": "961158546054264",
    "stage": {
        "stage": 1,
        "step": 1,
        "round": 1
    },
    "timestamp": 1619118111002,
    "session": "room000013"
}, {
    "time": 180007,
    "timeup": true,
    "done": true,
    "player": "563948438579096",
    "stage": {
        "stage": 1,
        "step": 1,
        "round": 1
    },
    "timestamp": 1619118111409,
    "session": "room000013"
}, {
    "time": 180000,
    "timeup": true,
    "done": true,
    "player": "39142522748578",
    "stage": {
        "stage": 1,
        "step": 1,
        "round": 1
    },
    "timestamp": 1619118111424,
    "session": "room000013"
}, {
    "time": 180050,
    "timeup": true,
    "done": true,
    "player": "537280448580160",
    "stage": {
        "stage": 1,
        "step": 1,
        "round": 1
    },
    "timestamp": 1619118112410,
    "session": "room000013"
}, {
    "order": [
        0,
        1,
        2,
        3,
        4
    ],
    "forms": {
        "coinsEveryRound": {
            "id": "coinsEveryRound",
            "choice": "0",
            "time": 25874,
            "nClicks": 1,
            "order": [
                3,
                1,
                2,
                0
            ],
            "value": "20",
            "isCorrect": true,
            "attempts": [
                "0",
                "0"
            ]
        },
        "coinsMaxi": {
            "id": "coinsMaxi",
            "choice": "0",
            "time": 83994,
            "nClicks": 1,
            "order": [
                3,
                1,
                2,
                0
            ],
            "value": "40",
            "isCorrect": true,
            "attempts": [
                "0",
                "0"
            ]
        },
        "coinsMini": {
            "id": "coinsMini",
            "choice": "2",
            "time": 105906,
            "nClicks": 2,
            "order": [
                2,
                0,
                1,
                3
            ],
            "value": "40",
            "isCorrect": false,
            "attempts": [
                "2",
                "2"
            ]
        },
        "coinsOthers": {
            "id": "coinsOthers",
            "choice": "2",
            "time": 124670,
            "nClicks": 1,
            "order": [
                2,
                3,
                1,
                0
            ],
            "value": "40",
            "isCorrect": false,
            "attempts": [
                "2",
                "2"
            ]
        },
        "lowestPayment1": {
            "id": "lowestPayment1",
            "choice": "2",
            "time": 176521,
            "nClicks": 1,
            "order": [
                3,
                2,
                0,
                1
            ],
            "value": "20",
            "isCorrect": false,
            "attempts": [
                "2",
                "2"
            ]
        }
    },
    "missValues": [],
    "id": "quiz",
    "isCorrect": false,
    "_scrolledIntoView": true,
    "time": 180004,
    "timeup": true,
    "done": true,
    "player": "961158546054264",
    "stage": {
        "stage": 2,
        "step": 1,
        "round": 1
    },
    "timestamp": 1619118292770,
    "session": "room000013"
}, {
    "order": [
        0,
        1,
        2,
        3,
        4
    ],
    "forms": {
        "coinsEveryRound": {
            "id": "coinsEveryRound",
            "choice": "0",
            "time": 27963,
            "nClicks": 1,
            "order": [
                1,
                3,
                2,
                0
            ],
            "value": "20",
            "isCorrect": true,
            "attempts": [
                "0",
                "0",
                "0",
                "0",
                "0",
                "0",
                "0"
            ]
        },
        "coinsMaxi": {
            "id": "coinsMaxi",
            "choice": "0",
            "time": 78829,
            "nClicks": 2,
            "order": [
                2,
                0,
                3,
                1
            ],
            "value": "40",
            "isCorrect": true,
            "attempts": [
                "0",
                "0",
                "0",
                "0",
                "0",
                "0",
                "0"
            ]
        },
        "coinsMini": {
            "id": "coinsMini",
            "choice": "0",
            "time": 168096,
            "nClicks": 3,
            "order": [
                1,
                3,
                0,
                2
            ],
            "value": "10",
            "isCorrect": true,
            "attempts": [
                "1",
                "3",
                "0",
                "0",
                "0",
                "0",
                "0"
            ]
        },
        "coinsOthers": {
            "id": "coinsOthers",
            "choice": "0",
            "time": 177736,
            "nClicks": 5,
            "order": [
                1,
                0,
                3,
                2
            ],
            "value": "30",
            "isCorrect": true,
            "attempts": [
                "1",
                "1",
                "1",
                "2",
                "!?_null",
                "0",
                "0"
            ]
        },
        "lowestPayment1": {
            "id": "lowestPayment1",
            "choice": "3",
            "time": 152906,
            "nClicks": 1,
            "order": [
                0,
                3,
                1,
                2
            ],
            "value": "35",
            "isCorrect": false,
            "attempts": [
                "3",
                "3",
                "3",
                "3",
                "3",
                "3",
                "3"
            ]
        }
    },
    "missValues": [],
    "id": "quiz",
    "isCorrect": false,
    "_scrolledIntoView": true,
    "time": 180001,
    "timeup": true,
    "done": true,
    "player": "563948438579096",
    "stage": {
        "stage": 2,
        "step": 1,
        "round": 1
    },
    "timestamp": 1619118292791,
    "session": "room000013"
}, {
    "order": [
        0,
        1,
        2,
        3,
        4
    ],
    "forms": {
        "coinsEveryRound": {
            "id": "coinsEveryRound",
            "choice": "0",
            "time": 16199,
            "nClicks": 1,
            "order": [
                3,
                2,
                1,
                0
            ],
            "value": "20",
            "isCorrect": true,
            "attempts": [
                "0",
                "0"
            ]
        },
        "coinsMaxi": {
            "id": "coinsMaxi",
            "choice": "0",
            "time": 86892,
            "nClicks": 1,
            "order": [
                2,
                1,
                0,
                3
            ],
            "value": "40",
            "isCorrect": true,
            "attempts": [
                "0",
                "0"
            ]
        },
        "coinsMini": {
            "id": "coinsMini",
            "choice": "3",
            "time": 176582,
            "nClicks": 3,
            "order": [
                3,
                1,
                2,
                0
            ],
            "value": "30",
            "isCorrect": false,
            "attempts": [
                "2",
                "3"
            ]
        },
        "coinsOthers": {
            "id": "coinsOthers",
            "choice": "0",
            "time": 178548,
            "nClicks": 5,
            "order": [
                3,
                0,
                2,
                1
            ],
            "value": "30",
            "isCorrect": true,
            "attempts": [
                "2",
                "0"
            ]
        },
        "lowestPayment1": {
            "id": "lowestPayment1",
            "choice": "2",
            "time": 147699,
            "nClicks": 1,
            "order": [
                0,
                3,
                2,
                1
            ],
            "value": "20",
            "isCorrect": false,
            "attempts": [
                "2",
                "2"
            ]
        }
    },
    "missValues": [],
    "id": "quiz",
    "isCorrect": false,
    "_scrolledIntoView": true,
    "time": 179999,
    "timeup": true,
    "done": true,
    "player": "537280448580160",
    "stage": {
        "stage": 2,
        "step": 1,
        "round": 1
    },
    "timestamp": 1619118292856,
    "session": "room000013"
}, {
    "order": [
        0,
        1,
        2,
        3,
        4
    ],
    "forms": {
        "coinsEveryRound": {
            "id": "coinsEveryRound",
            "choice": "0",
            "time": 19793,
            "nClicks": 5,
            "order": [
                0,
                1,
                2,
                3
            ],
            "value": "20",
            "isCorrect": true,
            "attempts": [
                "0",
                "0",
                "0",
                "0",
                "0"
            ]
        },
        "coinsMaxi": {
            "id": "coinsMaxi",
            "choice": "0",
            "time": 172104,
            "nClicks": 6,
            "order": [
                2,
                1,
                3,
                0
            ],
            "value": "40",
            "isCorrect": true,
            "attempts": [
                "1",
                "!?_null",
                "1",
                "0",
                "0"
            ]
        },
        "coinsMini": {
            "id": "coinsMini",
            "choice": "3",
            "time": 174216,
            "nClicks": 4,
            "order": [
                1,
                3,
                2,
                0
            ],
            "value": "30",
            "isCorrect": false,
            "attempts": [
                "1",
                "3",
                "1",
                "3",
                "3"
            ]
        },
        "coinsOthers": {
            "id": "coinsOthers",
            "choice": "0",
            "time": 145019,
            "nClicks": 3,
            "order": [
                1,
                2,
                0,
                3
            ],
            "value": "30",
            "isCorrect": true,
            "attempts": [
                "1",
                "2",
                "0",
                "0",
                "0"
            ]
        },
        "lowestPayment1": {
            "id": "lowestPayment1",
            "choice": "3",
            "time": 150115,
            "nClicks": 6,
            "order": [
                3,
                2,
                1,
                0
            ],
            "value": "35",
            "isCorrect": false,
            "attempts": [
                "2",
                "3",
                "3",
                "3",
                "3"
            ]
        }
    },
    "missValues": [],
    "id": "quiz",
    "isCorrect": false,
    "_scrolledIntoView": true,
    "time": 179993,
    "timeup": true,
    "done": true,
    "player": "39142522748578",
    "stage": {
        "stage": 2,
        "step": 1,
        "round": 1
    },
    "timestamp": 1619118292921,
    "session": "room000013"
}, {
    "znajiSe": "7-velmi dobře",
    "blizkost": "7-velmi blízký",
    "kooperujeKam": "7-velmi spolupracuji",
    "kooperujeCiz": "7-velmi spolupracuji",
    "time": 27690,
    "timeup": false,
    "done": true,
    "player": "563948438579096",
    "stage": {
        "stage": 3,
        "step": 1,
        "round": 1
    },
    "timestamp": 1619118320832,
    "session": "room000013"
}, {
    "znajiSe": "1-vůbec",
    "blizkost": "7-velmi blízký",
    "kooperujeKam": "7-velmi spolupracuji",
    "kooperujeCiz": "7-velmi spolupracuji",
    "time": 28621,
    "timeup": false,
    "done": true,
    "player": "39142522748578",
    "stage": {
        "stage": 3,
        "step": 1,
        "round": 1
    },
    "timestamp": 1619118321769,
    "session": "room000013"
}, {
    "znajiSe": "7-velmi dobře",
    "blizkost": "7-velmi blízký",
    "kooperujeKam": "7-velmi spolupracuji",
    "kooperujeCiz": "7-velmi spolupracuji",
    "time": 29528,
    "timeup": false,
    "done": true,
    "player": "961158546054264",
    "stage": {
        "stage": 3,
        "step": 1,
        "round": 1
    },
    "timestamp": 1619118322632,
    "session": "room000013"
}, {
    "znajiSe": "7-velmi dobře",
    "blizkost": "7-velmi blízký",
    "kooperujeKam": "7-velmi spolupracuji",
    "kooperujeCiz": "7-velmi spolupracuji",
    "time": 32274,
    "timeup": false,
    "done": true,
    "player": "537280448580160",
    "stage": {
        "stage": 3,
        "step": 1,
        "round": 1
    },
    "timestamp": 1619118325527,
    "session": "room000013"
}, {
    "contribution": 10,
    "time": 16648,
    "timeup": false,
    "done": true,
    "player": "563948438579096",
    "stage": {
        "stage": 4,
        "step": 1,
        "round": 1
    },
    "timestamp": 1619118343050,
    "session": "room000013"
}, {
    "contribution": 10,
    "time": 19310,
    "timeup": false,
    "done": true,
    "player": "537280448580160",
    "stage": {
        "stage": 4,
        "step": 1,
        "round": 1
    },
    "timestamp": 1619118345750,
    "session": "room000013"
}, {
    "contribution": 10,
    "time": 24950,
    "timeup": false,
    "done": true,
    "player": "961158546054264",
    "stage": {
        "stage": 4,
        "step": 1,
        "round": 1
    },
    "timestamp": 1619118351186,
    "session": "room000013"
}, {
    "contribution": 10,
    "time": 26569,
    "timeup": false,
    "done": true,
    "player": "39142522748578",
    "stage": {
        "stage": 4,
        "step": 1,
        "round": 1
    },
    "timestamp": 1619118353531,
    "session": "room000013"
}, {
    "time": 6629,
    "timeup": false,
    "done": true,
    "player": "961158546054264",
    "stage": {
        "stage": 4,
        "step": 2,
        "round": 1
    },
    "timestamp": 1619118360702,
    "session": "room000013"
}, {
    "time": 14684,
    "timeup": false,
    "done": true,
    "player": "537280448580160",
    "stage": {
        "stage": 4,
        "step": 2,
        "round": 1
    },
    "timestamp": 1619118369289,
    "session": "room000013"
}, {
    "time": 16815,
    "timeup": false,
    "done": true,
    "player": "39142522748578",
    "stage": {
        "stage": 4,
        "step": 2,
        "round": 1
    },
    "timestamp": 1619118371081,
    "session": "room000013"
}, {
    "time": 20446,
    "timeup": false,
    "done": true,
    "player": "563948438579096",
    "stage": {
        "stage": 4,
        "step": 2,
        "round": 1
    },
    "timestamp": 1619118375025,
    "session": "room000013"
}, {
    "contribution": 10,
    "time": 11877,
    "timeup": false,
    "done": true,
    "player": "563948438579096",
    "stage": {
        "stage": 4,
        "step": 1,
        "round": 2
    },
    "timestamp": 1619118387433,
    "session": "room000013"
}, {
    "contribution": 15,
    "time": 13720,
    "timeup": false,
    "done": true,
    "player": "537280448580160",
    "stage": {
        "stage": 4,
        "step": 1,
        "round": 2
    },
    "timestamp": 1619118389271,
    "session": "room000013"
}, {
    "contribution": 10,
    "time": 14873,
    "timeup": false,
    "done": true,
    "player": "39142522748578",
    "stage": {
        "stage": 4,
        "step": 1,
        "round": 2
    },
    "timestamp": 1619118390383,
    "session": "room000013"
}, {
    "contribution": 10,
    "time": 17569,
    "timeup": false,
    "done": true,
    "player": "961158546054264",
    "stage": {
        "stage": 4,
        "step": 1,
        "round": 2
    },
    "timestamp": 1619118392899,
    "session": "room000013"
}, {
    "time": 3020,
    "timeup": false,
    "done": true,
    "player": "961158546054264",
    "stage": {
        "stage": 4,
        "step": 2,
        "round": 2
    },
    "timestamp": 1619118396177,
    "session": "room000013"
}, {
    "time": 6079,
    "timeup": false,
    "done": true,
    "player": "39142522748578",
    "stage": {
        "stage": 4,
        "step": 2,
        "round": 2
    },
    "timestamp": 1619118399374,
    "session": "room000013"
}, {
    "time": 9277,
    "timeup": false,
    "done": true,
    "player": "537280448580160",
    "stage": {
        "stage": 4,
        "step": 2,
        "round": 2
    },
    "timestamp": 1619118402804,
    "session": "room000013"
}, {
    "time": 10091,
    "timeup": false,
    "done": true,
    "player": "563948438579096",
    "stage": {
        "stage": 4,
        "step": 2,
        "round": 2
    },
    "timestamp": 1619118403537,
    "session": "room000013"
}, {
    "contribution": 20,
    "time": 4991,
    "timeup": false,
    "done": true,
    "player": "563948438579096",
    "stage": {
        "stage": 4,
        "step": 1,
        "round": 3
    },
    "timestamp": 1619118409038,
    "session": "room000013"
}, {
    "contribution": 20,
    "time": 6337,
    "timeup": false,
    "done": true,
    "player": "39142522748578",
    "stage": {
        "stage": 4,
        "step": 1,
        "round": 3
    },
    "timestamp": 1619118410264,
    "session": "room000013"
}, {
    "contribution": 20,
    "time": 6868,
    "timeup": false,
    "done": true,
    "player": "537280448580160",
    "stage": {
        "stage": 4,
        "step": 1,
        "round": 3
    },
    "timestamp": 1619118410873,
    "session": "room000013"
}, {
    "contribution": 20,
    "time": 7105,
    "timeup": false,
    "done": true,
    "player": "961158546054264",
    "stage": {
        "stage": 4,
        "step": 1,
        "round": 3
    },
    "timestamp": 1619118410911,
    "session": "room000013"
}, {
    "time": 2213,
    "timeup": false,
    "done": true,
    "player": "961158546054264",
    "stage": {
        "stage": 4,
        "step": 2,
        "round": 3
    },
    "timestamp": 1619118413392,
    "session": "room000013"
}, {
    "time": 4667,
    "timeup": false,
    "done": true,
    "player": "537280448580160",
    "stage": {
        "stage": 4,
        "step": 2,
        "round": 3
    },
    "timestamp": 1619118416137,
    "session": "room000013"
}, {
    "time": 5857,
    "timeup": false,
    "done": true,
    "player": "563948438579096",
    "stage": {
        "stage": 4,
        "step": 2,
        "round": 3
    },
    "timestamp": 1619118417329,
    "session": "room000013"
}, {
    "time": 6155,
    "timeup": false,
    "done": true,
    "player": "39142522748578",
    "stage": {
        "stage": 4,
        "step": 2,
        "round": 3
    },
    "timestamp": 1619118417494,
    "session": "room000013"
}, {
    "contribution": 20,
    "time": 3960,
    "timeup": false,
    "done": true,
    "player": "961158546054264",
    "stage": {
        "stage": 4,
        "step": 1,
        "round": 4
    },
    "timestamp": 1619118421927,
    "session": "room000013"
}, {
    "contribution": 20,
    "time": 4460,
    "timeup": false,
    "done": true,
    "player": "537280448580160",
    "stage": {
        "stage": 4,
        "step": 1,
        "round": 4
    },
    "timestamp": 1619118422429,
    "session": "room000013"
}, {
    "contribution": 20,
    "time": 5257,
    "timeup": false,
    "done": true,
    "player": "563948438579096",
    "stage": {
        "stage": 4,
        "step": 1,
        "round": 4
    },
    "timestamp": 1619118423341,
    "session": "room000013"
}, {
    "contribution": 20,
    "time": 5728,
    "timeup": false,
    "done": true,
    "player": "39142522748578",
    "stage": {
        "stage": 4,
        "step": 1,
        "round": 4
    },
    "timestamp": 1619118423644,
    "session": "room000013"
}, {
    "time": 1317,
    "timeup": false,
    "done": true,
    "player": "961158546054264",
    "stage": {
        "stage": 4,
        "step": 2,
        "round": 4
    },
    "timestamp": 1619118425334,
    "session": "room000013"
}, {
    "time": 1832,
    "timeup": false,
    "done": true,
    "player": "537280448580160",
    "stage": {
        "stage": 4,
        "step": 2,
        "round": 4
    },
    "timestamp": 1619118426054,
    "session": "room000013"
}, {
    "time": 2140,
    "timeup": false,
    "done": true,
    "player": "563948438579096",
    "stage": {
        "stage": 4,
        "step": 2,
        "round": 4
    },
    "timestamp": 1619118426331,
    "session": "room000013"
}, {
    "time": 3722,
    "timeup": false,
    "done": true,
    "player": "39142522748578",
    "stage": {
        "stage": 4,
        "step": 2,
        "round": 4
    },
    "timestamp": 1619118427799,
    "session": "room000013"
}, {
    "contribution": 20,
    "time": 4286,
    "timeup": false,
    "done": true,
    "player": "961158546054264",
    "stage": {
        "stage": 4,
        "step": 1,
        "round": 5
    },
    "timestamp": 1619118432404,
    "session": "room000013"
}, {
    "contribution": 20,
    "time": 4424,
    "timeup": false,
    "done": true,
    "player": "537280448580160",
    "stage": {
        "stage": 4,
        "step": 1,
        "round": 5
    },
    "timestamp": 1619118432722,
    "session": "room000013"
}, {
    "contribution": 20,
    "time": 6386,
    "timeup": false,
    "done": true,
    "player": "39142522748578",
    "stage": {
        "stage": 4,
        "step": 1,
        "round": 5
    },
    "timestamp": 1619118434555,
    "session": "room000013"
}, {
    "contribution": 20,
    "time": 8353,
    "timeup": false,
    "done": true,
    "player": "563948438579096",
    "stage": {
        "stage": 4,
        "step": 1,
        "round": 5
    },
    "timestamp": 1619118436700,
    "session": "room000013"
}, {
    "time": 1701,
    "timeup": false,
    "done": true,
    "player": "39142522748578",
    "stage": {
        "stage": 4,
        "step": 2,
        "round": 5
    },
    "timestamp": 1619118438848,
    "session": "room000013"
}, {
    "time": 1591,
    "timeup": false,
    "done": true,
    "player": "537280448580160",
    "stage": {
        "stage": 4,
        "step": 2,
        "round": 5
    },
    "timestamp": 1619118438890,
    "session": "room000013"
}, {
    "time": 2476,
    "timeup": false,
    "done": true,
    "player": "961158546054264",
    "stage": {
        "stage": 4,
        "step": 2,
        "round": 5
    },
    "timestamp": 1619118439468,
    "session": "room000013"
}, {
    "time": 2495,
    "timeup": false,
    "done": true,
    "player": "563948438579096",
    "stage": {
        "stage": 4,
        "step": 2,
        "round": 5
    },
    "timestamp": 1619118439751,
    "session": "room000013"
}, {
    "contribution": 20,
    "time": 4249,
    "timeup": false,
    "done": true,
    "player": "961158546054264",
    "stage": {
        "stage": 4,
        "step": 1,
        "round": 6
    },
    "timestamp": 1619118444347,
    "session": "room000013"
}, {
    "contribution": 20,
    "time": 4311,
    "timeup": false,
    "done": true,
    "player": "537280448580160",
    "stage": {
        "stage": 4,
        "step": 1,
        "round": 6
    },
    "timestamp": 1619118444558,
    "session": "room000013"
}, {
    "contribution": 20,
    "time": 4485,
    "timeup": false,
    "done": true,
    "player": "563948438579096",
    "stage": {
        "stage": 4,
        "step": 1,
        "round": 6
    },
    "timestamp": 1619118444797,
    "session": "room000013"
}, {
    "contribution": 20,
    "time": 5836,
    "timeup": false,
    "done": true,
    "player": "39142522748578",
    "stage": {
        "stage": 4,
        "step": 1,
        "round": 6
    },
    "timestamp": 1619118445941,
    "session": "room000013"
}, {
    "time": 1315,
    "timeup": false,
    "done": true,
    "player": "961158546054264",
    "stage": {
        "stage": 4,
        "step": 2,
        "round": 6
    },
    "timestamp": 1619118447651,
    "session": "room000013"
}, {
    "time": 2151,
    "timeup": false,
    "done": true,
    "player": "537280448580160",
    "stage": {
        "stage": 4,
        "step": 2,
        "round": 6
    },
    "timestamp": 1619118448648,
    "session": "room000013"
}, {
    "time": 2824,
    "timeup": false,
    "done": true,
    "player": "563948438579096",
    "stage": {
        "stage": 4,
        "step": 2,
        "round": 6
    },
    "timestamp": 1619118449331,
    "session": "room000013"
}, {
    "time": 3925,
    "timeup": false,
    "done": true,
    "player": "39142522748578",
    "stage": {
        "stage": 4,
        "step": 2,
        "round": 6
    },
    "timestamp": 1619118450306,
    "session": "room000013"
}, {
    "contribution": 20,
    "time": 4469,
    "timeup": false,
    "done": true,
    "player": "961158546054264",
    "stage": {
        "stage": 4,
        "step": 1,
        "round": 7
    },
    "timestamp": 1619118455083,
    "session": "room000013"
}, {
    "contribution": 20,
    "time": 6094,
    "timeup": false,
    "done": true,
    "player": "563948438579096",
    "stage": {
        "stage": 4,
        "step": 1,
        "round": 7
    },
    "timestamp": 1619118456938,
    "session": "room000013"
}, {
    "contribution": 20,
    "time": 7578,
    "timeup": false,
    "done": true,
    "player": "537280448580160",
    "stage": {
        "stage": 4,
        "step": 1,
        "round": 7
    },
    "timestamp": 1619118458366,
    "session": "room000013"
}, {
    "contribution": 20,
    "time": 7692,
    "timeup": false,
    "done": true,
    "player": "39142522748578",
    "stage": {
        "stage": 4,
        "step": 1,
        "round": 7
    },
    "timestamp": 1619118458376,
    "session": "room000013"
}, {
    "time": 1213,
    "timeup": false,
    "done": true,
    "player": "961158546054264",
    "stage": {
        "stage": 4,
        "step": 2,
        "round": 7
    },
    "timestamp": 1619118459924,
    "session": "room000013"
}, {
    "time": 2217,
    "timeup": false,
    "done": true,
    "player": "537280448580160",
    "stage": {
        "stage": 4,
        "step": 2,
        "round": 7
    },
    "timestamp": 1619118461187,
    "session": "room000013"
}, {
    "time": 4115,
    "timeup": false,
    "done": true,
    "player": "39142522748578",
    "stage": {
        "stage": 4,
        "step": 2,
        "round": 7
    },
    "timestamp": 1619118462915,
    "session": "room000013"
}, {
    "time": 5645,
    "timeup": false,
    "done": true,
    "player": "563948438579096",
    "stage": {
        "stage": 4,
        "step": 2,
        "round": 7
    },
    "timestamp": 1619118464570,
    "session": "room000013"
}, {
    "contribution": 20,
    "time": 3523,
    "timeup": false,
    "done": true,
    "player": "961158546054264",
    "stage": {
        "stage": 4,
        "step": 1,
        "round": 8
    },
    "timestamp": 1619118468696,
    "session": "room000013"
}, {
    "contribution": 20,
    "time": 4034,
    "timeup": false,
    "done": true,
    "player": "537280448580160",
    "stage": {
        "stage": 4,
        "step": 1,
        "round": 8
    },
    "timestamp": 1619118469086,
    "session": "room000013"
}, {
    "contribution": 20,
    "time": 4435,
    "timeup": false,
    "done": true,
    "player": "563948438579096",
    "stage": {
        "stage": 4,
        "step": 1,
        "round": 8
    },
    "timestamp": 1619118469669,
    "session": "room000013"
}, {
    "contribution": 20,
    "time": 6746,
    "timeup": false,
    "done": true,
    "player": "39142522748578",
    "stage": {
        "stage": 4,
        "step": 1,
        "round": 8
    },
    "timestamp": 1619118471963,
    "session": "room000013"
}, {
    "time": 1577,
    "timeup": false,
    "done": true,
    "player": "961158546054264",
    "stage": {
        "stage": 4,
        "step": 2,
        "round": 8
    },
    "timestamp": 1619118473955,
    "session": "room000013"
}, {
    "time": 1525,
    "timeup": false,
    "done": true,
    "player": "537280448580160",
    "stage": {
        "stage": 4,
        "step": 2,
        "round": 8
    },
    "timestamp": 1619118474075,
    "session": "room000013"
}, {
    "time": 2721,
    "timeup": false,
    "done": true,
    "player": "563948438579096",
    "stage": {
        "stage": 4,
        "step": 2,
        "round": 8
    },
    "timestamp": 1619118475341,
    "session": "room000013"
}, {
    "time": 3468,
    "timeup": false,
    "done": true,
    "player": "39142522748578",
    "stage": {
        "stage": 4,
        "step": 2,
        "round": 8
    },
    "timestamp": 1619118475885,
    "session": "room000013"
}, {
    "contribution": 20,
    "time": 4081,
    "timeup": false,
    "done": true,
    "player": "537280448580160",
    "stage": {
        "stage": 4,
        "step": 1,
        "round": 9
    },
    "timestamp": 1619118480431,
    "session": "room000013"
}, {
    "contribution": 20,
    "time": 4600,
    "timeup": false,
    "done": true,
    "player": "563948438579096",
    "stage": {
        "stage": 4,
        "step": 1,
        "round": 9
    },
    "timestamp": 1619118481020,
    "session": "room000013"
}, {
    "contribution": 20,
    "time": 5667,
    "timeup": false,
    "done": true,
    "player": "39142522748578",
    "stage": {
        "stage": 4,
        "step": 1,
        "round": 9
    },
    "timestamp": 1619118482004,
    "session": "room000013"
}, {
    "contribution": 20,
    "time": 6873,
    "timeup": false,
    "done": true,
    "player": "961158546054264",
    "stage": {
        "stage": 4,
        "step": 1,
        "round": 9
    },
    "timestamp": 1619118483072,
    "session": "room000013"
}, {
    "time": 1543,
    "timeup": false,
    "done": true,
    "player": "537280448580160",
    "stage": {
        "stage": 4,
        "step": 2,
        "round": 9
    },
    "timestamp": 1619118485167,
    "session": "room000013"
}, {
    "time": 2213,
    "timeup": false,
    "done": true,
    "player": "563948438579096",
    "stage": {
        "stage": 4,
        "step": 2,
        "round": 9
    },
    "timestamp": 1619118485857,
    "session": "room000013"
}, {
    "time": 3817,
    "timeup": false,
    "done": true,
    "player": "39142522748578",
    "stage": {
        "stage": 4,
        "step": 2,
        "round": 9
    },
    "timestamp": 1619118487315,
    "session": "room000013"
}, {
    "time": 5316,
    "timeup": false,
    "done": true,
    "player": "961158546054264",
    "stage": {
        "stage": 4,
        "step": 2,
        "round": 9
    },
    "timestamp": 1619118488672,
    "session": "room000013"
}, {
    "contribution": 20,
    "time": 4197,
    "timeup": false,
    "done": true,
    "player": "563948438579096",
    "stage": {
        "stage": 4,
        "step": 1,
        "round": 10
    },
    "timestamp": 1619118493395,
    "session": "room000013"
}, {
    "contribution": 20,
    "time": 7721,
    "timeup": false,
    "done": true,
    "player": "39142522748578",
    "stage": {
        "stage": 4,
        "step": 1,
        "round": 10
    },
    "timestamp": 1619118496877,
    "session": "room000013"
}, {
    "contribution": 20,
    "time": 8407,
    "timeup": false,
    "done": true,
    "player": "537280448580160",
    "stage": {
        "stage": 4,
        "step": 1,
        "round": 10
    },
    "timestamp": 1619118497556,
    "session": "room000013"
}, {
    "contribution": 10,
    "time": 12777,
    "timeup": false,
    "done": true,
    "player": "961158546054264",
    "stage": {
        "stage": 4,
        "step": 1,
        "round": 10
    },
    "timestamp": 1619118501717,
    "session": "room000013"
}, {
    "time": 1784,
    "timeup": false,
    "done": true,
    "player": "961158546054264",
    "stage": {
        "stage": 4,
        "step": 2,
        "round": 10
    },
    "timestamp": 1619118503784,
    "session": "room000013"
}, {
    "time": 2705,
    "timeup": false,
    "done": true,
    "player": "537280448580160",
    "stage": {
        "stage": 4,
        "step": 2,
        "round": 10
    },
    "timestamp": 1619118505014,
    "session": "room000013"
}, {
    "time": 4502,
    "timeup": false,
    "done": true,
    "player": "563948438579096",
    "stage": {
        "stage": 4,
        "step": 2,
        "round": 10
    },
    "timestamp": 1619118506727,
    "session": "room000013"
}, {
    "time": 8378,
    "timeup": false,
    "done": true,
    "player": "39142522748578",
    "stage": {
        "stage": 4,
        "step": 2,
        "round": 10
    },
    "timestamp": 1619118510636,
    "session": "room000013"
}, {
    "communication": "Nechci uvést",
    "agreement": "Nechci uvést",
    "real1": "Nechci uvést",
    "real2": "Nechci uvést",
    "strategy": "Náhodně vybírat částky",
    "time": 27435,
    "timeup": false,
    "done": true,
    "player": "563948438579096",
    "stage": {
        "stage": 5,
        "step": 1,
        "round": 1
    },
    "timestamp": 1619118538294,
    "session": "room000013"
}, {
    "communication": "Nechci uvést",
    "agreement": "Ne",
    "real1": "Neměli jsme nic domluveno",
    "real2": "Neměli jsme nic domluveno",
    "strategy": "Náhodně vybírat částky",
    "time": 38347,
    "timeup": false,
    "done": true,
    "player": "961158546054264",
    "stage": {
        "stage": 5,
        "step": 1,
        "round": 1
    },
    "timestamp": 1619118549186,
    "session": "room000013"
}, {
    "communication": "Nechci uvést",
    "agreement": "Ne",
    "real1": "Neměli jsme nic domluveno",
    "real2": "Neměli jsme nic domluveno",
    "strategy": "Náhodně vybírat částky",
    "time": 46219,
    "timeup": false,
    "done": true,
    "player": "537280448580160",
    "stage": {
        "stage": 5,
        "step": 1,
        "round": 1
    },
    "timestamp": 1619118557250,
    "session": "room000013"
}, {
    "communication": "Nechci uvést",
    "agreement": "Ne",
    "real1": "Neměli jsme nic domluveno",
    "real2": "Neměli jsme nic domluveno",
    "strategy": "Maximalizovat výnos skupiny",
    "time": 47000,
    "timeup": false,
    "done": true,
    "player": "39142522748578",
    "stage": {
        "stage": 5,
        "step": 1,
        "round": 1
    },
    "timestamp": 1619118557835,
    "session": "room000013"
}, {
    "value": "zklailova@seznam.cz ",
    "timeBegin": 6566,
    "timeEnd": 8507,
    "isCorrect": true,
    "id": "email",
    "time": 16287,
    "timeup": false,
    "done": true,
    "player": "537280448580160",
    "stage": {
        "stage": 6,
        "step": 1,
        "round": 1
    },
    "timestamp": 1619118574445,
    "session": "room000013"
}, {
    "value": "eli.baborova@gmail.com",
    "timeBegin": 4286,
    "timeEnd": 16205,
    "isCorrect": true,
    "id": "email",
    "time": 18840,
    "timeup": false,
    "done": true,
    "player": "961158546054264",
    "stage": {
        "stage": 6,
        "step": 1,
        "round": 1
    },
    "timestamp": 1619118576898,
    "session": "room000013"
}, {
    "value": "martinasykorova2669@gmail.com",
    "timeBegin": 7118,
    "timeEnd": 20422,
    "isCorrect": true,
    "id": "email",
    "time": 25868,
    "timeup": false,
    "done": true,
    "player": "39142522748578",
    "stage": {
        "stage": 6,
        "step": 1,
        "round": 1
    },
    "timestamp": 1619118583919,
    "session": "room000013"
}, {
    "value": "michaela.kralova1999@seznam.cz",
    "timeBegin": 42058,
    "timeEnd": 50122,
    "isCorrect": true,
    "id": "email",
    "time": 55047,
    "timeup": false,
    "done": true,
    "player": "563948438579096",
    "stage": {
        "stage": 6,
        "step": 1,
        "round": 1
    },
    "timestamp": 1619118613099,
    "session": "room000013"
}]