"session","player","time","znajiSe","blizkost","kooperujeKam","kooperujeCiz"
"room000013","563948438579096",27690,"7-velmi dobře","7-velmi blízký","7-velmi spolupracuji","7-velmi spolupracuji"
"room000013","39142522748578",28621,"1-vůbec","7-velmi blízký","7-velmi spolupracuji","7-velmi spolupracuji"
"room000013","961158546054264",29528,"7-velmi dobře","7-velmi blízký","7-velmi spolupracuji","7-velmi spolupracuji"
"room000013","537280448580160",32274,"7-velmi dobře","7-velmi blízký","7-velmi spolupracuji","7-velmi spolupracuji"
