"session","player","time","communication","agreement","real1","real2","strategy"
"room000013","563948438579096",27435,"Nechci uvést","Nechci uvést","Nechci uvést","Nechci uvést","Náhodně vybírat částky"
"room000013","961158546054264",38347,"Nechci uvést","Ne","Neměli jsme nic domluveno","Neměli jsme nic domluveno","Náhodně vybírat částky"
"room000013","537280448580160",46219,"Nechci uvést","Ne","Neměli jsme nic domluveno","Neměli jsme nic domluveno","Náhodně vybírat částky"
"room000013","39142522748578",47000,"Nechci uvést","Ne","Neměli jsme nic domluveno","Neměli jsme nic domluveno","Maximalizovat výnos skupiny"
