[{
    "time": 2802,
    "timeup": false,
    "done": true,
    "player": "287620168725840",
    "stage": {
        "stage": 1,
        "step": 1,
        "round": 1
    },
    "timestamp": 1619288360368,
    "session": "room000017"
}, {
    "time": 7217,
    "timeup": false,
    "done": true,
    "player": "369033140365544",
    "stage": {
        "stage": 1,
        "step": 1,
        "round": 1
    },
    "timestamp": 1619288364603,
    "session": "room000017"
}, {
    "time": 19898,
    "timeup": false,
    "done": true,
    "player": "695541911849541",
    "stage": {
        "stage": 1,
        "step": 1,
        "round": 1
    },
    "timestamp": 1619288377500,
    "session": "room000017"
}, {
    "time": 104220,
    "timeup": false,
    "done": true,
    "player": "156082397795220",
    "stage": {
        "stage": 1,
        "step": 1,
        "round": 1
    },
    "timestamp": 1619288462812,
    "session": "room000017"
}, {
    "order": [
        0,
        1,
        2,
        3,
        4
    ],
    "forms": {
        "coinsEveryRound": {
            "id": "coinsEveryRound",
            "choice": "0",
            "time": 4171,
            "nClicks": 1,
            "order": [
                1,
                3,
                2,
                0
            ],
            "value": "20",
            "isCorrect": true,
            "attempts": [
                "0",
                "0"
            ]
        },
        "coinsMaxi": {
            "id": "coinsMaxi",
            "choice": "0",
            "time": 11765,
            "nClicks": 1,
            "order": [
                0,
                3,
                1,
                2
            ],
            "value": "40",
            "isCorrect": true,
            "attempts": [
                "0",
                "0"
            ]
        },
        "coinsMini": {
            "id": "coinsMini",
            "choice": "0",
            "time": 24390,
            "nClicks": 1,
            "order": [
                3,
                1,
                0,
                2
            ],
            "value": "10",
            "isCorrect": true,
            "attempts": [
                "0",
                "0"
            ]
        },
        "coinsOthers": {
            "id": "coinsOthers",
            "choice": "0",
            "time": 23339,
            "nClicks": 1,
            "order": [
                1,
                3,
                0,
                2
            ],
            "value": "30",
            "isCorrect": true,
            "attempts": [
                "0",
                "0"
            ]
        },
        "lowestPayment1": {
            "id": "lowestPayment1",
            "choice": "0",
            "time": 27585,
            "nClicks": 2,
            "order": [
                0,
                2,
                1,
                3
            ],
            "value": "15",
            "isCorrect": true,
            "attempts": [
                "3",
                "0"
            ]
        }
    },
    "missValues": [],
    "id": "quiz",
    "isCorrect": true,
    "time": 28665,
    "timeup": false,
    "done": true,
    "player": "369033140365544",
    "stage": {
        "stage": 2,
        "step": 1,
        "round": 1
    },
    "timestamp": 1619288491803,
    "session": "room000017"
}, {
    "order": [
        0,
        1,
        2,
        3,
        4
    ],
    "forms": {
        "coinsEveryRound": {
            "id": "coinsEveryRound",
            "choice": "0",
            "time": 5289,
            "nClicks": 1,
            "order": [
                2,
                0,
                1,
                3
            ],
            "value": "20",
            "isCorrect": true,
            "attempts": [
                "0"
            ]
        },
        "coinsMaxi": {
            "id": "coinsMaxi",
            "choice": "0",
            "time": 21367,
            "nClicks": 1,
            "order": [
                2,
                1,
                0,
                3
            ],
            "value": "40",
            "isCorrect": true,
            "attempts": [
                "0"
            ]
        },
        "coinsMini": {
            "id": "coinsMini",
            "choice": "0",
            "time": 28582,
            "nClicks": 1,
            "order": [
                0,
                3,
                1,
                2
            ],
            "value": "10",
            "isCorrect": true,
            "attempts": [
                "0"
            ]
        },
        "coinsOthers": {
            "id": "coinsOthers",
            "choice": "0",
            "time": 33033,
            "nClicks": 1,
            "order": [
                2,
                0,
                1,
                3
            ],
            "value": "30",
            "isCorrect": true,
            "attempts": [
                "0"
            ]
        },
        "lowestPayment1": {
            "id": "lowestPayment1",
            "choice": "0",
            "time": 44635,
            "nClicks": 1,
            "order": [
                3,
                1,
                0,
                2
            ],
            "value": "15",
            "isCorrect": true,
            "attempts": [
                "0"
            ]
        }
    },
    "missValues": [],
    "id": "quiz",
    "isCorrect": true,
    "time": 45976,
    "timeup": false,
    "done": true,
    "player": "695541911849541",
    "stage": {
        "stage": 2,
        "step": 1,
        "round": 1
    },
    "timestamp": 1619288509379,
    "session": "room000017"
}, {
    "order": [
        0,
        1,
        2,
        3,
        4
    ],
    "forms": {
        "coinsEveryRound": {
            "id": "coinsEveryRound",
            "choice": "0",
            "time": 9266,
            "nClicks": 1,
            "order": [
                1,
                2,
                0,
                3
            ],
            "value": "20",
            "isCorrect": true,
            "attempts": [
                "0",
                "0"
            ]
        },
        "coinsMaxi": {
            "id": "coinsMaxi",
            "choice": "0",
            "time": 32938,
            "nClicks": 2,
            "order": [
                1,
                3,
                2,
                0
            ],
            "value": "40",
            "isCorrect": true,
            "attempts": [
                "0",
                "0"
            ]
        },
        "coinsMini": {
            "id": "coinsMini",
            "choice": "0",
            "time": 36573,
            "nClicks": 1,
            "order": [
                0,
                1,
                3,
                2
            ],
            "value": "10",
            "isCorrect": true,
            "attempts": [
                "0",
                "0"
            ]
        },
        "coinsOthers": {
            "id": "coinsOthers",
            "choice": "0",
            "time": 59883,
            "nClicks": 2,
            "order": [
                0,
                2,
                3,
                1
            ],
            "value": "30",
            "isCorrect": true,
            "attempts": [
                "3",
                "0"
            ]
        },
        "lowestPayment1": {
            "id": "lowestPayment1",
            "choice": "0",
            "time": 55298,
            "nClicks": 1,
            "order": [
                0,
                3,
                1,
                2
            ],
            "value": "15",
            "isCorrect": true,
            "attempts": [
                "0",
                "0"
            ]
        }
    },
    "missValues": [],
    "id": "quiz",
    "isCorrect": true,
    "time": 61041,
    "timeup": false,
    "done": true,
    "player": "287620168725840",
    "stage": {
        "stage": 2,
        "step": 1,
        "round": 1
    },
    "timestamp": 1619288524415,
    "session": "room000017"
}, {
    "order": [
        0,
        1,
        2,
        3,
        4
    ],
    "forms": {
        "coinsEveryRound": {
            "id": "coinsEveryRound",
            "choice": "0",
            "time": 140793,
            "nClicks": 4,
            "order": [
                1,
                0,
                2,
                3
            ],
            "value": "20",
            "isCorrect": true,
            "attempts": [
                "1",
                "1",
                "2",
                "0",
                "0"
            ]
        },
        "coinsMaxi": {
            "id": "coinsMaxi",
            "choice": "0",
            "time": 137084,
            "nClicks": 3,
            "order": [
                1,
                0,
                3,
                2
            ],
            "value": "40",
            "isCorrect": true,
            "attempts": [
                "2",
                "2",
                "0",
                "0",
                "0"
            ]
        },
        "coinsMini": {
            "id": "coinsMini",
            "choice": "0",
            "time": 142942,
            "nClicks": 5,
            "order": [
                1,
                3,
                0,
                2
            ],
            "value": "10",
            "isCorrect": true,
            "attempts": [
                "3",
                "1",
                "3",
                "3",
                "0"
            ]
        },
        "coinsOthers": {
            "id": "coinsOthers",
            "choice": "0",
            "time": 114052,
            "nClicks": 2,
            "order": [
                1,
                0,
                3,
                2
            ],
            "value": "30",
            "isCorrect": true,
            "attempts": [
                "0",
                "0",
                "0",
                "0",
                "0"
            ]
        },
        "lowestPayment1": {
            "id": "lowestPayment1",
            "choice": "0",
            "time": 112858,
            "nClicks": 2,
            "order": [
                0,
                3,
                1,
                2
            ],
            "value": "15",
            "isCorrect": true,
            "attempts": [
                "0",
                "0",
                "0",
                "0",
                "0"
            ]
        }
    },
    "missValues": [],
    "id": "quiz",
    "isCorrect": true,
    "time": 143671,
    "timeup": false,
    "done": true,
    "player": "156082397795220",
    "stage": {
        "stage": 2,
        "step": 1,
        "round": 1
    },
    "timestamp": 1619288606792,
    "session": "room000017"
}, {
    "znajiSe": "6",
    "blizkost": "6",
    "kooperujeKam": "6",
    "kooperujeCiz": "4",
    "time": 6668,
    "timeup": false,
    "done": true,
    "player": "695541911849541",
    "stage": {
        "stage": 3,
        "step": 1,
        "round": 1
    },
    "timestamp": 1619288613873,
    "session": "room000017"
}, {
    "znajiSe": "7-velmi dobře",
    "blizkost": "7-velmi blízký",
    "kooperujeKam": "7-velmi spolupracuji",
    "kooperujeCiz": "7-velmi spolupracuji",
    "time": 12256,
    "timeup": false,
    "done": true,
    "player": "287620168725840",
    "stage": {
        "stage": 3,
        "step": 1,
        "round": 1
    },
    "timestamp": 1619288619748,
    "session": "room000017"
}, {
    "znajiSe": "6",
    "blizkost": "5",
    "kooperujeKam": "7-velmi spolupracuji",
    "kooperujeCiz": "7-velmi spolupracuji",
    "time": 24712,
    "timeup": false,
    "done": true,
    "player": "156082397795220",
    "stage": {
        "stage": 3,
        "step": 1,
        "round": 1
    },
    "timestamp": 1619288631715,
    "session": "room000017"
}, {
    "znajiSe": "5",
    "blizkost": "4",
    "kooperujeKam": "5",
    "kooperujeCiz": "5",
    "time": 33273,
    "timeup": false,
    "done": true,
    "player": "369033140365544",
    "stage": {
        "stage": 3,
        "step": 1,
        "round": 1
    },
    "timestamp": 1619288640375,
    "session": "room000017"
}, {
    "contribution": 17,
    "time": 4734,
    "timeup": false,
    "done": true,
    "player": "369033140365544",
    "stage": {
        "stage": 4,
        "step": 1,
        "round": 1
    },
    "timestamp": 1619288645734,
    "session": "room000017"
}, {
    "contribution": 20,
    "time": 5313,
    "timeup": false,
    "done": true,
    "player": "695541911849541",
    "stage": {
        "stage": 4,
        "step": 1,
        "round": 1
    },
    "timestamp": 1619288646308,
    "session": "room000017"
}, {
    "contribution": 15,
    "time": 9940,
    "timeup": false,
    "done": true,
    "player": "287620168725840",
    "stage": {
        "stage": 4,
        "step": 1,
        "round": 1
    },
    "timestamp": 1619288651392,
    "session": "room000017"
}, {
    "contribution": 10,
    "time": 16657,
    "timeup": false,
    "done": true,
    "player": "156082397795220",
    "stage": {
        "stage": 4,
        "step": 1,
        "round": 1
    },
    "timestamp": 1619288657929,
    "session": "room000017"
}, {
    "time": 11519,
    "timeup": false,
    "done": true,
    "player": "695541911849541",
    "stage": {
        "stage": 4,
        "step": 2,
        "round": 1
    },
    "timestamp": 1619288670433,
    "session": "room000017"
}, {
    "time": 15926,
    "timeup": false,
    "done": true,
    "player": "287620168725840",
    "stage": {
        "stage": 4,
        "step": 2,
        "round": 1
    },
    "timestamp": 1619288674991,
    "session": "room000017"
}, {
    "time": 15423,
    "timeup": false,
    "done": true,
    "player": "369033140365544",
    "stage": {
        "stage": 4,
        "step": 2,
        "round": 1
    },
    "timestamp": 1619288675354,
    "session": "room000017"
}, {
    "time": 20131,
    "timeup": false,
    "done": true,
    "player": "156082397795220",
    "stage": {
        "stage": 4,
        "step": 2,
        "round": 1
    },
    "timestamp": 1619288680481,
    "session": "room000017"
}, {
    "contribution": 18,
    "time": 6876,
    "timeup": false,
    "done": true,
    "player": "695541911849541",
    "stage": {
        "stage": 4,
        "step": 1,
        "round": 2
    },
    "timestamp": 1619288688073,
    "session": "room000017"
}, {
    "contribution": 15,
    "time": 11945,
    "timeup": false,
    "done": true,
    "player": "156082397795220",
    "stage": {
        "stage": 4,
        "step": 1,
        "round": 2
    },
    "timestamp": 1619288692837,
    "session": "room000017"
}, {
    "contribution": 13,
    "time": 13004,
    "timeup": false,
    "done": true,
    "player": "369033140365544",
    "stage": {
        "stage": 4,
        "step": 1,
        "round": 2
    },
    "timestamp": 1619288694074,
    "session": "room000017"
}, {
    "contribution": 15,
    "time": 30046,
    "timeup": true,
    "done": true,
    "player": "287620168725840",
    "stage": {
        "stage": 4,
        "step": 1,
        "round": 2
    },
    "timestamp": 1619288711290,
    "session": "room000017"
}, {
    "time": 5588,
    "timeup": false,
    "done": true,
    "player": "156082397795220",
    "stage": {
        "stage": 4,
        "step": 2,
        "round": 2
    },
    "timestamp": 1619288717370,
    "session": "room000017"
}, {
    "time": 8683,
    "timeup": false,
    "done": true,
    "player": "369033140365544",
    "stage": {
        "stage": 4,
        "step": 2,
        "round": 2
    },
    "timestamp": 1619288720594,
    "session": "room000017"
}, {
    "time": 10948,
    "timeup": false,
    "done": true,
    "player": "695541911849541",
    "stage": {
        "stage": 4,
        "step": 2,
        "round": 2
    },
    "timestamp": 1619288723172,
    "session": "room000017"
}, {
    "time": 12622,
    "timeup": false,
    "done": true,
    "player": "287620168725840",
    "stage": {
        "stage": 4,
        "step": 2,
        "round": 2
    },
    "timestamp": 1619288724676,
    "session": "room000017"
}, {
    "contribution": 17,
    "time": 5077,
    "timeup": false,
    "done": true,
    "player": "287620168725840",
    "stage": {
        "stage": 4,
        "step": 1,
        "round": 3
    },
    "timestamp": 1619288730449,
    "session": "room000017"
}, {
    "contribution": 7,
    "time": 5993,
    "timeup": false,
    "done": true,
    "player": "156082397795220",
    "stage": {
        "stage": 4,
        "step": 1,
        "round": 3
    },
    "timestamp": 1619288731081,
    "session": "room000017"
}, {
    "contribution": 11,
    "time": 7654,
    "timeup": false,
    "done": true,
    "player": "695541911849541",
    "stage": {
        "stage": 4,
        "step": 1,
        "round": 3
    },
    "timestamp": 1619288732992,
    "session": "room000017"
}, {
    "contribution": 19,
    "time": 13427,
    "timeup": false,
    "done": true,
    "player": "369033140365544",
    "stage": {
        "stage": 4,
        "step": 1,
        "round": 3
    },
    "timestamp": 1619288738634,
    "session": "room000017"
}, {
    "time": 3778,
    "timeup": false,
    "done": true,
    "player": "156082397795220",
    "stage": {
        "stage": 4,
        "step": 2,
        "round": 3
    },
    "timestamp": 1619288743110,
    "session": "room000017"
}, {
    "time": 6519,
    "timeup": false,
    "done": true,
    "player": "369033140365544",
    "stage": {
        "stage": 4,
        "step": 2,
        "round": 3
    },
    "timestamp": 1619288745734,
    "session": "room000017"
}, {
    "time": 7251,
    "timeup": false,
    "done": true,
    "player": "695541911849541",
    "stage": {
        "stage": 4,
        "step": 2,
        "round": 3
    },
    "timestamp": 1619288746684,
    "session": "room000017"
}, {
    "time": 7986,
    "timeup": false,
    "done": true,
    "player": "287620168725840",
    "stage": {
        "stage": 4,
        "step": 2,
        "round": 3
    },
    "timestamp": 1619288747522,
    "session": "room000017"
}, {
    "contribution": 12,
    "time": 5598,
    "timeup": false,
    "done": true,
    "player": "695541911849541",
    "stage": {
        "stage": 4,
        "step": 1,
        "round": 4
    },
    "timestamp": 1619288753801,
    "session": "room000017"
}, {
    "contribution": 10,
    "time": 6883,
    "timeup": false,
    "done": true,
    "player": "287620168725840",
    "stage": {
        "stage": 4,
        "step": 1,
        "round": 4
    },
    "timestamp": 1619288755017,
    "session": "room000017"
}, {
    "contribution": 11,
    "time": 7348,
    "timeup": false,
    "done": true,
    "player": "156082397795220",
    "stage": {
        "stage": 4,
        "step": 1,
        "round": 4
    },
    "timestamp": 1619288755260,
    "session": "room000017"
}, {
    "contribution": 12,
    "time": 8765,
    "timeup": false,
    "done": true,
    "player": "369033140365544",
    "stage": {
        "stage": 4,
        "step": 1,
        "round": 4
    },
    "timestamp": 1619288756841,
    "session": "room000017"
}, {
    "time": 2835,
    "timeup": false,
    "done": true,
    "player": "695541911849541",
    "stage": {
        "stage": 4,
        "step": 2,
        "round": 4
    },
    "timestamp": 1619288760363,
    "session": "room000017"
}, {
    "time": 6564,
    "timeup": false,
    "done": true,
    "player": "369033140365544",
    "stage": {
        "stage": 4,
        "step": 2,
        "round": 4
    },
    "timestamp": 1619288763898,
    "session": "room000017"
}, {
    "time": 9041,
    "timeup": false,
    "done": true,
    "player": "156082397795220",
    "stage": {
        "stage": 4,
        "step": 2,
        "round": 4
    },
    "timestamp": 1619288766326,
    "session": "room000017"
}, {
    "time": 20988,
    "timeup": false,
    "done": true,
    "player": "287620168725840",
    "stage": {
        "stage": 4,
        "step": 2,
        "round": 4
    },
    "timestamp": 1619288778711,
    "session": "room000017"
}, {
    "contribution": 20,
    "time": 5463,
    "timeup": false,
    "done": true,
    "player": "369033140365544",
    "stage": {
        "stage": 4,
        "step": 1,
        "round": 5
    },
    "timestamp": 1619288784706,
    "session": "room000017"
}, {
    "contribution": 19,
    "time": 5493,
    "timeup": false,
    "done": true,
    "player": "695541911849541",
    "stage": {
        "stage": 4,
        "step": 1,
        "round": 5
    },
    "timestamp": 1619288784961,
    "session": "room000017"
}, {
    "contribution": 9,
    "time": 6620,
    "timeup": false,
    "done": true,
    "player": "156082397795220",
    "stage": {
        "stage": 4,
        "step": 1,
        "round": 5
    },
    "timestamp": 1619288785718,
    "session": "room000017"
}, {
    "contribution": 10,
    "time": 6355,
    "timeup": false,
    "done": true,
    "player": "287620168725840",
    "stage": {
        "stage": 4,
        "step": 1,
        "round": 5
    },
    "timestamp": 1619288785840,
    "session": "room000017"
}, {
    "time": 2183,
    "timeup": false,
    "done": true,
    "player": "156082397795220",
    "stage": {
        "stage": 4,
        "step": 2,
        "round": 5
    },
    "timestamp": 1619288788518,
    "session": "room000017"
}, {
    "time": 3122,
    "timeup": false,
    "done": true,
    "player": "695541911849541",
    "stage": {
        "stage": 4,
        "step": 2,
        "round": 5
    },
    "timestamp": 1619288789692,
    "session": "room000017"
}, {
    "time": 8781,
    "timeup": false,
    "done": true,
    "player": "369033140365544",
    "stage": {
        "stage": 4,
        "step": 2,
        "round": 5
    },
    "timestamp": 1619288795254,
    "session": "room000017"
}, {
    "time": 30001,
    "timeup": true,
    "done": true,
    "player": "287620168725840",
    "stage": {
        "stage": 4,
        "step": 2,
        "round": 5
    },
    "timestamp": 1619288816595,
    "session": "room000017"
}, {
    "contribution": 19,
    "time": 3886,
    "timeup": false,
    "done": true,
    "player": "156082397795220",
    "stage": {
        "stage": 4,
        "step": 1,
        "round": 6
    },
    "timestamp": 1619288820890,
    "session": "room000017"
}, {
    "contribution": 15,
    "time": 10422,
    "timeup": false,
    "done": true,
    "player": "287620168725840",
    "stage": {
        "stage": 4,
        "step": 1,
        "round": 6
    },
    "timestamp": 1619288827712,
    "session": "room000017"
}, {
    "contribution": 7,
    "time": 10562,
    "timeup": false,
    "done": true,
    "player": "695541911849541",
    "stage": {
        "stage": 4,
        "step": 1,
        "round": 6
    },
    "timestamp": 1619288828044,
    "session": "room000017"
}, {
    "contribution": 13,
    "time": 14086,
    "timeup": false,
    "done": true,
    "player": "369033140365544",
    "stage": {
        "stage": 4,
        "step": 1,
        "round": 6
    },
    "timestamp": 1619288831274,
    "session": "room000017"
}, {
    "time": 3638,
    "timeup": false,
    "done": true,
    "player": "156082397795220",
    "stage": {
        "stage": 4,
        "step": 2,
        "round": 6
    },
    "timestamp": 1619288835366,
    "session": "room000017"
}, {
    "time": 4841,
    "timeup": false,
    "done": true,
    "player": "695541911849541",
    "stage": {
        "stage": 4,
        "step": 2,
        "round": 6
    },
    "timestamp": 1619288837081,
    "session": "room000017"
}, {
    "time": 12134,
    "timeup": false,
    "done": true,
    "player": "369033140365544",
    "stage": {
        "stage": 4,
        "step": 2,
        "round": 6
    },
    "timestamp": 1619288843955,
    "session": "room000017"
}, {
    "time": 12940,
    "timeup": false,
    "done": true,
    "player": "287620168725840",
    "stage": {
        "stage": 4,
        "step": 2,
        "round": 6
    },
    "timestamp": 1619288845137,
    "session": "room000017"
}, {
    "contribution": 1,
    "time": 3088,
    "timeup": false,
    "done": true,
    "player": "156082397795220",
    "stage": {
        "stage": 4,
        "step": 1,
        "round": 7
    },
    "timestamp": 1619288848611,
    "session": "room000017"
}, {
    "contribution": 6,
    "time": 4899,
    "timeup": false,
    "done": true,
    "player": "695541911849541",
    "stage": {
        "stage": 4,
        "step": 1,
        "round": 7
    },
    "timestamp": 1619288850853,
    "session": "room000017"
}, {
    "contribution": 8,
    "time": 5199,
    "timeup": false,
    "done": true,
    "player": "369033140365544",
    "stage": {
        "stage": 4,
        "step": 1,
        "round": 7
    },
    "timestamp": 1619288851194,
    "session": "room000017"
}, {
    "contribution": 10,
    "time": 12490,
    "timeup": false,
    "done": true,
    "player": "287620168725840",
    "stage": {
        "stage": 4,
        "step": 1,
        "round": 7
    },
    "timestamp": 1619288858263,
    "session": "room000017"
}, {
    "time": 4479,
    "timeup": false,
    "done": true,
    "player": "369033140365544",
    "stage": {
        "stage": 4,
        "step": 2,
        "round": 7
    },
    "timestamp": 1619288863306,
    "session": "room000017"
}, {
    "time": 5372,
    "timeup": false,
    "done": true,
    "player": "287620168725840",
    "stage": {
        "stage": 4,
        "step": 2,
        "round": 7
    },
    "timestamp": 1619288864254,
    "session": "room000017"
}, {
    "time": 5478,
    "timeup": false,
    "done": true,
    "player": "156082397795220",
    "stage": {
        "stage": 4,
        "step": 2,
        "round": 7
    },
    "timestamp": 1619288864989,
    "session": "room000017"
}, {
    "time": 15148,
    "timeup": false,
    "done": true,
    "player": "695541911849541",
    "stage": {
        "stage": 4,
        "step": 2,
        "round": 7
    },
    "timestamp": 1619288874275,
    "session": "room000017"
}, {
    "contribution": 13,
    "time": 4054,
    "timeup": false,
    "done": true,
    "player": "156082397795220",
    "stage": {
        "stage": 4,
        "step": 1,
        "round": 8
    },
    "timestamp": 1619288878738,
    "session": "room000017"
}, {
    "contribution": 18,
    "time": 5381,
    "timeup": false,
    "done": true,
    "player": "369033140365544",
    "stage": {
        "stage": 4,
        "step": 1,
        "round": 8
    },
    "timestamp": 1619288880194,
    "session": "room000017"
}, {
    "contribution": 14,
    "time": 6526,
    "timeup": false,
    "done": true,
    "player": "695541911849541",
    "stage": {
        "stage": 4,
        "step": 1,
        "round": 8
    },
    "timestamp": 1619288881444,
    "session": "room000017"
}, {
    "contribution": 6,
    "time": 8149,
    "timeup": false,
    "done": true,
    "player": "287620168725840",
    "stage": {
        "stage": 4,
        "step": 1,
        "round": 8
    },
    "timestamp": 1619288883374,
    "session": "room000017"
}, {
    "time": 1693,
    "timeup": false,
    "done": true,
    "player": "156082397795220",
    "stage": {
        "stage": 4,
        "step": 2,
        "round": 8
    },
    "timestamp": 1619288885549,
    "session": "room000017"
}, {
    "time": 4562,
    "timeup": false,
    "done": true,
    "player": "369033140365544",
    "stage": {
        "stage": 4,
        "step": 2,
        "round": 8
    },
    "timestamp": 1619288888550,
    "session": "room000017"
}, {
    "time": 5808,
    "timeup": false,
    "done": true,
    "player": "695541911849541",
    "stage": {
        "stage": 4,
        "step": 2,
        "round": 8
    },
    "timestamp": 1619288889881,
    "session": "room000017"
}, {
    "time": 13231,
    "timeup": false,
    "done": true,
    "player": "287620168725840",
    "stage": {
        "stage": 4,
        "step": 2,
        "round": 8
    },
    "timestamp": 1619288897215,
    "session": "room000017"
}, {
    "contribution": 10,
    "time": 4114,
    "timeup": false,
    "done": true,
    "player": "156082397795220",
    "stage": {
        "stage": 4,
        "step": 1,
        "round": 9
    },
    "timestamp": 1619288901727,
    "session": "room000017"
}, {
    "contribution": 14,
    "time": 5604,
    "timeup": false,
    "done": true,
    "player": "369033140365544",
    "stage": {
        "stage": 4,
        "step": 1,
        "round": 9
    },
    "timestamp": 1619288903374,
    "session": "room000017"
}, {
    "contribution": 15,
    "time": 8938,
    "timeup": false,
    "done": true,
    "player": "287620168725840",
    "stage": {
        "stage": 4,
        "step": 1,
        "round": 9
    },
    "timestamp": 1619288906726,
    "session": "room000017"
}, {
    "contribution": 5,
    "time": 10582,
    "timeup": false,
    "done": true,
    "player": "695541911849541",
    "stage": {
        "stage": 4,
        "step": 1,
        "round": 9
    },
    "timestamp": 1619288908701,
    "session": "room000017"
}, {
    "time": 2096,
    "timeup": false,
    "done": true,
    "player": "156082397795220",
    "stage": {
        "stage": 4,
        "step": 2,
        "round": 9
    },
    "timestamp": 1619288911238,
    "session": "room000017"
}, {
    "time": 3140,
    "timeup": false,
    "done": true,
    "player": "369033140365544",
    "stage": {
        "stage": 4,
        "step": 2,
        "round": 9
    },
    "timestamp": 1619288912406,
    "session": "room000017"
}, {
    "time": 3804,
    "timeup": false,
    "done": true,
    "player": "287620168725840",
    "stage": {
        "stage": 4,
        "step": 2,
        "round": 9
    },
    "timestamp": 1619288913135,
    "session": "room000017"
}, {
    "time": 7624,
    "timeup": false,
    "done": true,
    "player": "695541911849541",
    "stage": {
        "stage": 4,
        "step": 2,
        "round": 9
    },
    "timestamp": 1619288917024,
    "session": "room000017"
}, {
    "contribution": 8,
    "time": 4639,
    "timeup": false,
    "done": true,
    "player": "695541911849541",
    "stage": {
        "stage": 4,
        "step": 1,
        "round": 10
    },
    "timestamp": 1619288922293,
    "session": "room000017"
}, {
    "contribution": 12,
    "time": 5359,
    "timeup": false,
    "done": true,
    "player": "156082397795220",
    "stage": {
        "stage": 4,
        "step": 1,
        "round": 10
    },
    "timestamp": 1619288922770,
    "session": "room000017"
}, {
    "contribution": 10,
    "time": 5124,
    "timeup": false,
    "done": true,
    "player": "287620168725840",
    "stage": {
        "stage": 4,
        "step": 1,
        "round": 10
    },
    "timestamp": 1619288923302,
    "session": "room000017"
}, {
    "contribution": 15,
    "time": 5990,
    "timeup": false,
    "done": true,
    "player": "369033140365544",
    "stage": {
        "stage": 4,
        "step": 1,
        "round": 10
    },
    "timestamp": 1619288923634,
    "session": "room000017"
}, {
    "time": 2345,
    "timeup": false,
    "done": true,
    "player": "369033140365544",
    "stage": {
        "stage": 4,
        "step": 2,
        "round": 10
    },
    "timestamp": 1619288926574,
    "session": "room000017"
}, {
    "time": 1709,
    "timeup": false,
    "done": true,
    "player": "156082397795220",
    "stage": {
        "stage": 4,
        "step": 2,
        "round": 10
    },
    "timestamp": 1619288926634,
    "session": "room000017"
}, {
    "time": 7551,
    "timeup": false,
    "done": true,
    "player": "695541911849541",
    "stage": {
        "stage": 4,
        "step": 2,
        "round": 10
    },
    "timestamp": 1619288931924,
    "session": "room000017"
}, {
    "time": 10012,
    "timeup": false,
    "done": true,
    "player": "287620168725840",
    "stage": {
        "stage": 4,
        "step": 2,
        "round": 10
    },
    "timestamp": 1619288934251,
    "session": "room000017"
}, {
    "communication": "Ano",
    "agreement": "Ne",
    "real1": "Neměli jsme nic domluveno",
    "real2": "Neměli jsme nic domluveno",
    "strategy": "Minimilizovat rozdíly mezi mým výnosem a výnosem spoluhráčů",
    "time": 28074,
    "timeup": false,
    "done": true,
    "player": "156082397795220",
    "stage": {
        "stage": 5,
        "step": 1,
        "round": 1
    },
    "timestamp": 1619288962630,
    "session": "room000017"
}, {
    "communication": "Ano",
    "agreement": "Ano",
    "real1": "Ano",
    "real2": "Napůl",
    "strategy": "Maximalizovat výnos skupiny",
    "time": 34565,
    "timeup": false,
    "done": true,
    "player": "287620168725840",
    "stage": {
        "stage": 5,
        "step": 1,
        "round": 1
    },
    "timestamp": 1619288969272,
    "session": "room000017"
}, {
    "communication": "Ne",
    "agreement": "Ano",
    "real1": "Napůl",
    "real2": "Ne",
    "strategy": "Minimilizovat rozdíly mezi mým výnosem a výnosem spoluhráčů",
    "time": 38582,
    "timeup": false,
    "done": true,
    "player": "695541911849541",
    "stage": {
        "stage": 5,
        "step": 1,
        "round": 1
    },
    "timestamp": 1619288973113,
    "session": "room000017"
}, {
    "communication": "Ne",
    "agreement": "Ano",
    "real1": "Napůl",
    "real2": "Napůl",
    "strategy": "Maximalizovat výnos skupiny",
    "time": 45313,
    "timeup": false,
    "done": true,
    "player": "369033140365544",
    "stage": {
        "stage": 5,
        "step": 1,
        "round": 1
    },
    "timestamp": 1619288979914,
    "session": "room000017"
}, {
    "value": "martina.hal42@seznam.cz ",
    "timeBegin": 5677,
    "timeEnd": 7839,
    "isCorrect": true,
    "id": "email",
    "time": 10613,
    "timeup": false,
    "done": true,
    "player": "287620168725840",
    "stage": {
        "stage": 6,
        "step": 1,
        "round": 1
    },
    "timestamp": 1619288991477,
    "session": "room000017"
}, {
    "value": "anysynkova@centrum.cz",
    "timeBegin": 19264,
    "timeEnd": 23564,
    "isCorrect": true,
    "id": "email",
    "time": 24725,
    "timeup": false,
    "done": true,
    "player": "156082397795220",
    "stage": {
        "stage": 6,
        "step": 1,
        "round": 1
    },
    "timestamp": 1619289004870,
    "session": "room000017"
}, {
    "value": "buchtovl@students.zcu.cz",
    "timeBegin": 13790,
    "timeEnd": 26743,
    "isCorrect": true,
    "id": "email",
    "time": 28125,
    "timeup": false,
    "done": true,
    "player": "369033140365544",
    "stage": {
        "stage": 6,
        "step": 1,
        "round": 1
    },
    "timestamp": 1619289008315,
    "session": "room000017"
}, {
    "value": "tomas.sestak7@seznam.cz",
    "timeBegin": 6825,
    "timeEnd": 28208,
    "isCorrect": true,
    "id": "email",
    "time": 37316,
    "timeup": false,
    "done": true,
    "player": "695541911849541",
    "stage": {
        "stage": 6,
        "step": 1,
        "round": 1
    },
    "timestamp": 1619289017592,
    "session": "room000017"
}]