"session","player","time","communication","agreement","real1","real2","strategy"
"room000017","156082397795220",28074,"Ano","Ne","Neměli jsme nic domluveno","Neměli jsme nic domluveno","Minimilizovat rozdíly mezi mým výnosem a výnosem spoluhráčů"
"room000017","287620168725840",34565,"Ano","Ano","Ano","Napůl","Maximalizovat výnos skupiny"
"room000017","695541911849541",38582,"Ne","Ano","Napůl","Ne","Minimilizovat rozdíly mezi mým výnosem a výnosem spoluhráčů"
"room000017","369033140365544",45313,"Ne","Ano","Napůl","Napůl","Maximalizovat výnos skupiny"
