[{
    "time": 29317,
    "timeup": false,
    "done": true,
    "player": "461055958378701",
    "stage": {
        "stage": 1,
        "step": 1,
        "round": 1
    },
    "timestamp": 1619888041833,
    "session": "room000035"
}, {
    "time": 30013,
    "timeup": false,
    "done": true,
    "player": "510503475409007",
    "stage": {
        "stage": 1,
        "step": 1,
        "round": 1
    },
    "timestamp": 1619888043472,
    "session": "room000035"
}, {
    "time": 31072,
    "timeup": false,
    "done": true,
    "player": "923292085413331",
    "stage": {
        "stage": 1,
        "step": 1,
        "round": 1
    },
    "timestamp": 1619888044525,
    "session": "room000035"
}, {
    "time": 32284,
    "timeup": false,
    "done": true,
    "player": "813434479127309",
    "stage": {
        "stage": 1,
        "step": 1,
        "round": 1
    },
    "timestamp": 1619888045700,
    "session": "room000035"
}, {
    "order": [
        0,
        1,
        2,
        3,
        4
    ],
    "forms": {
        "coinsEveryRound": {
            "id": "coinsEveryRound",
            "choice": "0",
            "time": 7630,
            "nClicks": 1,
            "order": [
                0,
                2,
                1,
                3
            ],
            "value": "20",
            "isCorrect": true,
            "attempts": [
                "0"
            ]
        },
        "coinsMaxi": {
            "id": "coinsMaxi",
            "choice": "0",
            "time": 11494,
            "nClicks": 1,
            "order": [
                3,
                2,
                0,
                1
            ],
            "value": "40",
            "isCorrect": true,
            "attempts": [
                "0"
            ]
        },
        "coinsMini": {
            "id": "coinsMini",
            "choice": "0",
            "time": 18998,
            "nClicks": 1,
            "order": [
                0,
                2,
                1,
                3
            ],
            "value": "10",
            "isCorrect": true,
            "attempts": [
                "0"
            ]
        },
        "coinsOthers": {
            "id": "coinsOthers",
            "choice": "0",
            "time": 22582,
            "nClicks": 1,
            "order": [
                2,
                3,
                0,
                1
            ],
            "value": "30",
            "isCorrect": true,
            "attempts": [
                "0"
            ]
        },
        "lowestPayment1": {
            "id": "lowestPayment1",
            "choice": "0",
            "time": 31926,
            "nClicks": 1,
            "order": [
                2,
                0,
                1,
                3
            ],
            "value": "15",
            "isCorrect": true,
            "attempts": [
                "0"
            ]
        }
    },
    "missValues": [],
    "id": "quiz",
    "isCorrect": true,
    "time": 35871,
    "timeup": false,
    "done": true,
    "player": "461055958378701",
    "stage": {
        "stage": 2,
        "step": 1,
        "round": 1
    },
    "timestamp": 1619888082295,
    "session": "room000035"
}, {
    "order": [
        0,
        1,
        2,
        3,
        4
    ],
    "forms": {
        "coinsEveryRound": {
            "id": "coinsEveryRound",
            "choice": "0",
            "time": 40072,
            "nClicks": 2,
            "order": [
                1,
                0,
                3,
                2
            ],
            "value": "20",
            "isCorrect": true,
            "attempts": [
                "0"
            ]
        },
        "coinsMaxi": {
            "id": "coinsMaxi",
            "choice": "0",
            "time": 42080,
            "nClicks": 1,
            "order": [
                2,
                3,
                1,
                0
            ],
            "value": "40",
            "isCorrect": true,
            "attempts": [
                "0"
            ]
        },
        "coinsMini": {
            "id": "coinsMini",
            "choice": "0",
            "time": 49224,
            "nClicks": 1,
            "order": [
                3,
                1,
                2,
                0
            ],
            "value": "10",
            "isCorrect": true,
            "attempts": [
                "0"
            ]
        },
        "coinsOthers": {
            "id": "coinsOthers",
            "choice": "0",
            "time": 59968,
            "nClicks": 1,
            "order": [
                0,
                3,
                1,
                2
            ],
            "value": "30",
            "isCorrect": true,
            "attempts": [
                "0"
            ]
        },
        "lowestPayment1": {
            "id": "lowestPayment1",
            "choice": "0",
            "time": 72216,
            "nClicks": 1,
            "order": [
                2,
                1,
                3,
                0
            ],
            "value": "15",
            "isCorrect": true,
            "attempts": [
                "0"
            ]
        }
    },
    "missValues": [],
    "id": "quiz",
    "isCorrect": true,
    "time": 73831,
    "timeup": false,
    "done": true,
    "player": "510503475409007",
    "stage": {
        "stage": 2,
        "step": 1,
        "round": 1
    },
    "timestamp": 1619888120718,
    "session": "room000035"
}, {
    "order": [
        0,
        1,
        2,
        3,
        4
    ],
    "forms": {
        "coinsEveryRound": {
            "id": "coinsEveryRound",
            "choice": "0",
            "time": 76891,
            "nClicks": 1,
            "order": [
                2,
                0,
                3,
                1
            ],
            "value": "20",
            "isCorrect": true,
            "attempts": [
                "0"
            ]
        },
        "coinsMaxi": {
            "id": "coinsMaxi",
            "choice": "0",
            "time": 79043,
            "nClicks": 1,
            "order": [
                2,
                1,
                0,
                3
            ],
            "value": "40",
            "isCorrect": true,
            "attempts": [
                "0"
            ]
        },
        "coinsMini": {
            "id": "coinsMini",
            "choice": "0",
            "time": 81042,
            "nClicks": 1,
            "order": [
                0,
                1,
                3,
                2
            ],
            "value": "10",
            "isCorrect": true,
            "attempts": [
                "0"
            ]
        },
        "coinsOthers": {
            "id": "coinsOthers",
            "choice": "0",
            "time": 82258,
            "nClicks": 1,
            "order": [
                2,
                1,
                3,
                0
            ],
            "value": "30",
            "isCorrect": true,
            "attempts": [
                "0"
            ]
        },
        "lowestPayment1": {
            "id": "lowestPayment1",
            "choice": "0",
            "time": 83627,
            "nClicks": 1,
            "order": [
                0,
                1,
                3,
                2
            ],
            "value": "15",
            "isCorrect": true,
            "attempts": [
                "0"
            ]
        }
    },
    "missValues": [],
    "id": "quiz",
    "isCorrect": true,
    "time": 84466,
    "timeup": false,
    "done": true,
    "player": "923292085413331",
    "stage": {
        "stage": 2,
        "step": 1,
        "round": 1
    },
    "timestamp": 1619888130771,
    "session": "room000035"
}, {
    "order": [
        0,
        1,
        2,
        3,
        4
    ],
    "forms": {
        "coinsEveryRound": {
            "id": "coinsEveryRound",
            "choice": "0",
            "time": 86838,
            "nClicks": 1,
            "order": [
                3,
                1,
                0,
                2
            ],
            "value": "20",
            "isCorrect": true,
            "attempts": [
                "0"
            ]
        },
        "coinsMaxi": {
            "id": "coinsMaxi",
            "choice": "0",
            "time": 88653,
            "nClicks": 1,
            "order": [
                1,
                0,
                2,
                3
            ],
            "value": "40",
            "isCorrect": true,
            "attempts": [
                "0"
            ]
        },
        "coinsMini": {
            "id": "coinsMini",
            "choice": "0",
            "time": 90925,
            "nClicks": 1,
            "order": [
                0,
                2,
                3,
                1
            ],
            "value": "10",
            "isCorrect": true,
            "attempts": [
                "0"
            ]
        },
        "coinsOthers": {
            "id": "coinsOthers",
            "choice": "0",
            "time": 100637,
            "nClicks": 1,
            "order": [
                3,
                2,
                1,
                0
            ],
            "value": "30",
            "isCorrect": true,
            "attempts": [
                "0"
            ]
        },
        "lowestPayment1": {
            "id": "lowestPayment1",
            "choice": "0",
            "time": 101669,
            "nClicks": 1,
            "order": [
                1,
                2,
                3,
                0
            ],
            "value": "15",
            "isCorrect": true,
            "attempts": [
                "0"
            ]
        }
    },
    "missValues": [],
    "id": "quiz",
    "isCorrect": true,
    "time": 102438,
    "timeup": false,
    "done": true,
    "player": "813434479127309",
    "stage": {
        "stage": 2,
        "step": 1,
        "round": 1
    },
    "timestamp": 1619888148603,
    "session": "room000035"
}, {
    "znajiSe": "7-velmi dobře",
    "blizkost": "7-velmi blízký",
    "kooperujeKam": "7-velmi spolupracuji",
    "kooperujeCiz": "4",
    "time": 10786,
    "timeup": false,
    "done": true,
    "player": "461055958378701",
    "stage": {
        "stage": 3,
        "step": 1,
        "round": 1
    },
    "timestamp": 1619888160485,
    "session": "room000035"
}, {
    "znajiSe": "7-velmi dobře",
    "blizkost": "6",
    "kooperujeKam": "6",
    "kooperujeCiz": "3",
    "time": 19652,
    "timeup": false,
    "done": true,
    "player": "510503475409007",
    "stage": {
        "stage": 3,
        "step": 1,
        "round": 1
    },
    "timestamp": 1619888169356,
    "session": "room000035"
}, {
    "znajiSe": "7-velmi dobře",
    "blizkost": "7-velmi blízký",
    "kooperujeKam": "7-velmi spolupracuji",
    "kooperujeCiz": "6",
    "time": 25525,
    "timeup": false,
    "done": true,
    "player": "923292085413331",
    "stage": {
        "stage": 3,
        "step": 1,
        "round": 1
    },
    "timestamp": 1619888175227,
    "session": "room000035"
}, {
    "znajiSe": "7-velmi dobře",
    "blizkost": "6",
    "kooperujeKam": "6",
    "kooperujeCiz": "5",
    "time": 41540,
    "timeup": false,
    "done": true,
    "player": "813434479127309",
    "stage": {
        "stage": 3,
        "step": 1,
        "round": 1
    },
    "timestamp": 1619888190454,
    "session": "room000035"
}, {
    "contribution": 20,
    "time": 6600,
    "timeup": false,
    "done": true,
    "player": "461055958378701",
    "stage": {
        "stage": 4,
        "step": 1,
        "round": 1
    },
    "timestamp": 1619888199175,
    "session": "room000035"
}, {
    "contribution": 20,
    "time": 10231,
    "timeup": false,
    "done": true,
    "player": "510503475409007",
    "stage": {
        "stage": 4,
        "step": 1,
        "round": 1
    },
    "timestamp": 1619888202796,
    "session": "room000035"
}, {
    "contribution": 20,
    "time": 13604,
    "timeup": false,
    "done": true,
    "player": "923292085413331",
    "stage": {
        "stage": 4,
        "step": 1,
        "round": 1
    },
    "timestamp": 1619888206153,
    "session": "room000035"
}, {
    "contribution": 20,
    "time": 20045,
    "timeup": false,
    "done": true,
    "player": "813434479127309",
    "stage": {
        "stage": 4,
        "step": 1,
        "round": 1
    },
    "timestamp": 1619888211364,
    "session": "room000035"
}, {
    "time": 6533,
    "timeup": false,
    "done": true,
    "player": "461055958378701",
    "stage": {
        "stage": 4,
        "step": 2,
        "round": 1
    },
    "timestamp": 1619888220069,
    "session": "room000035"
}, {
    "time": 8728,
    "timeup": false,
    "done": true,
    "player": "510503475409007",
    "stage": {
        "stage": 4,
        "step": 2,
        "round": 1
    },
    "timestamp": 1619888221768,
    "session": "room000035"
}, {
    "time": 9763,
    "timeup": false,
    "done": true,
    "player": "923292085413331",
    "stage": {
        "stage": 4,
        "step": 2,
        "round": 1
    },
    "timestamp": 1619888223067,
    "session": "room000035"
}, {
    "time": 11886,
    "timeup": false,
    "done": true,
    "player": "813434479127309",
    "stage": {
        "stage": 4,
        "step": 2,
        "round": 1
    },
    "timestamp": 1619888224203,
    "session": "room000035"
}, {
    "contribution": 20,
    "time": 6589,
    "timeup": false,
    "done": true,
    "player": "461055958378701",
    "stage": {
        "stage": 4,
        "step": 1,
        "round": 2
    },
    "timestamp": 1619888231823,
    "session": "room000035"
}, {
    "contribution": 20,
    "time": 9858,
    "timeup": false,
    "done": true,
    "player": "510503475409007",
    "stage": {
        "stage": 4,
        "step": 1,
        "round": 2
    },
    "timestamp": 1619888235121,
    "session": "room000035"
}, {
    "contribution": 20,
    "time": 12488,
    "timeup": false,
    "done": true,
    "player": "923292085413331",
    "stage": {
        "stage": 4,
        "step": 1,
        "round": 2
    },
    "timestamp": 1619888238583,
    "session": "room000035"
}, {
    "contribution": 20,
    "time": 17215,
    "timeup": false,
    "done": true,
    "player": "813434479127309",
    "stage": {
        "stage": 4,
        "step": 1,
        "round": 2
    },
    "timestamp": 1619888241887,
    "session": "room000035"
}, {
    "time": 4503,
    "timeup": false,
    "done": true,
    "player": "461055958378701",
    "stage": {
        "stage": 4,
        "step": 2,
        "round": 2
    },
    "timestamp": 1619888247557,
    "session": "room000035"
}, {
    "time": 6083,
    "timeup": false,
    "done": true,
    "player": "510503475409007",
    "stage": {
        "stage": 4,
        "step": 2,
        "round": 2
    },
    "timestamp": 1619888249163,
    "session": "room000035"
}, {
    "time": 7211,
    "timeup": false,
    "done": true,
    "player": "923292085413331",
    "stage": {
        "stage": 4,
        "step": 2,
        "round": 2
    },
    "timestamp": 1619888250252,
    "session": "room000035"
}, {
    "time": 8831,
    "timeup": false,
    "done": true,
    "player": "813434479127309",
    "stage": {
        "stage": 4,
        "step": 2,
        "round": 2
    },
    "timestamp": 1619888251184,
    "session": "room000035"
}, {
    "contribution": 20,
    "time": 9994,
    "timeup": false,
    "done": true,
    "player": "461055958378701",
    "stage": {
        "stage": 4,
        "step": 1,
        "round": 3
    },
    "timestamp": 1619888262235,
    "session": "room000035"
}, {
    "contribution": 20,
    "time": 12454,
    "timeup": false,
    "done": true,
    "player": "510503475409007",
    "stage": {
        "stage": 4,
        "step": 1,
        "round": 3
    },
    "timestamp": 1619888265748,
    "session": "room000035"
}, {
    "contribution": 20,
    "time": 15026,
    "timeup": true,
    "done": true,
    "player": "923292085413331",
    "stage": {
        "stage": 4,
        "step": 1,
        "round": 3
    },
    "timestamp": 1619888267268,
    "session": "room000035"
}, {
    "contribution": 20,
    "time": 15937,
    "timeup": true,
    "done": true,
    "player": "813434479127309",
    "stage": {
        "stage": 4,
        "step": 1,
        "round": 3
    },
    "timestamp": 1619888267595,
    "session": "room000035"
}, {
    "time": 7186,
    "timeup": false,
    "done": true,
    "player": "461055958378701",
    "stage": {
        "stage": 4,
        "step": 2,
        "round": 3
    },
    "timestamp": 1619888276938,
    "session": "room000035"
}, {
    "time": 10818,
    "timeup": false,
    "done": true,
    "player": "510503475409007",
    "stage": {
        "stage": 4,
        "step": 2,
        "round": 3
    },
    "timestamp": 1619888280563,
    "session": "room000035"
}, {
    "time": 12398,
    "timeup": false,
    "done": true,
    "player": "923292085413331",
    "stage": {
        "stage": 4,
        "step": 2,
        "round": 3
    },
    "timestamp": 1619888281508,
    "session": "room000035"
}, {
    "time": 12909,
    "timeup": false,
    "done": true,
    "player": "813434479127309",
    "stage": {
        "stage": 4,
        "step": 2,
        "round": 3
    },
    "timestamp": 1619888282578,
    "session": "room000035"
}, {
    "contribution": 20,
    "time": 3055,
    "timeup": false,
    "done": true,
    "player": "813434479127309",
    "stage": {
        "stage": 4,
        "step": 1,
        "round": 4
    },
    "timestamp": 1619888286070,
    "session": "room000035"
}, {
    "contribution": 20,
    "time": 5999,
    "timeup": false,
    "done": true,
    "player": "923292085413331",
    "stage": {
        "stage": 4,
        "step": 1,
        "round": 4
    },
    "timestamp": 1619888289156,
    "session": "room000035"
}, {
    "contribution": 20,
    "time": 8891,
    "timeup": false,
    "done": true,
    "player": "510503475409007",
    "stage": {
        "stage": 4,
        "step": 1,
        "round": 4
    },
    "timestamp": 1619888292579,
    "session": "room000035"
}, {
    "contribution": 20,
    "time": 12138,
    "timeup": false,
    "done": true,
    "player": "461055958378701",
    "stage": {
        "stage": 4,
        "step": 1,
        "round": 4
    },
    "timestamp": 1619888295781,
    "session": "room000035"
}, {
    "time": 1611,
    "timeup": false,
    "done": true,
    "player": "923292085413331",
    "stage": {
        "stage": 4,
        "step": 2,
        "round": 4
    },
    "timestamp": 1619888298530,
    "session": "room000035"
}, {
    "time": 2654,
    "timeup": false,
    "done": true,
    "player": "510503475409007",
    "stage": {
        "stage": 4,
        "step": 2,
        "round": 4
    },
    "timestamp": 1619888299587,
    "session": "room000035"
}, {
    "time": 4527,
    "timeup": false,
    "done": true,
    "player": "461055958378701",
    "stage": {
        "stage": 4,
        "step": 2,
        "round": 4
    },
    "timestamp": 1619888300750,
    "session": "room000035"
}, {
    "time": 8218,
    "timeup": false,
    "done": true,
    "player": "813434479127309",
    "stage": {
        "stage": 4,
        "step": 2,
        "round": 4
    },
    "timestamp": 1619888304887,
    "session": "room000035"
}, {
    "contribution": 20,
    "time": 6304,
    "timeup": false,
    "done": true,
    "player": "813434479127309",
    "stage": {
        "stage": 4,
        "step": 1,
        "round": 5
    },
    "timestamp": 1619888311804,
    "session": "room000035"
}, {
    "contribution": 20,
    "time": 8776,
    "timeup": false,
    "done": true,
    "player": "923292085413331",
    "stage": {
        "stage": 4,
        "step": 1,
        "round": 5
    },
    "timestamp": 1619888314772,
    "session": "room000035"
}, {
    "contribution": 20,
    "time": 10611,
    "timeup": false,
    "done": true,
    "player": "510503475409007",
    "stage": {
        "stage": 4,
        "step": 1,
        "round": 5
    },
    "timestamp": 1619888317629,
    "session": "room000035"
}, {
    "contribution": 20,
    "time": 14639,
    "timeup": false,
    "done": true,
    "player": "461055958378701",
    "stage": {
        "stage": 4,
        "step": 1,
        "round": 5
    },
    "timestamp": 1619888320619,
    "session": "room000035"
}, {
    "time": 3136,
    "timeup": false,
    "done": true,
    "player": "813434479127309",
    "stage": {
        "stage": 4,
        "step": 2,
        "round": 5
    },
    "timestamp": 1619888324868,
    "session": "room000035"
}, {
    "time": 4122,
    "timeup": false,
    "done": true,
    "player": "923292085413331",
    "stage": {
        "stage": 4,
        "step": 2,
        "round": 5
    },
    "timestamp": 1619888325876,
    "session": "room000035"
}, {
    "time": 5076,
    "timeup": false,
    "done": true,
    "player": "510503475409007",
    "stage": {
        "stage": 4,
        "step": 2,
        "round": 5
    },
    "timestamp": 1619888326847,
    "session": "room000035"
}, {
    "time": 6869,
    "timeup": false,
    "done": true,
    "player": "461055958378701",
    "stage": {
        "stage": 4,
        "step": 2,
        "round": 5
    },
    "timestamp": 1619888327915,
    "session": "room000035"
}, {
    "contribution": 20,
    "time": 2666,
    "timeup": false,
    "done": true,
    "player": "461055958378701",
    "stage": {
        "stage": 4,
        "step": 1,
        "round": 6
    },
    "timestamp": 1619888331065,
    "session": "room000035"
}, {
    "contribution": 20,
    "time": 5577,
    "timeup": false,
    "done": true,
    "player": "923292085413331",
    "stage": {
        "stage": 4,
        "step": 1,
        "round": 6
    },
    "timestamp": 1619888334591,
    "session": "room000035"
}, {
    "contribution": 20,
    "time": 8480,
    "timeup": false,
    "done": true,
    "player": "510503475409007",
    "stage": {
        "stage": 4,
        "step": 1,
        "round": 6
    },
    "timestamp": 1619888338055,
    "session": "room000035"
}, {
    "contribution": 20,
    "time": 12273,
    "timeup": false,
    "done": true,
    "player": "813434479127309",
    "stage": {
        "stage": 4,
        "step": 1,
        "round": 6
    },
    "timestamp": 1619888341275,
    "session": "room000035"
}, {
    "time": 2009,
    "timeup": false,
    "done": true,
    "player": "461055958378701",
    "stage": {
        "stage": 4,
        "step": 2,
        "round": 6
    },
    "timestamp": 1619888344056,
    "session": "room000035"
}, {
    "time": 3513,
    "timeup": false,
    "done": true,
    "player": "510503475409007",
    "stage": {
        "stage": 4,
        "step": 2,
        "round": 6
    },
    "timestamp": 1619888345934,
    "session": "room000035"
}, {
    "time": 4363,
    "timeup": false,
    "done": true,
    "player": "923292085413331",
    "stage": {
        "stage": 4,
        "step": 2,
        "round": 6
    },
    "timestamp": 1619888346797,
    "session": "room000035"
}, {
    "time": 5980,
    "timeup": false,
    "done": true,
    "player": "813434479127309",
    "stage": {
        "stage": 4,
        "step": 2,
        "round": 6
    },
    "timestamp": 1619888347676,
    "session": "room000035"
}, {
    "contribution": 20,
    "time": 3614,
    "timeup": false,
    "done": true,
    "player": "813434479127309",
    "stage": {
        "stage": 4,
        "step": 1,
        "round": 7
    },
    "timestamp": 1619888351828,
    "session": "room000035"
}, {
    "contribution": 20,
    "time": 6261,
    "timeup": false,
    "done": true,
    "player": "923292085413331",
    "stage": {
        "stage": 4,
        "step": 1,
        "round": 7
    },
    "timestamp": 1619888355015,
    "session": "room000035"
}, {
    "contribution": 20,
    "time": 9523,
    "timeup": false,
    "done": true,
    "player": "510503475409007",
    "stage": {
        "stage": 4,
        "step": 1,
        "round": 7
    },
    "timestamp": 1619888358330,
    "session": "room000035"
}, {
    "contribution": 20,
    "time": 12933,
    "timeup": false,
    "done": true,
    "player": "461055958378701",
    "stage": {
        "stage": 4,
        "step": 1,
        "round": 7
    },
    "timestamp": 1619888361670,
    "session": "room000035"
}, {
    "time": 3719,
    "timeup": false,
    "done": true,
    "player": "461055958378701",
    "stage": {
        "stage": 4,
        "step": 2,
        "round": 7
    },
    "timestamp": 1619888366035,
    "session": "room000035"
}, {
    "time": 4459,
    "timeup": false,
    "done": true,
    "player": "510503475409007",
    "stage": {
        "stage": 4,
        "step": 2,
        "round": 7
    },
    "timestamp": 1619888367275,
    "session": "room000035"
}, {
    "time": 5727,
    "timeup": false,
    "done": true,
    "player": "923292085413331",
    "stage": {
        "stage": 4,
        "step": 2,
        "round": 7
    },
    "timestamp": 1619888368589,
    "session": "room000035"
}, {
    "time": 6939,
    "timeup": false,
    "done": true,
    "player": "813434479127309",
    "stage": {
        "stage": 4,
        "step": 2,
        "round": 7
    },
    "timestamp": 1619888369729,
    "session": "room000035"
}, {
    "contribution": 20,
    "time": 2797,
    "timeup": false,
    "done": true,
    "player": "813434479127309",
    "stage": {
        "stage": 4,
        "step": 1,
        "round": 8
    },
    "timestamp": 1619888372935,
    "session": "room000035"
}, {
    "contribution": 20,
    "time": 5517,
    "timeup": false,
    "done": true,
    "player": "923292085413331",
    "stage": {
        "stage": 4,
        "step": 1,
        "round": 8
    },
    "timestamp": 1619888375986,
    "session": "room000035"
}, {
    "contribution": 20,
    "time": 8336,
    "timeup": false,
    "done": true,
    "player": "510503475409007",
    "stage": {
        "stage": 4,
        "step": 1,
        "round": 8
    },
    "timestamp": 1619888379142,
    "session": "room000035"
}, {
    "contribution": 20,
    "time": 11236,
    "timeup": false,
    "done": true,
    "player": "461055958378701",
    "stage": {
        "stage": 4,
        "step": 1,
        "round": 8
    },
    "timestamp": 1619888382075,
    "session": "room000035"
}, {
    "time": 1574,
    "timeup": false,
    "done": true,
    "player": "461055958378701",
    "stage": {
        "stage": 4,
        "step": 2,
        "round": 8
    },
    "timestamp": 1619888384056,
    "session": "room000035"
}, {
    "time": 2033,
    "timeup": false,
    "done": true,
    "player": "510503475409007",
    "stage": {
        "stage": 4,
        "step": 2,
        "round": 8
    },
    "timestamp": 1619888385269,
    "session": "room000035"
}, {
    "time": 2913,
    "timeup": false,
    "done": true,
    "player": "923292085413331",
    "stage": {
        "stage": 4,
        "step": 2,
        "round": 8
    },
    "timestamp": 1619888386136,
    "session": "room000035"
}, {
    "time": 4298,
    "timeup": false,
    "done": true,
    "player": "813434479127309",
    "stage": {
        "stage": 4,
        "step": 2,
        "round": 8
    },
    "timestamp": 1619888386999,
    "session": "room000035"
}, {
    "contribution": 20,
    "time": 3648,
    "timeup": false,
    "done": true,
    "player": "813434479127309",
    "stage": {
        "stage": 4,
        "step": 1,
        "round": 9
    },
    "timestamp": 1619888391070,
    "session": "room000035"
}, {
    "contribution": 20,
    "time": 6076,
    "timeup": false,
    "done": true,
    "player": "510503475409007",
    "stage": {
        "stage": 4,
        "step": 1,
        "round": 9
    },
    "timestamp": 1619888394166,
    "session": "room000035"
}, {
    "contribution": 20,
    "time": 9918,
    "timeup": false,
    "done": true,
    "player": "923292085413331",
    "stage": {
        "stage": 4,
        "step": 1,
        "round": 9
    },
    "timestamp": 1619888397735,
    "session": "room000035"
}, {
    "contribution": 20,
    "time": 12738,
    "timeup": false,
    "done": true,
    "player": "461055958378701",
    "stage": {
        "stage": 4,
        "step": 1,
        "round": 9
    },
    "timestamp": 1619888400863,
    "session": "room000035"
}, {
    "time": 1501,
    "timeup": false,
    "done": true,
    "player": "461055958378701",
    "stage": {
        "stage": 4,
        "step": 2,
        "round": 9
    },
    "timestamp": 1619888402788,
    "session": "room000035"
}, {
    "time": 2045,
    "timeup": false,
    "done": true,
    "player": "510503475409007",
    "stage": {
        "stage": 4,
        "step": 2,
        "round": 9
    },
    "timestamp": 1619888404082,
    "session": "room000035"
}, {
    "time": 3108,
    "timeup": false,
    "done": true,
    "player": "923292085413331",
    "stage": {
        "stage": 4,
        "step": 2,
        "round": 9
    },
    "timestamp": 1619888405127,
    "session": "room000035"
}, {
    "time": 3987,
    "timeup": false,
    "done": true,
    "player": "813434479127309",
    "stage": {
        "stage": 4,
        "step": 2,
        "round": 9
    },
    "timestamp": 1619888406009,
    "session": "room000035"
}, {
    "contribution": 20,
    "time": 3248,
    "timeup": false,
    "done": true,
    "player": "813434479127309",
    "stage": {
        "stage": 4,
        "step": 1,
        "round": 10
    },
    "timestamp": 1619888409587,
    "session": "room000035"
}, {
    "contribution": 20,
    "time": 5886,
    "timeup": false,
    "done": true,
    "player": "461055958378701",
    "stage": {
        "stage": 4,
        "step": 1,
        "round": 10
    },
    "timestamp": 1619888412976,
    "session": "room000035"
}, {
    "contribution": 20,
    "time": 8846,
    "timeup": false,
    "done": true,
    "player": "923292085413331",
    "stage": {
        "stage": 4,
        "step": 1,
        "round": 10
    },
    "timestamp": 1619888415928,
    "session": "room000035"
}, {
    "contribution": 20,
    "time": 13583,
    "timeup": false,
    "done": true,
    "player": "510503475409007",
    "stage": {
        "stage": 4,
        "step": 1,
        "round": 10
    },
    "timestamp": 1619888420666,
    "session": "room000035"
}, {
    "time": 1916,
    "timeup": false,
    "done": true,
    "player": "510503475409007",
    "stage": {
        "stage": 4,
        "step": 2,
        "round": 10
    },
    "timestamp": 1619888423049,
    "session": "room000035"
}, {
    "time": 2824,
    "timeup": false,
    "done": true,
    "player": "461055958378701",
    "stage": {
        "stage": 4,
        "step": 2,
        "round": 10
    },
    "timestamp": 1619888424615,
    "session": "room000035"
}, {
    "time": 3840,
    "timeup": false,
    "done": true,
    "player": "923292085413331",
    "stage": {
        "stage": 4,
        "step": 2,
        "round": 10
    },
    "timestamp": 1619888425624,
    "session": "room000035"
}, {
    "time": 4840,
    "timeup": false,
    "done": true,
    "player": "813434479127309",
    "stage": {
        "stage": 4,
        "step": 2,
        "round": 10
    },
    "timestamp": 1619888426637,
    "session": "room000035"
}, {
    "communication": "Ne",
    "agreement": "Ano",
    "real1": "Ano",
    "real2": "Ano",
    "strategy": "Maximalizovat výnos skupiny",
    "time": 20498,
    "timeup": false,
    "done": true,
    "player": "813434479127309",
    "stage": {
        "stage": 5,
        "step": 1,
        "round": 1
    },
    "timestamp": 1619888447447,
    "session": "room000035"
}, {
    "communication": "Ne",
    "agreement": "Ano",
    "real1": "Ano",
    "real2": "Ano",
    "strategy": "Maximalizovat výnos skupiny",
    "time": 32732,
    "timeup": false,
    "done": true,
    "player": "923292085413331",
    "stage": {
        "stage": 5,
        "step": 1,
        "round": 1
    },
    "timestamp": 1619888459996,
    "session": "room000035"
}, {
    "communication": "Nechci uvést",
    "agreement": "Ano",
    "real1": "Ano",
    "real2": "Nechci uvést",
    "strategy": "Maximalizovat výnos skupiny",
    "time": 46591,
    "timeup": false,
    "done": true,
    "player": "510503475409007",
    "stage": {
        "stage": 5,
        "step": 1,
        "round": 1
    },
    "timestamp": 1619888474361,
    "session": "room000035"
}, {
    "communication": "Ne",
    "agreement": "Ano",
    "real1": "Ano",
    "real2": "Nechci uvést",
    "strategy": "Maximalizovat výnos skupiny",
    "time": 60981,
    "timeup": false,
    "done": true,
    "player": "461055958378701",
    "stage": {
        "stage": 5,
        "step": 1,
        "round": 1
    },
    "timestamp": 1619888488264,
    "session": "room000035"
}, {
    "value": "jsemkrab@gmail.com",
    "timeBegin": 7404,
    "timeEnd": 15349,
    "isCorrect": true,
    "id": "email",
    "time": 16825,
    "timeup": false,
    "done": true,
    "player": "461055958378701",
    "stage": {
        "stage": 6,
        "step": 1,
        "round": 1
    },
    "timestamp": 1619888505382,
    "session": "room000035"
}, {
    "value": "raichloa@students.zcu.cz",
    "timeBegin": 19308,
    "timeEnd": 27279,
    "isCorrect": true,
    "id": "email",
    "time": 28497,
    "timeup": false,
    "done": true,
    "player": "510503475409007",
    "stage": {
        "stage": 6,
        "step": 1,
        "round": 1
    },
    "timestamp": 1619888517854,
    "session": "room000035"
}, {
    "value": "hodnotitel@volny.cz",
    "timeBegin": 31087,
    "timeEnd": 37095,
    "isCorrect": true,
    "id": "email",
    "time": 38435,
    "timeup": false,
    "done": true,
    "player": "923292085413331",
    "stage": {
        "stage": 6,
        "step": 1,
        "round": 1
    },
    "timestamp": 1619888527787,
    "session": "room000035"
}, {
    "value": "annaraichlova@s",
    "err": "Not a valid email",
    "timeBegin": 41542,
    "timeEnd": 59943,
    "isCorrect": false,
    "id": "email",
    "time": 60004,
    "timeup": true,
    "done": true,
    "player": "813434479127309",
    "stage": {
        "stage": 6,
        "step": 1,
        "round": 1
    },
    "timestamp": 1619888549362,
    "session": "room000035"
}]