[{
    "time": 1215,
    "timeup": false,
    "done": true,
    "player": "682784284589910",
    "stage": {
        "stage": 1,
        "step": 1,
        "round": 1
    },
    "timestamp": 1619366006182,
    "session": "room000022"
}, {
    "time": 2849,
    "timeup": false,
    "done": true,
    "player": "480136891932571",
    "stage": {
        "stage": 1,
        "step": 1,
        "round": 1
    },
    "timestamp": 1619366006868,
    "session": "room000022"
}, {
    "time": 9096,
    "timeup": false,
    "done": true,
    "player": "973859099613763",
    "stage": {
        "stage": 1,
        "step": 1,
        "round": 1
    },
    "timestamp": 1619366013178,
    "session": "room000022"
}, {
    "time": 11024,
    "timeup": false,
    "done": true,
    "player": "147279115499427",
    "stage": {
        "stage": 1,
        "step": 1,
        "round": 1
    },
    "timestamp": 1619366015594,
    "session": "room000022"
}, {
    "order": [
        0,
        1,
        2,
        3,
        4
    ],
    "forms": {
        "coinsEveryRound": {
            "id": "coinsEveryRound",
            "choice": "0",
            "time": 24132,
            "nClicks": 5,
            "order": [
                0,
                1,
                3,
                2
            ],
            "value": "20",
            "isCorrect": true,
            "attempts": [
                "1",
                "3",
                "2",
                "0",
                "0",
                "0",
                "0",
                "0",
                "0",
                "0"
            ]
        },
        "coinsMaxi": {
            "id": "coinsMaxi",
            "choice": "0",
            "time": 26932,
            "nClicks": 3,
            "order": [
                1,
                0,
                3,
                2
            ],
            "value": "40",
            "isCorrect": true,
            "attempts": [
                "3",
                "3",
                "3",
                "3",
                "0",
                "0",
                "0",
                "0",
                "0",
                "0"
            ]
        },
        "coinsMini": {
            "id": "coinsMini",
            "choice": "0",
            "time": 32796,
            "nClicks": 4,
            "order": [
                2,
                1,
                0,
                3
            ],
            "value": "10",
            "isCorrect": true,
            "attempts": [
                "3",
                "3",
                "3",
                "3",
                "3",
                "1",
                "0",
                "0",
                "0",
                "0"
            ]
        },
        "coinsOthers": {
            "id": "coinsOthers",
            "choice": "0",
            "time": 39188,
            "nClicks": 4,
            "order": [
                2,
                3,
                0,
                1
            ],
            "value": "30",
            "isCorrect": true,
            "attempts": [
                "1",
                "1",
                "1",
                "1",
                "1",
                "1",
                "1",
                "2",
                "3",
                "0"
            ]
        },
        "lowestPayment1": {
            "id": "lowestPayment1",
            "choice": "0",
            "time": 16660,
            "nClicks": 1,
            "order": [
                1,
                0,
                3,
                2
            ],
            "value": "15",
            "isCorrect": true,
            "attempts": [
                "0",
                "0",
                "0",
                "0",
                "0",
                "0",
                "0",
                "0",
                "0",
                "0"
            ]
        }
    },
    "missValues": [],
    "id": "quiz",
    "isCorrect": true,
    "time": 39900,
    "timeup": false,
    "done": true,
    "player": "973859099613763",
    "stage": {
        "stage": 2,
        "step": 1,
        "round": 1
    },
    "timestamp": 1619366055717,
    "session": "room000022"
}, {
    "order": [
        0,
        1,
        2,
        3,
        4
    ],
    "forms": {
        "coinsEveryRound": {
            "id": "coinsEveryRound",
            "choice": "0",
            "time": 6056,
            "nClicks": 1,
            "order": [
                2,
                1,
                0,
                3
            ],
            "value": "20",
            "isCorrect": true,
            "attempts": [
                "0",
                "0",
                "0"
            ]
        },
        "coinsMaxi": {
            "id": "coinsMaxi",
            "choice": "0",
            "time": 11680,
            "nClicks": 1,
            "order": [
                1,
                0,
                2,
                3
            ],
            "value": "40",
            "isCorrect": true,
            "attempts": [
                "0",
                "0",
                "0"
            ]
        },
        "coinsMini": {
            "id": "coinsMini",
            "choice": "0",
            "time": 37761,
            "nClicks": 2,
            "order": [
                3,
                0,
                1,
                2
            ],
            "value": "10",
            "isCorrect": true,
            "attempts": [
                "0",
                "0",
                "0"
            ]
        },
        "coinsOthers": {
            "id": "coinsOthers",
            "choice": "0",
            "time": 52082,
            "nClicks": 3,
            "order": [
                2,
                3,
                0,
                1
            ],
            "value": "30",
            "isCorrect": true,
            "attempts": [
                "3",
                "0",
                "0"
            ]
        },
        "lowestPayment1": {
            "id": "lowestPayment1",
            "choice": "0",
            "time": 56836,
            "nClicks": 3,
            "order": [
                1,
                3,
                2,
                0
            ],
            "value": "15",
            "isCorrect": true,
            "attempts": [
                "3",
                "2",
                "0"
            ]
        }
    },
    "missValues": [],
    "id": "quiz",
    "isCorrect": true,
    "time": 57891,
    "timeup": false,
    "done": true,
    "player": "480136891932571",
    "stage": {
        "stage": 2,
        "step": 1,
        "round": 1
    },
    "timestamp": 1619366073825,
    "session": "room000022"
}, {
    "order": [
        0,
        1,
        2,
        3,
        4
    ],
    "forms": {
        "coinsEveryRound": {
            "id": "coinsEveryRound",
            "choice": "0",
            "time": 6210,
            "nClicks": 1,
            "order": [
                0,
                1,
                3,
                2
            ],
            "value": "20",
            "isCorrect": true,
            "attempts": [
                "0",
                "0"
            ]
        },
        "coinsMaxi": {
            "id": "coinsMaxi",
            "choice": "0",
            "time": 22802,
            "nClicks": 1,
            "order": [
                0,
                2,
                3,
                1
            ],
            "value": "40",
            "isCorrect": true,
            "attempts": [
                "0",
                "0"
            ]
        },
        "coinsMini": {
            "id": "coinsMini",
            "choice": "0",
            "time": 30657,
            "nClicks": 1,
            "order": [
                0,
                2,
                3,
                1
            ],
            "value": "10",
            "isCorrect": true,
            "attempts": [
                "0",
                "0"
            ]
        },
        "coinsOthers": {
            "id": "coinsOthers",
            "choice": "0",
            "time": 37013,
            "nClicks": 1,
            "order": [
                0,
                2,
                3,
                1
            ],
            "value": "30",
            "isCorrect": true,
            "attempts": [
                "0",
                "0"
            ]
        },
        "lowestPayment1": {
            "id": "lowestPayment1",
            "choice": "0",
            "time": 66193,
            "nClicks": 2,
            "order": [
                2,
                3,
                1,
                0
            ],
            "value": "15",
            "isCorrect": true,
            "attempts": [
                "1",
                "0"
            ]
        }
    },
    "missValues": [],
    "id": "quiz",
    "isCorrect": true,
    "time": 67009,
    "timeup": false,
    "done": true,
    "player": "682784284589910",
    "stage": {
        "stage": 2,
        "step": 1,
        "round": 1
    },
    "timestamp": 1619366083056,
    "session": "room000022"
}, {
    "order": [
        0,
        1,
        2,
        3,
        4
    ],
    "forms": {
        "coinsEveryRound": {
            "id": "coinsEveryRound",
            "choice": "0",
            "time": 6548,
            "nClicks": 1,
            "order": [
                2,
                1,
                0,
                3
            ],
            "value": "20",
            "isCorrect": true,
            "attempts": [
                "0",
                "0"
            ]
        },
        "coinsMaxi": {
            "id": "coinsMaxi",
            "choice": "0",
            "time": 22861,
            "nClicks": 1,
            "order": [
                1,
                3,
                2,
                0
            ],
            "value": "40",
            "isCorrect": true,
            "attempts": [
                "0",
                "0"
            ]
        },
        "coinsMini": {
            "id": "coinsMini",
            "choice": "0",
            "time": 31294,
            "nClicks": 1,
            "order": [
                1,
                0,
                3,
                2
            ],
            "value": "10",
            "isCorrect": true,
            "attempts": [
                "0",
                "0"
            ]
        },
        "coinsOthers": {
            "id": "coinsOthers",
            "choice": "0",
            "time": 38567,
            "nClicks": 1,
            "order": [
                3,
                0,
                2,
                1
            ],
            "value": "30",
            "isCorrect": true,
            "attempts": [
                "0",
                "0"
            ]
        },
        "lowestPayment1": {
            "id": "lowestPayment1",
            "choice": "0",
            "time": 92957,
            "nClicks": 2,
            "order": [
                1,
                0,
                3,
                2
            ],
            "value": "15",
            "isCorrect": true,
            "attempts": [
                "2",
                "0"
            ]
        }
    },
    "missValues": [],
    "id": "quiz",
    "isCorrect": true,
    "time": 99038,
    "timeup": false,
    "done": true,
    "player": "147279115499427",
    "stage": {
        "stage": 2,
        "step": 1,
        "round": 1
    },
    "timestamp": 1619366115074,
    "session": "room000022"
}, {
    "znajiSe": "7-velmi dobře",
    "blizkost": "5",
    "kooperujeKam": "7-velmi spolupracuji",
    "kooperujeCiz": "7-velmi spolupracuji",
    "time": 20973,
    "timeup": false,
    "done": true,
    "player": "147279115499427",
    "stage": {
        "stage": 3,
        "step": 1,
        "round": 1
    },
    "timestamp": 1619366136421,
    "session": "room000022"
}, {
    "znajiSe": "7-velmi dobře",
    "blizkost": "5",
    "kooperujeKam": "7-velmi spolupracuji",
    "kooperujeCiz": "5",
    "time": 24142,
    "timeup": false,
    "done": true,
    "player": "682784284589910",
    "stage": {
        "stage": 3,
        "step": 1,
        "round": 1
    },
    "timestamp": 1619366139592,
    "session": "room000022"
}, {
    "znajiSe": "2",
    "blizkost": "2",
    "kooperujeKam": "5",
    "kooperujeCiz": "5",
    "time": 28091,
    "timeup": false,
    "done": true,
    "player": "973859099613763",
    "stage": {
        "stage": 3,
        "step": 1,
        "round": 1
    },
    "timestamp": 1619366143416,
    "session": "room000022"
}, {
    "znajiSe": "4",
    "blizkost": "3",
    "kooperujeKam": "6",
    "kooperujeCiz": "5",
    "time": 32773,
    "timeup": false,
    "done": true,
    "player": "480136891932571",
    "stage": {
        "stage": 3,
        "step": 1,
        "round": 1
    },
    "timestamp": 1619366148110,
    "session": "room000022"
}, {
    "contribution": 18,
    "time": 11668,
    "timeup": false,
    "done": true,
    "player": "973859099613763",
    "stage": {
        "stage": 4,
        "step": 1,
        "round": 1
    },
    "timestamp": 1619366160291,
    "session": "room000022"
}, {
    "contribution": 16,
    "time": 13425,
    "timeup": false,
    "done": true,
    "player": "480136891932571",
    "stage": {
        "stage": 4,
        "step": 1,
        "round": 1
    },
    "timestamp": 1619366162053,
    "session": "room000022"
}, {
    "contribution": 10,
    "time": 17247,
    "timeup": false,
    "done": true,
    "player": "147279115499427",
    "stage": {
        "stage": 4,
        "step": 1,
        "round": 1
    },
    "timestamp": 1619366166653,
    "session": "room000022"
}, {
    "contribution": 10,
    "time": 16729,
    "timeup": false,
    "done": true,
    "player": "682784284589910",
    "stage": {
        "stage": 4,
        "step": 1,
        "round": 1
    },
    "timestamp": 1619366166661,
    "session": "room000022"
}, {
    "time": 8158,
    "timeup": false,
    "done": true,
    "player": "480136891932571",
    "stage": {
        "stage": 4,
        "step": 2,
        "round": 1
    },
    "timestamp": 1619366175368,
    "session": "room000022"
}, {
    "time": 8514,
    "timeup": false,
    "done": true,
    "player": "973859099613763",
    "stage": {
        "stage": 4,
        "step": 2,
        "round": 1
    },
    "timestamp": 1619366175623,
    "session": "room000022"
}, {
    "time": 28172,
    "timeup": false,
    "done": true,
    "player": "147279115499427",
    "stage": {
        "stage": 4,
        "step": 2,
        "round": 1
    },
    "timestamp": 1619366196192,
    "session": "room000022"
}, {
    "time": 28202,
    "timeup": false,
    "done": true,
    "player": "682784284589910",
    "stage": {
        "stage": 4,
        "step": 2,
        "round": 1
    },
    "timestamp": 1619366196461,
    "session": "room000022"
}, {
    "contribution": 18,
    "time": 10110,
    "timeup": false,
    "done": true,
    "player": "973859099613763",
    "stage": {
        "stage": 4,
        "step": 1,
        "round": 2
    },
    "timestamp": 1619366206897,
    "session": "room000022"
}, {
    "contribution": 12,
    "time": 11741,
    "timeup": false,
    "done": true,
    "player": "480136891932571",
    "stage": {
        "stage": 4,
        "step": 1,
        "round": 2
    },
    "timestamp": 1619366208596,
    "session": "room000022"
}, {
    "contribution": 15,
    "time": 26611,
    "timeup": false,
    "done": true,
    "player": "147279115499427",
    "stage": {
        "stage": 4,
        "step": 1,
        "round": 2
    },
    "timestamp": 1619366223829,
    "session": "room000022"
}, {
    "contribution": 10,
    "time": 30023,
    "timeup": true,
    "done": true,
    "player": "682784284589910",
    "stage": {
        "stage": 4,
        "step": 1,
        "round": 2
    },
    "timestamp": 1619366227665,
    "session": "room000022"
}, {
    "time": 8507,
    "timeup": false,
    "done": true,
    "player": "480136891932571",
    "stage": {
        "stage": 4,
        "step": 2,
        "round": 2
    },
    "timestamp": 1619366236621,
    "session": "room000022"
}, {
    "time": 9631,
    "timeup": false,
    "done": true,
    "player": "147279115499427",
    "stage": {
        "stage": 4,
        "step": 2,
        "round": 2
    },
    "timestamp": 1619366238139,
    "session": "room000022"
}, {
    "time": 10740,
    "timeup": false,
    "done": true,
    "player": "682784284589910",
    "stage": {
        "stage": 4,
        "step": 2,
        "round": 2
    },
    "timestamp": 1619366239653,
    "session": "room000022"
}, {
    "time": 17413,
    "timeup": false,
    "done": true,
    "player": "973859099613763",
    "stage": {
        "stage": 4,
        "step": 2,
        "round": 2
    },
    "timestamp": 1619366245383,
    "session": "room000022"
}, {
    "contribution": 14,
    "time": 4754,
    "timeup": false,
    "done": true,
    "player": "480136891932571",
    "stage": {
        "stage": 4,
        "step": 1,
        "round": 3
    },
    "timestamp": 1619366250505,
    "session": "room000022"
}, {
    "contribution": 19,
    "time": 9288,
    "timeup": false,
    "done": true,
    "player": "973859099613763",
    "stage": {
        "stage": 4,
        "step": 1,
        "round": 3
    },
    "timestamp": 1619366254963,
    "session": "room000022"
}, {
    "contribution": 15,
    "time": 15011,
    "timeup": true,
    "done": true,
    "player": "147279115499427",
    "stage": {
        "stage": 4,
        "step": 1,
        "round": 3
    },
    "timestamp": 1619366261280,
    "session": "room000022"
}, {
    "contribution": 10,
    "time": 15010,
    "timeup": true,
    "done": true,
    "player": "682784284589910",
    "stage": {
        "stage": 4,
        "step": 1,
        "round": 3
    },
    "timestamp": 1619366261605,
    "session": "room000022"
}, {
    "time": 3454,
    "timeup": false,
    "done": true,
    "player": "973859099613763",
    "stage": {
        "stage": 4,
        "step": 2,
        "round": 3
    },
    "timestamp": 1619366265391,
    "session": "room000022"
}, {
    "time": 7213,
    "timeup": false,
    "done": true,
    "player": "480136891932571",
    "stage": {
        "stage": 4,
        "step": 2,
        "round": 3
    },
    "timestamp": 1619366269266,
    "session": "room000022"
}, {
    "time": 10731,
    "timeup": false,
    "done": true,
    "player": "147279115499427",
    "stage": {
        "stage": 4,
        "step": 2,
        "round": 3
    },
    "timestamp": 1619366273209,
    "session": "room000022"
}, {
    "time": 15942,
    "timeup": false,
    "done": true,
    "player": "682784284589910",
    "stage": {
        "stage": 4,
        "step": 2,
        "round": 3
    },
    "timestamp": 1619366278292,
    "session": "room000022"
}, {
    "contribution": 20,
    "time": 5901,
    "timeup": false,
    "done": true,
    "player": "480136891932571",
    "stage": {
        "stage": 4,
        "step": 1,
        "round": 4
    },
    "timestamp": 1619366284545,
    "session": "room000022"
}, {
    "contribution": 17,
    "time": 6917,
    "timeup": false,
    "done": true,
    "player": "973859099613763",
    "stage": {
        "stage": 4,
        "step": 1,
        "round": 4
    },
    "timestamp": 1619366285520,
    "session": "room000022"
}, {
    "contribution": 13,
    "time": 7671,
    "timeup": false,
    "done": true,
    "player": "682784284589910",
    "stage": {
        "stage": 4,
        "step": 1,
        "round": 4
    },
    "timestamp": 1619366286492,
    "session": "room000022"
}, {
    "contribution": 10,
    "time": 10041,
    "timeup": false,
    "done": true,
    "player": "147279115499427",
    "stage": {
        "stage": 4,
        "step": 1,
        "round": 4
    },
    "timestamp": 1619366289067,
    "session": "room000022"
}, {
    "time": 5595,
    "timeup": false,
    "done": true,
    "player": "147279115499427",
    "stage": {
        "stage": 4,
        "step": 2,
        "round": 4
    },
    "timestamp": 1619366295486,
    "session": "room000022"
}, {
    "time": 6269,
    "timeup": false,
    "done": true,
    "player": "682784284589910",
    "stage": {
        "stage": 4,
        "step": 2,
        "round": 4
    },
    "timestamp": 1619366295917,
    "session": "room000022"
}, {
    "time": 13329,
    "timeup": false,
    "done": true,
    "player": "480136891932571",
    "stage": {
        "stage": 4,
        "step": 2,
        "round": 4
    },
    "timestamp": 1619366302843,
    "session": "room000022"
}, {
    "time": 14193,
    "timeup": false,
    "done": true,
    "player": "973859099613763",
    "stage": {
        "stage": 4,
        "step": 2,
        "round": 4
    },
    "timestamp": 1619366303576,
    "session": "room000022"
}, {
    "contribution": 3,
    "time": 3507,
    "timeup": false,
    "done": true,
    "player": "480136891932571",
    "stage": {
        "stage": 4,
        "step": 1,
        "round": 5
    },
    "timestamp": 1619366307466,
    "session": "room000022"
}, {
    "contribution": 18,
    "time": 4483,
    "timeup": false,
    "done": true,
    "player": "973859099613763",
    "stage": {
        "stage": 4,
        "step": 1,
        "round": 5
    },
    "timestamp": 1619366308377,
    "session": "room000022"
}, {
    "contribution": 11,
    "time": 4770,
    "timeup": false,
    "done": true,
    "player": "682784284589910",
    "stage": {
        "stage": 4,
        "step": 1,
        "round": 5
    },
    "timestamp": 1619366308852,
    "session": "room000022"
}, {
    "contribution": 17,
    "time": 12441,
    "timeup": false,
    "done": true,
    "player": "147279115499427",
    "stage": {
        "stage": 4,
        "step": 1,
        "round": 5
    },
    "timestamp": 1619366316811,
    "session": "room000022"
}, {
    "time": 6261,
    "timeup": false,
    "done": true,
    "player": "147279115499427",
    "stage": {
        "stage": 4,
        "step": 2,
        "round": 5
    },
    "timestamp": 1619366323921,
    "session": "room000022"
}, {
    "time": 7354,
    "timeup": false,
    "done": true,
    "player": "973859099613763",
    "stage": {
        "stage": 4,
        "step": 2,
        "round": 5
    },
    "timestamp": 1619366324560,
    "session": "room000022"
}, {
    "time": 9254,
    "timeup": false,
    "done": true,
    "player": "480136891932571",
    "stage": {
        "stage": 4,
        "step": 2,
        "round": 5
    },
    "timestamp": 1619366326521,
    "session": "room000022"
}, {
    "time": 12019,
    "timeup": false,
    "done": true,
    "player": "682784284589910",
    "stage": {
        "stage": 4,
        "step": 2,
        "round": 5
    },
    "timestamp": 1619366329404,
    "session": "room000022"
}, {
    "contribution": 10,
    "time": 5840,
    "timeup": false,
    "done": true,
    "player": "480136891932571",
    "stage": {
        "stage": 4,
        "step": 1,
        "round": 6
    },
    "timestamp": 1619366335655,
    "session": "room000022"
}, {
    "contribution": 5,
    "time": 5491,
    "timeup": false,
    "done": true,
    "player": "147279115499427",
    "stage": {
        "stage": 4,
        "step": 1,
        "round": 6
    },
    "timestamp": 1619366335801,
    "session": "room000022"
}, {
    "contribution": 2,
    "time": 8635,
    "timeup": false,
    "done": true,
    "player": "682784284589910",
    "stage": {
        "stage": 4,
        "step": 1,
        "round": 6
    },
    "timestamp": 1619366338623,
    "session": "room000022"
}, {
    "contribution": 20,
    "time": 12831,
    "timeup": false,
    "done": true,
    "player": "973859099613763",
    "stage": {
        "stage": 4,
        "step": 1,
        "round": 6
    },
    "timestamp": 1619366342526,
    "session": "room000022"
}, {
    "time": 3390,
    "timeup": false,
    "done": true,
    "player": "147279115499427",
    "stage": {
        "stage": 4,
        "step": 2,
        "round": 6
    },
    "timestamp": 1619366346738,
    "session": "room000022"
}, {
    "time": 6984,
    "timeup": false,
    "done": true,
    "player": "682784284589910",
    "stage": {
        "stage": 4,
        "step": 2,
        "round": 6
    },
    "timestamp": 1619366350072,
    "session": "room000022"
}, {
    "time": 14893,
    "timeup": false,
    "done": true,
    "player": "480136891932571",
    "stage": {
        "stage": 4,
        "step": 2,
        "round": 6
    },
    "timestamp": 1619366357857,
    "session": "room000022"
}, {
    "time": 17839,
    "timeup": false,
    "done": true,
    "player": "973859099613763",
    "stage": {
        "stage": 4,
        "step": 2,
        "round": 6
    },
    "timestamp": 1619366360677,
    "session": "room000022"
}, {
    "contribution": 8,
    "time": 6352,
    "timeup": false,
    "done": true,
    "player": "480136891932571",
    "stage": {
        "stage": 4,
        "step": 1,
        "round": 7
    },
    "timestamp": 1619366367471,
    "session": "room000022"
}, {
    "contribution": 3,
    "time": 8056,
    "timeup": false,
    "done": true,
    "player": "682784284589910",
    "stage": {
        "stage": 4,
        "step": 1,
        "round": 7
    },
    "timestamp": 1619366369239,
    "session": "room000022"
}, {
    "contribution": 8,
    "time": 8787,
    "timeup": false,
    "done": true,
    "player": "147279115499427",
    "stage": {
        "stage": 4,
        "step": 1,
        "round": 7
    },
    "timestamp": 1619366370341,
    "session": "room000022"
}, {
    "contribution": 15,
    "time": 9535,
    "timeup": false,
    "done": true,
    "player": "973859099613763",
    "stage": {
        "stage": 4,
        "step": 1,
        "round": 7
    },
    "timestamp": 1619366370500,
    "session": "room000022"
}, {
    "time": 3252,
    "timeup": false,
    "done": true,
    "player": "147279115499427",
    "stage": {
        "stage": 4,
        "step": 2,
        "round": 7
    },
    "timestamp": 1619366374702,
    "session": "room000022"
}, {
    "time": 5354,
    "timeup": false,
    "done": true,
    "player": "480136891932571",
    "stage": {
        "stage": 4,
        "step": 2,
        "round": 7
    },
    "timestamp": 1619366376275,
    "session": "room000022"
}, {
    "time": 8621,
    "timeup": false,
    "done": true,
    "player": "682784284589910",
    "stage": {
        "stage": 4,
        "step": 2,
        "round": 7
    },
    "timestamp": 1619366379700,
    "session": "room000022"
}, {
    "time": 9635,
    "timeup": false,
    "done": true,
    "player": "973859099613763",
    "stage": {
        "stage": 4,
        "step": 2,
        "round": 7
    },
    "timestamp": 1619366380442,
    "session": "room000022"
}, {
    "contribution": 15,
    "time": 4469,
    "timeup": false,
    "done": true,
    "player": "973859099613763",
    "stage": {
        "stage": 4,
        "step": 1,
        "round": 8
    },
    "timestamp": 1619366385203,
    "session": "room000022"
}, {
    "contribution": 3,
    "time": 4334,
    "timeup": false,
    "done": true,
    "player": "682784284589910",
    "stage": {
        "stage": 4,
        "step": 1,
        "round": 8
    },
    "timestamp": 1619366385299,
    "session": "room000022"
}, {
    "contribution": 12,
    "time": 5398,
    "timeup": false,
    "done": true,
    "player": "480136891932571",
    "stage": {
        "stage": 4,
        "step": 1,
        "round": 8
    },
    "timestamp": 1619366386224,
    "session": "room000022"
}, {
    "contribution": 10,
    "time": 7838,
    "timeup": false,
    "done": true,
    "player": "147279115499427",
    "stage": {
        "stage": 4,
        "step": 1,
        "round": 8
    },
    "timestamp": 1619366389232,
    "session": "room000022"
}, {
    "time": 3681,
    "timeup": false,
    "done": true,
    "player": "147279115499427",
    "stage": {
        "stage": 4,
        "step": 2,
        "round": 8
    },
    "timestamp": 1619366393849,
    "session": "room000022"
}, {
    "time": 4709,
    "timeup": false,
    "done": true,
    "player": "682784284589910",
    "stage": {
        "stage": 4,
        "step": 2,
        "round": 8
    },
    "timestamp": 1619366394515,
    "session": "room000022"
}, {
    "time": 6411,
    "timeup": false,
    "done": true,
    "player": "973859099613763",
    "stage": {
        "stage": 4,
        "step": 2,
        "round": 8
    },
    "timestamp": 1619366395955,
    "session": "room000022"
}, {
    "time": 7263,
    "timeup": false,
    "done": true,
    "player": "480136891932571",
    "stage": {
        "stage": 4,
        "step": 2,
        "round": 8
    },
    "timestamp": 1619366396916,
    "session": "room000022"
}, {
    "contribution": 3,
    "time": 4600,
    "timeup": false,
    "done": true,
    "player": "682784284589910",
    "stage": {
        "stage": 4,
        "step": 1,
        "round": 9
    },
    "timestamp": 1619366402072,
    "session": "room000022"
}, {
    "contribution": 17,
    "time": 5886,
    "timeup": false,
    "done": true,
    "player": "973859099613763",
    "stage": {
        "stage": 4,
        "step": 1,
        "round": 9
    },
    "timestamp": 1619366403100,
    "session": "room000022"
}, {
    "contribution": 4,
    "time": 7256,
    "timeup": false,
    "done": true,
    "player": "147279115499427",
    "stage": {
        "stage": 4,
        "step": 1,
        "round": 9
    },
    "timestamp": 1619366405027,
    "session": "room000022"
}, {
    "contribution": 13,
    "time": 13231,
    "timeup": false,
    "done": true,
    "player": "480136891932571",
    "stage": {
        "stage": 4,
        "step": 1,
        "round": 9
    },
    "timestamp": 1619366410447,
    "session": "room000022"
}, {
    "time": 2615,
    "timeup": false,
    "done": true,
    "player": "147279115499427",
    "stage": {
        "stage": 4,
        "step": 2,
        "round": 9
    },
    "timestamp": 1619366413979,
    "session": "room000022"
}, {
    "time": 3823,
    "timeup": false,
    "done": true,
    "player": "973859099613763",
    "stage": {
        "stage": 4,
        "step": 2,
        "round": 9
    },
    "timestamp": 1619366414587,
    "session": "room000022"
}, {
    "time": 9693,
    "timeup": false,
    "done": true,
    "player": "682784284589910",
    "stage": {
        "stage": 4,
        "step": 2,
        "round": 9
    },
    "timestamp": 1619366420686,
    "session": "room000022"
}, {
    "time": 12484,
    "timeup": false,
    "done": true,
    "player": "480136891932571",
    "stage": {
        "stage": 4,
        "step": 2,
        "round": 9
    },
    "timestamp": 1619366423249,
    "session": "room000022"
}, {
    "contribution": 1,
    "time": 3128,
    "timeup": false,
    "done": true,
    "player": "480136891932571",
    "stage": {
        "stage": 4,
        "step": 1,
        "round": 10
    },
    "timestamp": 1619366426674,
    "session": "room000022"
}, {
    "contribution": 19,
    "time": 4754,
    "timeup": false,
    "done": true,
    "player": "973859099613763",
    "stage": {
        "stage": 4,
        "step": 1,
        "round": 10
    },
    "timestamp": 1619366428307,
    "session": "room000022"
}, {
    "contribution": 9,
    "time": 5638,
    "timeup": false,
    "done": true,
    "player": "147279115499427",
    "stage": {
        "stage": 4,
        "step": 1,
        "round": 10
    },
    "timestamp": 1619366429734,
    "session": "room000022"
}, {
    "contribution": 3,
    "time": 6000,
    "timeup": false,
    "done": true,
    "player": "682784284589910",
    "stage": {
        "stage": 4,
        "step": 1,
        "round": 10
    },
    "timestamp": 1619366429746,
    "session": "room000022"
}, {
    "time": 3825,
    "timeup": false,
    "done": true,
    "player": "147279115499427",
    "stage": {
        "stage": 4,
        "step": 2,
        "round": 10
    },
    "timestamp": 1619366434365,
    "session": "room000022"
}, {
    "time": 4381,
    "timeup": false,
    "done": true,
    "player": "682784284589910",
    "stage": {
        "stage": 4,
        "step": 2,
        "round": 10
    },
    "timestamp": 1619366434714,
    "session": "room000022"
}, {
    "time": 5071,
    "timeup": false,
    "done": true,
    "player": "973859099613763",
    "stage": {
        "stage": 4,
        "step": 2,
        "round": 10
    },
    "timestamp": 1619366435106,
    "session": "room000022"
}, {
    "time": 6249,
    "timeup": false,
    "done": true,
    "player": "480136891932571",
    "stage": {
        "stage": 4,
        "step": 2,
        "round": 10
    },
    "timestamp": 1619366436350,
    "session": "room000022"
}, {
    "communication": "Nechci uvést",
    "agreement": "Nechci uvést",
    "real1": "Neměli jsme nic domluveno",
    "real2": "Neměli jsme nic domluveno",
    "strategy": "Maximalizovat výnos skupiny",
    "time": 21141,
    "timeup": false,
    "done": true,
    "player": "973859099613763",
    "stage": {
        "stage": 5,
        "step": 1,
        "round": 1
    },
    "timestamp": 1619366457705,
    "session": "room000022"
}, {
    "communication": "Ne",
    "agreement": "Ne",
    "real1": "Neměli jsme nic domluveno",
    "real2": "Neměli jsme nic domluveno",
    "strategy": "Maximalizovat můj vlastní výnos",
    "time": 26068,
    "timeup": false,
    "done": true,
    "player": "682784284589910",
    "stage": {
        "stage": 5,
        "step": 1,
        "round": 1
    },
    "timestamp": 1619366462698,
    "session": "room000022"
}, {
    "communication": "Ne",
    "agreement": "Ne",
    "real1": "Neměli jsme nic domluveno",
    "real2": "Neměli jsme nic domluveno",
    "strategy": "Náhodně vybírat částky",
    "time": 26236,
    "timeup": false,
    "done": true,
    "player": "147279115499427",
    "stage": {
        "stage": 5,
        "step": 1,
        "round": 1
    },
    "timestamp": 1619366462930,
    "session": "room000022"
}, {
    "communication": "Ne",
    "agreement": "Ne",
    "real1": "Neměli jsme nic domluveno",
    "real2": "Neměli jsme nic domluveno",
    "strategy": "Minimilizovat rozdíly mezi mým výnosem a výnosem spoluhráčů",
    "time": 32016,
    "timeup": false,
    "done": true,
    "player": "480136891932571",
    "stage": {
        "stage": 5,
        "step": 1,
        "round": 1
    },
    "timestamp": 1619366468560,
    "session": "room000022"
}, {
    "value": "terezkasinkulova@gmail.com",
    "timeBegin": 2534,
    "timeEnd": 2534,
    "isCorrect": true,
    "id": "email",
    "time": 5330,
    "timeup": false,
    "done": true,
    "player": "480136891932571",
    "stage": {
        "stage": 6,
        "step": 1,
        "round": 1
    },
    "timestamp": 1619366474077,
    "session": "room000022"
}, {
    "value": "harmady.pavel@centrum.cz",
    "timeBegin": 5830,
    "timeEnd": 5830,
    "isCorrect": true,
    "id": "email",
    "time": 6701,
    "timeup": false,
    "done": true,
    "player": "973859099613763",
    "stage": {
        "stage": 6,
        "step": 1,
        "round": 1
    },
    "timestamp": 1619366475723,
    "session": "room000022"
}, {
    "value": "baru.pollenu@gmail.com",
    "timeBegin": 2487,
    "timeEnd": 6096,
    "isCorrect": true,
    "id": "email",
    "time": 7519,
    "timeup": false,
    "done": true,
    "player": "147279115499427",
    "stage": {
        "stage": 6,
        "step": 1,
        "round": 1
    },
    "timestamp": 1619366476396,
    "session": "room000022"
}, {
    "value": "aneta.polenova@seznam.cz",
    "timeBegin": 3628,
    "timeEnd": 8599,
    "isCorrect": true,
    "id": "email",
    "time": 10463,
    "timeup": false,
    "done": true,
    "player": "682784284589910",
    "stage": {
        "stage": 6,
        "step": 1,
        "round": 1
    },
    "timestamp": 1619366479280,
    "session": "room000022"
}]