"session","player","time","communication","agreement","real1","real2","strategy"
"room000022","973859099613763",21141,"Nechci uvést","Nechci uvést","Neměli jsme nic domluveno","Neměli jsme nic domluveno","Maximalizovat výnos skupiny"
"room000022","682784284589910",26068,"Ne","Ne","Neměli jsme nic domluveno","Neměli jsme nic domluveno","Maximalizovat můj vlastní výnos"
"room000022","147279115499427",26236,"Ne","Ne","Neměli jsme nic domluveno","Neměli jsme nic domluveno","Náhodně vybírat částky"
"room000022","480136891932571",32016,"Ne","Ne","Neměli jsme nic domluveno","Neměli jsme nic domluveno","Minimilizovat rozdíly mezi mým výnosem a výnosem spoluhráčů"
