[{
    "time": 93124,
    "timeup": false,
    "done": true,
    "player": "756185335327643",
    "stage": {
        "stage": 1,
        "step": 1,
        "round": 1
    },
    "timestamp": 1619897441945,
    "session": "room000040"
}, {
    "time": 93959,
    "timeup": false,
    "done": true,
    "player": "874902518533663",
    "stage": {
        "stage": 1,
        "step": 1,
        "round": 1
    },
    "timestamp": 1619897442817,
    "session": "room000040"
}, {
    "time": 110135,
    "timeup": false,
    "done": true,
    "player": "301326118461331",
    "stage": {
        "stage": 1,
        "step": 1,
        "round": 1
    },
    "timestamp": 1619897458701,
    "session": "room000040"
}, {
    "time": 177083,
    "timeup": false,
    "done": true,
    "player": "27424159697678",
    "stage": {
        "stage": 1,
        "step": 1,
        "round": 1
    },
    "timestamp": 1619897525865,
    "session": "room000040"
}, {
    "order": [
        0,
        1,
        2,
        3,
        4
    ],
    "forms": {
        "coinsEveryRound": {
            "id": "coinsEveryRound",
            "choice": "0",
            "time": 6541,
            "nClicks": 1,
            "order": [
                3,
                2,
                0,
                1
            ],
            "value": "20",
            "isCorrect": true,
            "attempts": [
                "0",
                "0"
            ]
        },
        "coinsMaxi": {
            "id": "coinsMaxi",
            "choice": "0",
            "time": 11450,
            "nClicks": 1,
            "order": [
                0,
                3,
                2,
                1
            ],
            "value": "40",
            "isCorrect": true,
            "attempts": [
                "0",
                "0"
            ]
        },
        "coinsMini": {
            "id": "coinsMini",
            "choice": "0",
            "time": 17484,
            "nClicks": 1,
            "order": [
                1,
                2,
                0,
                3
            ],
            "value": "10",
            "isCorrect": true,
            "attempts": [
                "0",
                "0"
            ]
        },
        "coinsOthers": {
            "id": "coinsOthers",
            "choice": "0",
            "time": 55795,
            "nClicks": 2,
            "order": [
                1,
                2,
                3,
                0
            ],
            "value": "30",
            "isCorrect": true,
            "attempts": [
                "3",
                "0"
            ]
        },
        "lowestPayment1": {
            "id": "lowestPayment1",
            "choice": "0",
            "time": 49894,
            "nClicks": 1,
            "order": [
                2,
                1,
                0,
                3
            ],
            "value": "15",
            "isCorrect": true,
            "attempts": [
                "0",
                "0"
            ]
        }
    },
    "missValues": [],
    "id": "quiz",
    "isCorrect": true,
    "time": 59221,
    "timeup": false,
    "done": true,
    "player": "874902518533663",
    "stage": {
        "stage": 2,
        "step": 1,
        "round": 1
    },
    "timestamp": 1619897585412,
    "session": "room000040"
}, {
    "order": [
        0,
        1,
        2,
        3,
        4
    ],
    "forms": {
        "coinsEveryRound": {
            "id": "coinsEveryRound",
            "choice": "0",
            "time": 3154,
            "nClicks": 1,
            "order": [
                3,
                1,
                0,
                2
            ],
            "value": "20",
            "isCorrect": true,
            "attempts": [
                "0",
                "0"
            ]
        },
        "coinsMaxi": {
            "id": "coinsMaxi",
            "choice": "0",
            "time": 7856,
            "nClicks": 1,
            "order": [
                2,
                1,
                0,
                3
            ],
            "value": "40",
            "isCorrect": true,
            "attempts": [
                "0",
                "0"
            ]
        },
        "coinsMini": {
            "id": "coinsMini",
            "choice": "0",
            "time": 19412,
            "nClicks": 1,
            "order": [
                2,
                3,
                0,
                1
            ],
            "value": "10",
            "isCorrect": true,
            "attempts": [
                "0",
                "0"
            ]
        },
        "coinsOthers": {
            "id": "coinsOthers",
            "choice": "0",
            "time": 105034,
            "nClicks": 2,
            "order": [
                1,
                0,
                2,
                3
            ],
            "value": "30",
            "isCorrect": true,
            "attempts": [
                "3",
                "0"
            ]
        },
        "lowestPayment1": {
            "id": "lowestPayment1",
            "choice": "0",
            "time": 74383,
            "nClicks": 1,
            "order": [
                2,
                3,
                1,
                0
            ],
            "value": "15",
            "isCorrect": true,
            "attempts": [
                "0",
                "0"
            ]
        }
    },
    "missValues": [],
    "id": "quiz",
    "isCorrect": true,
    "time": 109532,
    "timeup": false,
    "done": true,
    "player": "301326118461331",
    "stage": {
        "stage": 2,
        "step": 1,
        "round": 1
    },
    "timestamp": 1619897635885,
    "session": "room000040"
}, {
    "order": [
        0,
        1,
        2,
        3,
        4
    ],
    "forms": {
        "coinsEveryRound": {
            "id": "coinsEveryRound",
            "choice": "0",
            "time": 78666,
            "nClicks": 1,
            "order": [
                1,
                2,
                0,
                3
            ],
            "value": "20",
            "isCorrect": true,
            "attempts": [
                "0",
                "0",
                "0",
                "0"
            ]
        },
        "coinsMaxi": {
            "id": "coinsMaxi",
            "choice": "0",
            "time": 83533,
            "nClicks": 1,
            "order": [
                1,
                3,
                2,
                0
            ],
            "value": "40",
            "isCorrect": true,
            "attempts": [
                "0",
                "0",
                "0",
                "0"
            ]
        },
        "coinsMini": {
            "id": "coinsMini",
            "choice": "0",
            "time": 91185,
            "nClicks": 1,
            "order": [
                0,
                2,
                3,
                1
            ],
            "value": "10",
            "isCorrect": true,
            "attempts": [
                "0",
                "0",
                "0",
                "0"
            ]
        },
        "coinsOthers": {
            "id": "coinsOthers",
            "choice": "0",
            "time": 152453,
            "nClicks": 4,
            "order": [
                2,
                0,
                3,
                1
            ],
            "value": "30",
            "isCorrect": true,
            "attempts": [
                "3",
                "1",
                "2",
                "0"
            ]
        },
        "lowestPayment1": {
            "id": "lowestPayment1",
            "choice": "0",
            "time": 129157,
            "nClicks": 1,
            "order": [
                2,
                1,
                0,
                3
            ],
            "value": "15",
            "isCorrect": true,
            "attempts": [
                "0",
                "0",
                "0",
                "0"
            ]
        }
    },
    "missValues": [],
    "id": "quiz",
    "isCorrect": true,
    "time": 153373,
    "timeup": false,
    "done": true,
    "player": "27424159697678",
    "stage": {
        "stage": 2,
        "step": 1,
        "round": 1
    },
    "timestamp": 1619897679530,
    "session": "room000040"
}, {
    "order": [
        0,
        1,
        2,
        3,
        4
    ],
    "forms": {
        "coinsEveryRound": {
            "id": "coinsEveryRound",
            "choice": "0",
            "time": 4284,
            "nClicks": 1,
            "order": [
                2,
                3,
                0,
                1
            ],
            "value": "20",
            "isCorrect": true,
            "attempts": [
                "0",
                "0"
            ]
        },
        "coinsMaxi": {
            "id": "coinsMaxi",
            "choice": "0",
            "time": 47062,
            "nClicks": 1,
            "order": [
                3,
                2,
                1,
                0
            ],
            "value": "40",
            "isCorrect": true,
            "attempts": [
                "0",
                "0"
            ]
        },
        "coinsMini": {
            "id": "coinsMini",
            "choice": "0",
            "time": 65654,
            "nClicks": 1,
            "order": [
                3,
                1,
                2,
                0
            ],
            "value": "10",
            "isCorrect": true,
            "attempts": [
                "0",
                "0"
            ]
        },
        "coinsOthers": {
            "id": "coinsOthers",
            "choice": "0",
            "time": 160278,
            "nClicks": 2,
            "order": [
                1,
                3,
                0,
                2
            ],
            "value": "30",
            "isCorrect": true,
            "attempts": [
                "3",
                "0"
            ]
        },
        "lowestPayment1": {
            "id": "lowestPayment1",
            "choice": "0",
            "time": 111662,
            "nClicks": 1,
            "order": [
                2,
                0,
                3,
                1
            ],
            "value": "15",
            "isCorrect": true,
            "attempts": [
                "0",
                "0"
            ]
        }
    },
    "missValues": [],
    "id": "quiz",
    "isCorrect": true,
    "time": 161454,
    "timeup": false,
    "done": true,
    "player": "756185335327643",
    "stage": {
        "stage": 2,
        "step": 1,
        "round": 1
    },
    "timestamp": 1619897687543,
    "session": "room000040"
}, {
    "znajiSe": "5",
    "blizkost": "3",
    "kooperujeKam": "7-velmi spolupracuji",
    "kooperujeCiz": "5",
    "time": 23741,
    "timeup": false,
    "done": true,
    "player": "27424159697678",
    "stage": {
        "stage": 3,
        "step": 1,
        "round": 1
    },
    "timestamp": 1619897711482,
    "session": "room000040"
}, {
    "znajiSe": "7-velmi dobře",
    "blizkost": "6",
    "kooperujeKam": "7-velmi spolupracuji",
    "kooperujeCiz": "7-velmi spolupracuji",
    "time": 31055,
    "timeup": false,
    "done": true,
    "player": "301326118461331",
    "stage": {
        "stage": 3,
        "step": 1,
        "round": 1
    },
    "timestamp": 1619897718809,
    "session": "room000040"
}, {
    "znajiSe": "7-velmi dobře",
    "blizkost": "7-velmi blízký",
    "kooperujeKam": "6",
    "kooperujeCiz": "6",
    "time": 33186,
    "timeup": false,
    "done": true,
    "player": "756185335327643",
    "stage": {
        "stage": 3,
        "step": 1,
        "round": 1
    },
    "timestamp": 1619897720999,
    "session": "room000040"
}, {
    "znajiSe": "6",
    "blizkost": "5",
    "kooperujeKam": "7-velmi spolupracuji",
    "kooperujeCiz": "5",
    "time": 47899,
    "timeup": false,
    "done": true,
    "player": "874902518533663",
    "stage": {
        "stage": 3,
        "step": 1,
        "round": 1
    },
    "timestamp": 1619897735759,
    "session": "room000040"
}, {
    "contribution": 20,
    "time": 6969,
    "timeup": false,
    "done": true,
    "player": "27424159697678",
    "stage": {
        "stage": 4,
        "step": 1,
        "round": 1
    },
    "timestamp": 1619897743441,
    "session": "room000040"
}, {
    "contribution": 20,
    "time": 15418,
    "timeup": false,
    "done": true,
    "player": "756185335327643",
    "stage": {
        "stage": 4,
        "step": 1,
        "round": 1
    },
    "timestamp": 1619897751670,
    "session": "room000040"
}, {
    "contribution": 20,
    "time": 18088,
    "timeup": false,
    "done": true,
    "player": "301326118461331",
    "stage": {
        "stage": 4,
        "step": 1,
        "round": 1
    },
    "timestamp": 1619897754630,
    "session": "room000040"
}, {
    "contribution": 10,
    "time": 18668,
    "timeup": false,
    "done": true,
    "player": "874902518533663",
    "stage": {
        "stage": 4,
        "step": 1,
        "round": 1
    },
    "timestamp": 1619897755162,
    "session": "room000040"
}, {
    "time": 10430,
    "timeup": false,
    "done": true,
    "player": "301326118461331",
    "stage": {
        "stage": 4,
        "step": 2,
        "round": 1
    },
    "timestamp": 1619897766139,
    "session": "room000040"
}, {
    "time": 10294,
    "timeup": false,
    "done": true,
    "player": "874902518533663",
    "stage": {
        "stage": 4,
        "step": 2,
        "round": 1
    },
    "timestamp": 1619897766153,
    "session": "room000040"
}, {
    "time": 10391,
    "timeup": false,
    "done": true,
    "player": "756185335327643",
    "stage": {
        "stage": 4,
        "step": 2,
        "round": 1
    },
    "timestamp": 1619897766271,
    "session": "room000040"
}, {
    "time": 20648,
    "timeup": false,
    "done": true,
    "player": "27424159697678",
    "stage": {
        "stage": 4,
        "step": 2,
        "round": 1
    },
    "timestamp": 1619897776393,
    "session": "room000040"
}, {
    "contribution": 20,
    "time": 10138,
    "timeup": false,
    "done": true,
    "player": "756185335327643",
    "stage": {
        "stage": 4,
        "step": 1,
        "round": 2
    },
    "timestamp": 1619897786902,
    "session": "room000040"
}, {
    "contribution": 20,
    "time": 10554,
    "timeup": false,
    "done": true,
    "player": "27424159697678",
    "stage": {
        "stage": 4,
        "step": 1,
        "round": 2
    },
    "timestamp": 1619897787322,
    "session": "room000040"
}, {
    "contribution": 15,
    "time": 13713,
    "timeup": false,
    "done": true,
    "player": "874902518533663",
    "stage": {
        "stage": 4,
        "step": 1,
        "round": 2
    },
    "timestamp": 1619897790628,
    "session": "room000040"
}, {
    "contribution": 20,
    "time": 21068,
    "timeup": false,
    "done": true,
    "player": "301326118461331",
    "stage": {
        "stage": 4,
        "step": 1,
        "round": 2
    },
    "timestamp": 1619897798145,
    "session": "room000040"
}, {
    "time": 4061,
    "timeup": false,
    "done": true,
    "player": "756185335327643",
    "stage": {
        "stage": 4,
        "step": 2,
        "round": 2
    },
    "timestamp": 1619897802670,
    "session": "room000040"
}, {
    "time": 6117,
    "timeup": false,
    "done": true,
    "player": "27424159697678",
    "stage": {
        "stage": 4,
        "step": 2,
        "round": 2
    },
    "timestamp": 1619897804847,
    "session": "room000040"
}, {
    "time": 9866,
    "timeup": false,
    "done": true,
    "player": "874902518533663",
    "stage": {
        "stage": 4,
        "step": 2,
        "round": 2
    },
    "timestamp": 1619897808428,
    "session": "room000040"
}, {
    "time": 11325,
    "timeup": false,
    "done": true,
    "player": "301326118461331",
    "stage": {
        "stage": 4,
        "step": 2,
        "round": 2
    },
    "timestamp": 1619897809957,
    "session": "room000040"
}, {
    "contribution": 20,
    "time": 4881,
    "timeup": false,
    "done": true,
    "player": "301326118461331",
    "stage": {
        "stage": 4,
        "step": 1,
        "round": 3
    },
    "timestamp": 1619897815250,
    "session": "room000040"
}, {
    "contribution": 20,
    "time": 6955,
    "timeup": false,
    "done": true,
    "player": "756185335327643",
    "stage": {
        "stage": 4,
        "step": 1,
        "round": 3
    },
    "timestamp": 1619897817357,
    "session": "room000040"
}, {
    "contribution": 20,
    "time": 7087,
    "timeup": false,
    "done": true,
    "player": "27424159697678",
    "stage": {
        "stage": 4,
        "step": 1,
        "round": 3
    },
    "timestamp": 1619897817558,
    "session": "room000040"
}, {
    "contribution": 15,
    "time": 15002,
    "timeup": true,
    "done": true,
    "player": "874902518533663",
    "stage": {
        "stage": 4,
        "step": 1,
        "round": 3
    },
    "timestamp": 1619897825409,
    "session": "room000040"
}, {
    "time": 3306,
    "timeup": false,
    "done": true,
    "player": "756185335327643",
    "stage": {
        "stage": 4,
        "step": 2,
        "round": 3
    },
    "timestamp": 1619897829117,
    "session": "room000040"
}, {
    "time": 6955,
    "timeup": false,
    "done": true,
    "player": "27424159697678",
    "stage": {
        "stage": 4,
        "step": 2,
        "round": 3
    },
    "timestamp": 1619897832812,
    "session": "room000040"
}, {
    "time": 10325,
    "timeup": false,
    "done": true,
    "player": "874902518533663",
    "stage": {
        "stage": 4,
        "step": 2,
        "round": 3
    },
    "timestamp": 1619897836311,
    "session": "room000040"
}, {
    "time": 20203,
    "timeup": false,
    "done": true,
    "player": "301326118461331",
    "stage": {
        "stage": 4,
        "step": 2,
        "round": 3
    },
    "timestamp": 1619897846240,
    "session": "room000040"
}, {
    "contribution": 20,
    "time": 3263,
    "timeup": false,
    "done": true,
    "player": "874902518533663",
    "stage": {
        "stage": 4,
        "step": 1,
        "round": 4
    },
    "timestamp": 1619897849985,
    "session": "room000040"
}, {
    "contribution": 20,
    "time": 3597,
    "timeup": false,
    "done": true,
    "player": "27424159697678",
    "stage": {
        "stage": 4,
        "step": 1,
        "round": 4
    },
    "timestamp": 1619897850215,
    "session": "room000040"
}, {
    "contribution": 20,
    "time": 7377,
    "timeup": false,
    "done": true,
    "player": "756185335327643",
    "stage": {
        "stage": 4,
        "step": 1,
        "round": 4
    },
    "timestamp": 1619897854126,
    "session": "room000040"
}, {
    "contribution": 20,
    "time": 11051,
    "timeup": false,
    "done": true,
    "player": "301326118461331",
    "stage": {
        "stage": 4,
        "step": 1,
        "round": 4
    },
    "timestamp": 1619897857654,
    "session": "room000040"
}, {
    "time": 2267,
    "timeup": false,
    "done": true,
    "player": "756185335327643",
    "stage": {
        "stage": 4,
        "step": 2,
        "round": 4
    },
    "timestamp": 1619897860285,
    "session": "room000040"
}, {
    "time": 2805,
    "timeup": false,
    "done": true,
    "player": "874902518533663",
    "stage": {
        "stage": 4,
        "step": 2,
        "round": 4
    },
    "timestamp": 1619897860896,
    "session": "room000040"
}, {
    "time": 6519,
    "timeup": false,
    "done": true,
    "player": "27424159697678",
    "stage": {
        "stage": 4,
        "step": 2,
        "round": 4
    },
    "timestamp": 1619897864762,
    "session": "room000040"
}, {
    "time": 6749,
    "timeup": false,
    "done": true,
    "player": "301326118461331",
    "stage": {
        "stage": 4,
        "step": 2,
        "round": 4
    },
    "timestamp": 1619897864969,
    "session": "room000040"
}, {
    "contribution": 20,
    "time": 2050,
    "timeup": false,
    "done": true,
    "player": "874902518533663",
    "stage": {
        "stage": 4,
        "step": 1,
        "round": 5
    },
    "timestamp": 1619897867473,
    "session": "room000040"
}, {
    "contribution": 20,
    "time": 2954,
    "timeup": false,
    "done": true,
    "player": "756185335327643",
    "stage": {
        "stage": 4,
        "step": 1,
        "round": 5
    },
    "timestamp": 1619897868252,
    "session": "room000040"
}, {
    "contribution": 20,
    "time": 3721,
    "timeup": false,
    "done": true,
    "player": "27424159697678",
    "stage": {
        "stage": 4,
        "step": 1,
        "round": 5
    },
    "timestamp": 1619897869219,
    "session": "room000040"
}, {
    "contribution": 20,
    "time": 5620,
    "timeup": false,
    "done": true,
    "player": "301326118461331",
    "stage": {
        "stage": 4,
        "step": 1,
        "round": 5
    },
    "timestamp": 1619897870929,
    "session": "room000040"
}, {
    "time": 978,
    "timeup": false,
    "done": true,
    "player": "756185335327643",
    "stage": {
        "stage": 4,
        "step": 2,
        "round": 5
    },
    "timestamp": 1619897872267,
    "session": "room000040"
}, {
    "time": 1528,
    "timeup": false,
    "done": true,
    "player": "874902518533663",
    "stage": {
        "stage": 4,
        "step": 2,
        "round": 5
    },
    "timestamp": 1619897872951,
    "session": "room000040"
}, {
    "time": 2285,
    "timeup": false,
    "done": true,
    "player": "27424159697678",
    "stage": {
        "stage": 4,
        "step": 2,
        "round": 5
    },
    "timestamp": 1619897873683,
    "session": "room000040"
}, {
    "time": 2970,
    "timeup": false,
    "done": true,
    "player": "301326118461331",
    "stage": {
        "stage": 4,
        "step": 2,
        "round": 5
    },
    "timestamp": 1619897874389,
    "session": "room000040"
}, {
    "contribution": 20,
    "time": 1554,
    "timeup": false,
    "done": true,
    "player": "874902518533663",
    "stage": {
        "stage": 4,
        "step": 1,
        "round": 6
    },
    "timestamp": 1619897876392,
    "session": "room000040"
}, {
    "contribution": 20,
    "time": 1820,
    "timeup": false,
    "done": true,
    "player": "756185335327643",
    "stage": {
        "stage": 4,
        "step": 1,
        "round": 6
    },
    "timestamp": 1619897876572,
    "session": "room000040"
}, {
    "contribution": 20,
    "time": 3147,
    "timeup": false,
    "done": true,
    "player": "27424159697678",
    "stage": {
        "stage": 4,
        "step": 1,
        "round": 6
    },
    "timestamp": 1619897878126,
    "session": "room000040"
}, {
    "contribution": 20,
    "time": 4255,
    "timeup": false,
    "done": true,
    "player": "301326118461331",
    "stage": {
        "stage": 4,
        "step": 1,
        "round": 6
    },
    "timestamp": 1619897879165,
    "session": "room000040"
}, {
    "time": 1945,
    "timeup": false,
    "done": true,
    "player": "756185335327643",
    "stage": {
        "stage": 4,
        "step": 2,
        "round": 6
    },
    "timestamp": 1619897881484,
    "session": "room000040"
}, {
    "time": 2550,
    "timeup": false,
    "done": true,
    "player": "301326118461331",
    "stage": {
        "stage": 4,
        "step": 2,
        "round": 6
    },
    "timestamp": 1619897882061,
    "session": "room000040"
}, {
    "time": 2785,
    "timeup": false,
    "done": true,
    "player": "874902518533663",
    "stage": {
        "stage": 4,
        "step": 2,
        "round": 6
    },
    "timestamp": 1619897882364,
    "session": "room000040"
}, {
    "time": 3042,
    "timeup": false,
    "done": true,
    "player": "27424159697678",
    "stage": {
        "stage": 4,
        "step": 2,
        "round": 6
    },
    "timestamp": 1619897882644,
    "session": "room000040"
}, {
    "contribution": 20,
    "time": 2300,
    "timeup": false,
    "done": true,
    "player": "756185335327643",
    "stage": {
        "stage": 4,
        "step": 1,
        "round": 7
    },
    "timestamp": 1619897885260,
    "session": "room000040"
}, {
    "contribution": 20,
    "time": 3135,
    "timeup": false,
    "done": true,
    "player": "27424159697678",
    "stage": {
        "stage": 4,
        "step": 1,
        "round": 7
    },
    "timestamp": 1619897886115,
    "session": "room000040"
}, {
    "contribution": 20,
    "time": 3060,
    "timeup": false,
    "done": true,
    "player": "301326118461331",
    "stage": {
        "stage": 4,
        "step": 1,
        "round": 7
    },
    "timestamp": 1619897886121,
    "session": "room000040"
}, {
    "contribution": 20,
    "time": 4540,
    "timeup": false,
    "done": true,
    "player": "874902518533663",
    "stage": {
        "stage": 4,
        "step": 1,
        "round": 7
    },
    "timestamp": 1619897887612,
    "session": "room000040"
}, {
    "time": 1100,
    "timeup": false,
    "done": true,
    "player": "756185335327643",
    "stage": {
        "stage": 4,
        "step": 2,
        "round": 7
    },
    "timestamp": 1619897889099,
    "session": "room000040"
}, {
    "time": 1650,
    "timeup": false,
    "done": true,
    "player": "874902518533663",
    "stage": {
        "stage": 4,
        "step": 2,
        "round": 7
    },
    "timestamp": 1619897889852,
    "session": "room000040"
}, {
    "time": 1886,
    "timeup": false,
    "done": true,
    "player": "27424159697678",
    "stage": {
        "stage": 4,
        "step": 2,
        "round": 7
    },
    "timestamp": 1619897889952,
    "session": "room000040"
}, {
    "time": 2083,
    "timeup": false,
    "done": true,
    "player": "301326118461331",
    "stage": {
        "stage": 4,
        "step": 2,
        "round": 7
    },
    "timestamp": 1619897890060,
    "session": "room000040"
}, {
    "contribution": 20,
    "time": 1369,
    "timeup": false,
    "done": true,
    "player": "756185335327643",
    "stage": {
        "stage": 4,
        "step": 1,
        "round": 8
    },
    "timestamp": 1619897892032,
    "session": "room000040"
}, {
    "contribution": 20,
    "time": 1574,
    "timeup": false,
    "done": true,
    "player": "874902518533663",
    "stage": {
        "stage": 4,
        "step": 1,
        "round": 8
    },
    "timestamp": 1619897892046,
    "session": "room000040"
}, {
    "contribution": 20,
    "time": 3121,
    "timeup": false,
    "done": true,
    "player": "301326118461331",
    "stage": {
        "stage": 4,
        "step": 1,
        "round": 8
    },
    "timestamp": 1619897893620,
    "session": "room000040"
}, {
    "contribution": 20,
    "time": 3830,
    "timeup": false,
    "done": true,
    "player": "27424159697678",
    "stage": {
        "stage": 4,
        "step": 1,
        "round": 8
    },
    "timestamp": 1619897894351,
    "session": "room000040"
}, {
    "time": 1561,
    "timeup": false,
    "done": true,
    "player": "27424159697678",
    "stage": {
        "stage": 4,
        "step": 2,
        "round": 8
    },
    "timestamp": 1619897896272,
    "session": "room000040"
}, {
    "time": 2234,
    "timeup": false,
    "done": true,
    "player": "756185335327643",
    "stage": {
        "stage": 4,
        "step": 2,
        "round": 8
    },
    "timestamp": 1619897896948,
    "session": "room000040"
}, {
    "time": 2029,
    "timeup": false,
    "done": true,
    "player": "874902518533663",
    "stage": {
        "stage": 4,
        "step": 2,
        "round": 8
    },
    "timestamp": 1619897897014,
    "session": "room000040"
}, {
    "time": 2417,
    "timeup": false,
    "done": true,
    "player": "301326118461331",
    "stage": {
        "stage": 4,
        "step": 2,
        "round": 8
    },
    "timestamp": 1619897897127,
    "session": "room000040"
}, {
    "contribution": 20,
    "time": 1768,
    "timeup": false,
    "done": true,
    "player": "874902518533663",
    "stage": {
        "stage": 4,
        "step": 1,
        "round": 9
    },
    "timestamp": 1619897899338,
    "session": "room000040"
}, {
    "contribution": 20,
    "time": 2384,
    "timeup": false,
    "done": true,
    "player": "756185335327643",
    "stage": {
        "stage": 4,
        "step": 1,
        "round": 9
    },
    "timestamp": 1619897899860,
    "session": "room000040"
}, {
    "contribution": 20,
    "time": 2780,
    "timeup": false,
    "done": true,
    "player": "27424159697678",
    "stage": {
        "stage": 4,
        "step": 1,
        "round": 9
    },
    "timestamp": 1619897900384,
    "session": "room000040"
}, {
    "contribution": 20,
    "time": 3221,
    "timeup": false,
    "done": true,
    "player": "301326118461331",
    "stage": {
        "stage": 4,
        "step": 1,
        "round": 9
    },
    "timestamp": 1619897901081,
    "session": "room000040"
}, {
    "time": 1251,
    "timeup": false,
    "done": true,
    "player": "27424159697678",
    "stage": {
        "stage": 4,
        "step": 2,
        "round": 9
    },
    "timestamp": 1619897902679,
    "session": "room000040"
}, {
    "time": 1749,
    "timeup": false,
    "done": true,
    "player": "874902518533663",
    "stage": {
        "stage": 4,
        "step": 2,
        "round": 9
    },
    "timestamp": 1619897903402,
    "session": "room000040"
}, {
    "time": 2020,
    "timeup": false,
    "done": true,
    "player": "301326118461331",
    "stage": {
        "stage": 4,
        "step": 2,
        "round": 9
    },
    "timestamp": 1619897903441,
    "session": "room000040"
}, {
    "time": 2839,
    "timeup": false,
    "done": true,
    "player": "756185335327643",
    "stage": {
        "stage": 4,
        "step": 2,
        "round": 9
    },
    "timestamp": 1619897904325,
    "session": "room000040"
}, {
    "contribution": 20,
    "time": 3077,
    "timeup": false,
    "done": true,
    "player": "27424159697678",
    "stage": {
        "stage": 4,
        "step": 1,
        "round": 10
    },
    "timestamp": 1619897907848,
    "session": "room000040"
}, {
    "contribution": 20,
    "time": 4090,
    "timeup": false,
    "done": true,
    "player": "301326118461331",
    "stage": {
        "stage": 4,
        "step": 1,
        "round": 10
    },
    "timestamp": 1619897908810,
    "session": "room000040"
}, {
    "contribution": 0,
    "time": 5471,
    "timeup": false,
    "done": true,
    "player": "874902518533663",
    "stage": {
        "stage": 4,
        "step": 1,
        "round": 10
    },
    "timestamp": 1619897910198,
    "session": "room000040"
}, {
    "contribution": 15,
    "time": 8300,
    "timeup": false,
    "done": true,
    "player": "756185335327643",
    "stage": {
        "stage": 4,
        "step": 1,
        "round": 10
    },
    "timestamp": 1619897912932,
    "session": "room000040"
}, {
    "time": 2907,
    "timeup": false,
    "done": true,
    "player": "756185335327643",
    "stage": {
        "stage": 4,
        "step": 2,
        "round": 10
    },
    "timestamp": 1619897916228,
    "session": "room000040"
}, {
    "time": 4960,
    "timeup": false,
    "done": true,
    "player": "301326118461331",
    "stage": {
        "stage": 4,
        "step": 2,
        "round": 10
    },
    "timestamp": 1619897918297,
    "session": "room000040"
}, {
    "time": 8001,
    "timeup": false,
    "done": true,
    "player": "874902518533663",
    "stage": {
        "stage": 4,
        "step": 2,
        "round": 10
    },
    "timestamp": 1619897921457,
    "session": "room000040"
}, {
    "time": 8313,
    "timeup": false,
    "done": true,
    "player": "27424159697678",
    "stage": {
        "stage": 4,
        "step": 2,
        "round": 10
    },
    "timestamp": 1619897921607,
    "session": "room000040"
}, {
    "communication": "Ne",
    "agreement": "Ne",
    "real1": "Neměli jsme nic domluveno",
    "real2": "Neměli jsme nic domluveno",
    "strategy": "Maximalizovat výnos skupiny",
    "time": 33486,
    "timeup": false,
    "done": true,
    "player": "756185335327643",
    "stage": {
        "stage": 5,
        "step": 1,
        "round": 1
    },
    "timestamp": 1619897955411,
    "session": "room000040"
}, {
    "communication": "Ne",
    "agreement": "Ne",
    "real1": "Neměli jsme nic domluveno",
    "real2": "Neměli jsme nic domluveno",
    "strategy": "Maximalizovat můj vlastní výnos",
    "time": 42021,
    "timeup": false,
    "done": true,
    "player": "301326118461331",
    "stage": {
        "stage": 5,
        "step": 1,
        "round": 1
    },
    "timestamp": 1619897963835,
    "session": "room000040"
}, {
    "communication": "Ne",
    "agreement": "Ne",
    "real1": "Neměli jsme nic domluveno",
    "real2": "Neměli jsme nic domluveno",
    "strategy": "Maximalizovat výnos skupiny",
    "time": 61234,
    "timeup": false,
    "done": true,
    "player": "27424159697678",
    "stage": {
        "stage": 5,
        "step": 1,
        "round": 1
    },
    "timestamp": 1619897983029,
    "session": "room000040"
}, {
    "communication": "Ne",
    "agreement": "Ne",
    "real1": "Neměli jsme nic domluveno",
    "real2": "Neměli jsme nic domluveno",
    "strategy": "Maximalizovat výnos skupiny",
    "time": 90003,
    "timeup": true,
    "done": true,
    "player": "874902518533663",
    "stage": {
        "stage": 5,
        "step": 1,
        "round": 1
    },
    "timestamp": 1619898011930,
    "session": "room000040"
}, {
    "value": "matesax@seznam.cz",
    "timeBegin": 4315,
    "timeEnd": 8861,
    "isCorrect": true,
    "id": "email",
    "time": 10317,
    "timeup": false,
    "done": true,
    "player": "874902518533663",
    "stage": {
        "stage": 6,
        "step": 1,
        "round": 1
    },
    "timestamp": 1619898022564,
    "session": "room000040"
}, {
    "value": "natsedlakova@gmail.com",
    "timeBegin": 5671,
    "timeEnd": 9319,
    "isCorrect": true,
    "id": "email",
    "time": 11747,
    "timeup": false,
    "done": true,
    "player": "27424159697678",
    "stage": {
        "stage": 6,
        "step": 1,
        "round": 1
    },
    "timestamp": 1619898023864,
    "session": "room000040"
}, {
    "value": "v.lounek@gmail.com",
    "timeBegin": 3124,
    "timeEnd": 8388,
    "isCorrect": true,
    "id": "email",
    "time": 13420,
    "timeup": false,
    "done": true,
    "player": "756185335327643",
    "stage": {
        "stage": 6,
        "step": 1,
        "round": 1
    },
    "timestamp": 1619898025602,
    "session": "room000040"
}, {
    "value": "nicol.stankova@gmail.com",
    "timeBegin": 7997,
    "timeEnd": 14225,
    "isCorrect": true,
    "id": "email",
    "time": 19386,
    "timeup": false,
    "done": true,
    "player": "301326118461331",
    "stage": {
        "stage": 6,
        "step": 1,
        "round": 1
    },
    "timestamp": 1619898031523,
    "session": "room000040"
}]