"session","player","time","communication","agreement","real1","real2","strategy"
"room000040","756185335327643",33486,"Ne","Ne","Neměli jsme nic domluveno","Neměli jsme nic domluveno","Maximalizovat výnos skupiny"
"room000040","301326118461331",42021,"Ne","Ne","Neměli jsme nic domluveno","Neměli jsme nic domluveno","Maximalizovat můj vlastní výnos"
"room000040","27424159697678",61234,"Ne","Ne","Neměli jsme nic domluveno","Neměli jsme nic domluveno","Maximalizovat výnos skupiny"
"room000040","874902518533663",90003,"Ne","Ne","Neměli jsme nic domluveno","Neměli jsme nic domluveno","Maximalizovat výnos skupiny"
