[{
    "time": 2347,
    "timeup": false,
    "done": true,
    "player": "282178883933951",
    "stage": {
        "stage": 1,
        "step": 1,
        "round": 1
    },
    "timestamp": 1619901361052,
    "session": "room000041"
}, {
    "time": 3146,
    "timeup": false,
    "done": true,
    "player": "813042907588933",
    "stage": {
        "stage": 1,
        "step": 1,
        "round": 1
    },
    "timestamp": 1619901362112,
    "session": "room000041"
}, {
    "time": 15350,
    "timeup": false,
    "done": true,
    "player": "952984450704082",
    "stage": {
        "stage": 1,
        "step": 1,
        "round": 1
    },
    "timestamp": 1619901374035,
    "session": "room000041"
}, {
    "time": 35399,
    "timeup": false,
    "done": true,
    "player": "430169293787866",
    "stage": {
        "stage": 1,
        "step": 1,
        "round": 1
    },
    "timestamp": 1619901394427,
    "session": "room000041"
}, {
    "order": [
        0,
        1,
        2,
        3,
        4
    ],
    "forms": {
        "coinsEveryRound": {
            "id": "coinsEveryRound",
            "choice": "0",
            "time": 3939,
            "nClicks": 1,
            "order": [
                3,
                2,
                0,
                1
            ],
            "value": "20",
            "isCorrect": true,
            "attempts": [
                "0"
            ]
        },
        "coinsMaxi": {
            "id": "coinsMaxi",
            "choice": "0",
            "time": 9352,
            "nClicks": 1,
            "order": [
                2,
                0,
                3,
                1
            ],
            "value": "40",
            "isCorrect": true,
            "attempts": [
                "0"
            ]
        },
        "coinsMini": {
            "id": "coinsMini",
            "choice": "0",
            "time": 12662,
            "nClicks": 1,
            "order": [
                0,
                2,
                1,
                3
            ],
            "value": "10",
            "isCorrect": true,
            "attempts": [
                "0"
            ]
        },
        "coinsOthers": {
            "id": "coinsOthers",
            "choice": "0",
            "time": 14062,
            "nClicks": 1,
            "order": [
                0,
                1,
                2,
                3
            ],
            "value": "30",
            "isCorrect": true,
            "attempts": [
                "0"
            ]
        },
        "lowestPayment1": {
            "id": "lowestPayment1",
            "choice": "0",
            "time": 23863,
            "nClicks": 1,
            "order": [
                2,
                0,
                3,
                1
            ],
            "value": "15",
            "isCorrect": true,
            "attempts": [
                "0"
            ]
        }
    },
    "missValues": [],
    "id": "quiz",
    "isCorrect": true,
    "time": 25122,
    "timeup": false,
    "done": true,
    "player": "282178883933951",
    "stage": {
        "stage": 2,
        "step": 1,
        "round": 1
    },
    "timestamp": 1619901420963,
    "session": "room000041"
}, {
    "order": [
        0,
        1,
        2,
        3,
        4
    ],
    "forms": {
        "coinsEveryRound": {
            "id": "coinsEveryRound",
            "choice": "0",
            "time": 2904,
            "nClicks": 1,
            "order": [
                0,
                2,
                1,
                3
            ],
            "value": "20",
            "isCorrect": true,
            "attempts": [
                "0"
            ]
        },
        "coinsMaxi": {
            "id": "coinsMaxi",
            "choice": "0",
            "time": 11566,
            "nClicks": 2,
            "order": [
                0,
                2,
                3,
                1
            ],
            "value": "40",
            "isCorrect": true,
            "attempts": [
                "0"
            ]
        },
        "coinsMini": {
            "id": "coinsMini",
            "choice": "0",
            "time": 14537,
            "nClicks": 1,
            "order": [
                3,
                0,
                2,
                1
            ],
            "value": "10",
            "isCorrect": true,
            "attempts": [
                "0"
            ]
        },
        "coinsOthers": {
            "id": "coinsOthers",
            "choice": "0",
            "time": 15804,
            "nClicks": 1,
            "order": [
                1,
                2,
                0,
                3
            ],
            "value": "30",
            "isCorrect": true,
            "attempts": [
                "0"
            ]
        },
        "lowestPayment1": {
            "id": "lowestPayment1",
            "choice": "0",
            "time": 25650,
            "nClicks": 2,
            "order": [
                1,
                0,
                3,
                2
            ],
            "value": "15",
            "isCorrect": true,
            "attempts": [
                "0"
            ]
        }
    },
    "missValues": [],
    "id": "quiz",
    "isCorrect": true,
    "time": 27514,
    "timeup": false,
    "done": true,
    "player": "813042907588933",
    "stage": {
        "stage": 2,
        "step": 1,
        "round": 1
    },
    "timestamp": 1619901422364,
    "session": "room000041"
}, {
    "order": [
        0,
        1,
        2,
        3,
        4
    ],
    "forms": {
        "coinsEveryRound": {
            "id": "coinsEveryRound",
            "choice": "0",
            "time": 8141,
            "nClicks": 1,
            "order": [
                3,
                2,
                1,
                0
            ],
            "value": "20",
            "isCorrect": true,
            "attempts": [
                "0",
                "0"
            ]
        },
        "coinsMaxi": {
            "id": "coinsMaxi",
            "choice": "0",
            "time": 14393,
            "nClicks": 1,
            "order": [
                0,
                3,
                2,
                1
            ],
            "value": "40",
            "isCorrect": true,
            "attempts": [
                "0",
                "0"
            ]
        },
        "coinsMini": {
            "id": "coinsMini",
            "choice": "0",
            "time": 21984,
            "nClicks": 1,
            "order": [
                2,
                3,
                0,
                1
            ],
            "value": "10",
            "isCorrect": true,
            "attempts": [
                "0",
                "0"
            ]
        },
        "coinsOthers": {
            "id": "coinsOthers",
            "choice": "0",
            "time": 62931,
            "nClicks": 2,
            "order": [
                1,
                3,
                0,
                2
            ],
            "value": "30",
            "isCorrect": true,
            "attempts": [
                "3",
                "0"
            ]
        },
        "lowestPayment1": {
            "id": "lowestPayment1",
            "choice": "0",
            "time": 54714,
            "nClicks": 1,
            "order": [
                1,
                2,
                0,
                3
            ],
            "value": "15",
            "isCorrect": true,
            "attempts": [
                "0",
                "0"
            ]
        }
    },
    "missValues": [],
    "id": "quiz",
    "isCorrect": true,
    "time": 64540,
    "timeup": false,
    "done": true,
    "player": "430169293787866",
    "stage": {
        "stage": 2,
        "step": 1,
        "round": 1
    },
    "timestamp": 1619901459317,
    "session": "room000041"
}, {
    "order": [
        0,
        1,
        2,
        3,
        4
    ],
    "forms": {
        "coinsEveryRound": {
            "id": "coinsEveryRound",
            "choice": "0",
            "time": 4205,
            "nClicks": 1,
            "order": [
                1,
                3,
                0,
                2
            ],
            "value": "20",
            "isCorrect": true,
            "attempts": [
                "0"
            ]
        },
        "coinsMaxi": {
            "id": "coinsMaxi",
            "choice": "0",
            "time": 17447,
            "nClicks": 1,
            "order": [
                0,
                3,
                1,
                2
            ],
            "value": "40",
            "isCorrect": true,
            "attempts": [
                "0"
            ]
        },
        "coinsMini": {
            "id": "coinsMini",
            "choice": "0",
            "time": 24143,
            "nClicks": 1,
            "order": [
                3,
                0,
                2,
                1
            ],
            "value": "10",
            "isCorrect": true,
            "attempts": [
                "0"
            ]
        },
        "coinsOthers": {
            "id": "coinsOthers",
            "choice": "0",
            "time": 33221,
            "nClicks": 1,
            "order": [
                1,
                3,
                0,
                2
            ],
            "value": "30",
            "isCorrect": true,
            "attempts": [
                "0"
            ]
        },
        "lowestPayment1": {
            "id": "lowestPayment1",
            "choice": "0",
            "time": 57464,
            "nClicks": 1,
            "order": [
                0,
                1,
                3,
                2
            ],
            "value": "15",
            "isCorrect": true,
            "attempts": [
                "0"
            ]
        }
    },
    "missValues": [],
    "id": "quiz",
    "isCorrect": true,
    "time": 111513,
    "timeup": false,
    "done": true,
    "player": "952984450704082",
    "stage": {
        "stage": 2,
        "step": 1,
        "round": 1
    },
    "timestamp": 1619901506329,
    "session": "room000041"
}, {
    "znajiSe": "7-velmi dobře",
    "blizkost": "7-velmi blízký",
    "kooperujeKam": "7-velmi spolupracuji",
    "kooperujeCiz": "5",
    "time": 11905,
    "timeup": false,
    "done": true,
    "player": "282178883933951",
    "stage": {
        "stage": 3,
        "step": 1,
        "round": 1
    },
    "timestamp": 1619901518784,
    "session": "room000041"
}, {
    "znajiSe": "7-velmi dobře",
    "blizkost": "7-velmi blízký",
    "kooperujeKam": "7-velmi spolupracuji",
    "kooperujeCiz": "5",
    "time": 12514,
    "timeup": false,
    "done": true,
    "player": "813042907588933",
    "stage": {
        "stage": 3,
        "step": 1,
        "round": 1
    },
    "timestamp": 1619901519189,
    "session": "room000041"
}, {
    "znajiSe": "5",
    "blizkost": "3",
    "kooperujeKam": "7-velmi spolupracuji",
    "kooperujeCiz": "5",
    "time": 40662,
    "timeup": false,
    "done": true,
    "player": "430169293787866",
    "stage": {
        "stage": 3,
        "step": 1,
        "round": 1
    },
    "timestamp": 1619901549124,
    "session": "room000041"
}, {
    "znajiSe": "6",
    "blizkost": "6",
    "kooperujeKam": "7-velmi spolupracuji",
    "kooperujeCiz": "6",
    "time": 65839,
    "timeup": false,
    "done": true,
    "player": "952984450704082",
    "stage": {
        "stage": 3,
        "step": 1,
        "round": 1
    },
    "timestamp": 1619901572377,
    "session": "room000041"
}, {
    "contribution": 20,
    "time": 6781,
    "timeup": false,
    "done": true,
    "player": "813042907588933",
    "stage": {
        "stage": 4,
        "step": 1,
        "round": 1
    },
    "timestamp": 1619901580208,
    "session": "room000041"
}, {
    "contribution": 20,
    "time": 5235,
    "timeup": false,
    "done": true,
    "player": "282178883933951",
    "stage": {
        "stage": 4,
        "step": 1,
        "round": 1
    },
    "timestamp": 1619901580523,
    "session": "room000041"
}, {
    "contribution": 20,
    "time": 13725,
    "timeup": false,
    "done": true,
    "player": "430169293787866",
    "stage": {
        "stage": 4,
        "step": 1,
        "round": 1
    },
    "timestamp": 1619901586771,
    "session": "room000041"
}, {
    "contribution": 20,
    "time": 22491,
    "timeup": false,
    "done": true,
    "player": "952984450704082",
    "stage": {
        "stage": 4,
        "step": 1,
        "round": 1
    },
    "timestamp": 1619901595739,
    "session": "room000041"
}, {
    "time": 4550,
    "timeup": false,
    "done": true,
    "player": "813042907588933",
    "stage": {
        "stage": 4,
        "step": 2,
        "round": 1
    },
    "timestamp": 1619901601256,
    "session": "room000041"
}, {
    "time": 4848,
    "timeup": false,
    "done": true,
    "player": "282178883933951",
    "stage": {
        "stage": 4,
        "step": 2,
        "round": 1
    },
    "timestamp": 1619901601669,
    "session": "room000041"
}, {
    "time": 5585,
    "timeup": false,
    "done": true,
    "player": "430169293787866",
    "stage": {
        "stage": 4,
        "step": 2,
        "round": 1
    },
    "timestamp": 1619901601993,
    "session": "room000041"
}, {
    "time": 6595,
    "timeup": false,
    "done": true,
    "player": "952984450704082",
    "stage": {
        "stage": 4,
        "step": 2,
        "round": 1
    },
    "timestamp": 1619901602963,
    "session": "room000041"
}, {
    "contribution": 20,
    "time": 4410,
    "timeup": false,
    "done": true,
    "player": "282178883933951",
    "stage": {
        "stage": 4,
        "step": 1,
        "round": 2
    },
    "timestamp": 1619901607861,
    "session": "room000041"
}, {
    "contribution": 20,
    "time": 4410,
    "timeup": false,
    "done": true,
    "player": "430169293787866",
    "stage": {
        "stage": 4,
        "step": 1,
        "round": 2
    },
    "timestamp": 1619901607886,
    "session": "room000041"
}, {
    "contribution": 20,
    "time": 6338,
    "timeup": false,
    "done": true,
    "player": "813042907588933",
    "stage": {
        "stage": 4,
        "step": 1,
        "round": 2
    },
    "timestamp": 1619901609766,
    "session": "room000041"
}, {
    "contribution": 20,
    "time": 11960,
    "timeup": false,
    "done": true,
    "player": "952984450704082",
    "stage": {
        "stage": 4,
        "step": 1,
        "round": 2
    },
    "timestamp": 1619901615214,
    "session": "room000041"
}, {
    "time": 1686,
    "timeup": false,
    "done": true,
    "player": "430169293787866",
    "stage": {
        "stage": 4,
        "step": 2,
        "round": 2
    },
    "timestamp": 1619901617587,
    "session": "room000041"
}, {
    "time": 2871,
    "timeup": false,
    "done": true,
    "player": "952984450704082",
    "stage": {
        "stage": 4,
        "step": 2,
        "round": 2
    },
    "timestamp": 1619901618392,
    "session": "room000041"
}, {
    "time": 2900,
    "timeup": false,
    "done": true,
    "player": "282178883933951",
    "stage": {
        "stage": 4,
        "step": 2,
        "round": 2
    },
    "timestamp": 1619901618595,
    "session": "room000041"
}, {
    "time": 3232,
    "timeup": false,
    "done": true,
    "player": "813042907588933",
    "stage": {
        "stage": 4,
        "step": 2,
        "round": 2
    },
    "timestamp": 1619901618837,
    "session": "room000041"
}, {
    "contribution": 20,
    "time": 2520,
    "timeup": false,
    "done": true,
    "player": "430169293787866",
    "stage": {
        "stage": 4,
        "step": 1,
        "round": 3
    },
    "timestamp": 1619901621903,
    "session": "room000041"
}, {
    "contribution": 20,
    "time": 5504,
    "timeup": false,
    "done": true,
    "player": "813042907588933",
    "stage": {
        "stage": 4,
        "step": 1,
        "round": 3
    },
    "timestamp": 1619901624685,
    "session": "room000041"
}, {
    "contribution": 20,
    "time": 6704,
    "timeup": false,
    "done": true,
    "player": "952984450704082",
    "stage": {
        "stage": 4,
        "step": 1,
        "round": 3
    },
    "timestamp": 1619901626044,
    "session": "room000041"
}, {
    "contribution": 20,
    "time": 11923,
    "timeup": false,
    "done": true,
    "player": "282178883933951",
    "stage": {
        "stage": 4,
        "step": 1,
        "round": 3
    },
    "timestamp": 1619901631290,
    "session": "room000041"
}, {
    "time": 1482,
    "timeup": false,
    "done": true,
    "player": "430169293787866",
    "stage": {
        "stage": 4,
        "step": 2,
        "round": 3
    },
    "timestamp": 1619901633352,
    "session": "room000041"
}, {
    "time": 3058,
    "timeup": false,
    "done": true,
    "player": "282178883933951",
    "stage": {
        "stage": 4,
        "step": 2,
        "round": 3
    },
    "timestamp": 1619901634716,
    "session": "room000041"
}, {
    "time": 3790,
    "timeup": false,
    "done": true,
    "player": "813042907588933",
    "stage": {
        "stage": 4,
        "step": 2,
        "round": 3
    },
    "timestamp": 1619901635820,
    "session": "room000041"
}, {
    "time": 5936,
    "timeup": false,
    "done": true,
    "player": "952984450704082",
    "stage": {
        "stage": 4,
        "step": 2,
        "round": 3
    },
    "timestamp": 1619901637657,
    "session": "room000041"
}, {
    "contribution": 20,
    "time": 3329,
    "timeup": false,
    "done": true,
    "player": "282178883933951",
    "stage": {
        "stage": 4,
        "step": 1,
        "round": 4
    },
    "timestamp": 1619901641477,
    "session": "room000041"
}, {
    "contribution": 20,
    "time": 3635,
    "timeup": false,
    "done": true,
    "player": "430169293787866",
    "stage": {
        "stage": 4,
        "step": 1,
        "round": 4
    },
    "timestamp": 1619901641730,
    "session": "room000041"
}, {
    "contribution": 20,
    "time": 5284,
    "timeup": false,
    "done": true,
    "player": "813042907588933",
    "stage": {
        "stage": 4,
        "step": 1,
        "round": 4
    },
    "timestamp": 1619901643567,
    "session": "room000041"
}, {
    "contribution": 20,
    "time": 8176,
    "timeup": false,
    "done": true,
    "player": "952984450704082",
    "stage": {
        "stage": 4,
        "step": 1,
        "round": 4
    },
    "timestamp": 1619901646183,
    "session": "room000041"
}, {
    "time": 1267,
    "timeup": false,
    "done": true,
    "player": "282178883933951",
    "stage": {
        "stage": 4,
        "step": 2,
        "round": 4
    },
    "timestamp": 1619901648031,
    "session": "room000041"
}, {
    "time": 1381,
    "timeup": false,
    "done": true,
    "player": "430169293787866",
    "stage": {
        "stage": 4,
        "step": 2,
        "round": 4
    },
    "timestamp": 1619901648207,
    "session": "room000041"
}, {
    "time": 3330,
    "timeup": false,
    "done": true,
    "player": "813042907588933",
    "stage": {
        "stage": 4,
        "step": 2,
        "round": 4
    },
    "timestamp": 1619901650007,
    "session": "room000041"
}, {
    "time": 4004,
    "timeup": false,
    "done": true,
    "player": "952984450704082",
    "stage": {
        "stage": 4,
        "step": 2,
        "round": 4
    },
    "timestamp": 1619901650504,
    "session": "room000041"
}, {
    "contribution": 20,
    "time": 2344,
    "timeup": false,
    "done": true,
    "player": "430169293787866",
    "stage": {
        "stage": 4,
        "step": 1,
        "round": 5
    },
    "timestamp": 1619901653366,
    "session": "room000041"
}, {
    "contribution": 20,
    "time": 2902,
    "timeup": false,
    "done": true,
    "player": "282178883933951",
    "stage": {
        "stage": 4,
        "step": 1,
        "round": 5
    },
    "timestamp": 1619901653957,
    "session": "room000041"
}, {
    "contribution": 20,
    "time": 4823,
    "timeup": false,
    "done": true,
    "player": "952984450704082",
    "stage": {
        "stage": 4,
        "step": 1,
        "round": 5
    },
    "timestamp": 1619901655668,
    "session": "room000041"
}, {
    "contribution": 20,
    "time": 6196,
    "timeup": false,
    "done": true,
    "player": "813042907588933",
    "stage": {
        "stage": 4,
        "step": 1,
        "round": 5
    },
    "timestamp": 1619901657117,
    "session": "room000041"
}, {
    "time": 1532,
    "timeup": false,
    "done": true,
    "player": "282178883933951",
    "stage": {
        "stage": 4,
        "step": 2,
        "round": 5
    },
    "timestamp": 1619901659145,
    "session": "room000041"
}, {
    "time": 1489,
    "timeup": false,
    "done": true,
    "player": "430169293787866",
    "stage": {
        "stage": 4,
        "step": 2,
        "round": 5
    },
    "timestamp": 1619901659195,
    "session": "room000041"
}, {
    "time": 3525,
    "timeup": false,
    "done": true,
    "player": "813042907588933",
    "stage": {
        "stage": 4,
        "step": 2,
        "round": 5
    },
    "timestamp": 1619901660996,
    "session": "room000041"
}, {
    "time": 4698,
    "timeup": false,
    "done": true,
    "player": "952984450704082",
    "stage": {
        "stage": 4,
        "step": 2,
        "round": 5
    },
    "timestamp": 1619901662256,
    "session": "room000041"
}, {
    "contribution": 20,
    "time": 2557,
    "timeup": false,
    "done": true,
    "player": "430169293787866",
    "stage": {
        "stage": 4,
        "step": 1,
        "round": 6
    },
    "timestamp": 1619901665424,
    "session": "room000041"
}, {
    "contribution": 20,
    "time": 3043,
    "timeup": false,
    "done": true,
    "player": "282178883933951",
    "stage": {
        "stage": 4,
        "step": 1,
        "round": 6
    },
    "timestamp": 1619901665806,
    "session": "room000041"
}, {
    "contribution": 20,
    "time": 4967,
    "timeup": false,
    "done": true,
    "player": "952984450704082",
    "stage": {
        "stage": 4,
        "step": 1,
        "round": 6
    },
    "timestamp": 1619901667535,
    "session": "room000041"
}, {
    "contribution": 20,
    "time": 5513,
    "timeup": false,
    "done": true,
    "player": "813042907588933",
    "stage": {
        "stage": 4,
        "step": 1,
        "round": 6
    },
    "timestamp": 1619901668155,
    "session": "room000041"
}, {
    "time": 1118,
    "timeup": false,
    "done": true,
    "player": "430169293787866",
    "stage": {
        "stage": 4,
        "step": 2,
        "round": 6
    },
    "timestamp": 1619901669712,
    "session": "room000041"
}, {
    "time": 1562,
    "timeup": false,
    "done": true,
    "player": "282178883933951",
    "stage": {
        "stage": 4,
        "step": 2,
        "round": 6
    },
    "timestamp": 1619901670254,
    "session": "room000041"
}, {
    "time": 3539,
    "timeup": false,
    "done": true,
    "player": "813042907588933",
    "stage": {
        "stage": 4,
        "step": 2,
        "round": 6
    },
    "timestamp": 1619901672051,
    "session": "room000041"
}, {
    "time": 4279,
    "timeup": false,
    "done": true,
    "player": "952984450704082",
    "stage": {
        "stage": 4,
        "step": 2,
        "round": 6
    },
    "timestamp": 1619901672838,
    "session": "room000041"
}, {
    "contribution": 20,
    "time": 3274,
    "timeup": false,
    "done": true,
    "player": "282178883933951",
    "stage": {
        "stage": 4,
        "step": 1,
        "round": 7
    },
    "timestamp": 1619901676756,
    "session": "room000041"
}, {
    "contribution": 20,
    "time": 4505,
    "timeup": false,
    "done": true,
    "player": "430169293787866",
    "stage": {
        "stage": 4,
        "step": 1,
        "round": 7
    },
    "timestamp": 1619901677831,
    "session": "room000041"
}, {
    "contribution": 20,
    "time": 5891,
    "timeup": false,
    "done": true,
    "player": "952984450704082",
    "stage": {
        "stage": 4,
        "step": 1,
        "round": 7
    },
    "timestamp": 1619901678987,
    "session": "room000041"
}, {
    "contribution": 20,
    "time": 5797,
    "timeup": false,
    "done": true,
    "player": "813042907588933",
    "stage": {
        "stage": 4,
        "step": 1,
        "round": 7
    },
    "timestamp": 1619901679015,
    "session": "room000041"
}, {
    "time": 1465,
    "timeup": false,
    "done": true,
    "player": "282178883933951",
    "stage": {
        "stage": 4,
        "step": 2,
        "round": 7
    },
    "timestamp": 1619901681005,
    "session": "room000041"
}, {
    "time": 2256,
    "timeup": false,
    "done": true,
    "player": "430169293787866",
    "stage": {
        "stage": 4,
        "step": 2,
        "round": 7
    },
    "timestamp": 1619901681697,
    "session": "room000041"
}, {
    "time": 2486,
    "timeup": false,
    "done": true,
    "player": "952984450704082",
    "stage": {
        "stage": 4,
        "step": 2,
        "round": 7
    },
    "timestamp": 1619901681929,
    "session": "room000041"
}, {
    "time": 2969,
    "timeup": false,
    "done": true,
    "player": "813042907588933",
    "stage": {
        "stage": 4,
        "step": 2,
        "round": 7
    },
    "timestamp": 1619901682349,
    "session": "room000041"
}, {
    "contribution": 20,
    "time": 2934,
    "timeup": false,
    "done": true,
    "player": "282178883933951",
    "stage": {
        "stage": 4,
        "step": 1,
        "round": 8
    },
    "timestamp": 1619901685783,
    "session": "room000041"
}, {
    "contribution": 20,
    "time": 2986,
    "timeup": false,
    "done": true,
    "player": "430169293787866",
    "stage": {
        "stage": 4,
        "step": 1,
        "round": 8
    },
    "timestamp": 1619901685903,
    "session": "room000041"
}, {
    "contribution": 20,
    "time": 5080,
    "timeup": false,
    "done": true,
    "player": "813042907588933",
    "stage": {
        "stage": 4,
        "step": 1,
        "round": 8
    },
    "timestamp": 1619901687807,
    "session": "room000041"
}, {
    "contribution": 20,
    "time": 6063,
    "timeup": false,
    "done": true,
    "player": "952984450704082",
    "stage": {
        "stage": 4,
        "step": 1,
        "round": 8
    },
    "timestamp": 1619901688826,
    "session": "room000041"
}, {
    "time": 1398,
    "timeup": false,
    "done": true,
    "player": "282178883933951",
    "stage": {
        "stage": 4,
        "step": 2,
        "round": 8
    },
    "timestamp": 1619901690768,
    "session": "room000041"
}, {
    "time": 1503,
    "timeup": false,
    "done": true,
    "player": "430169293787866",
    "stage": {
        "stage": 4,
        "step": 2,
        "round": 8
    },
    "timestamp": 1619901690933,
    "session": "room000041"
}, {
    "time": 2379,
    "timeup": false,
    "done": true,
    "player": "952984450704082",
    "stage": {
        "stage": 4,
        "step": 2,
        "round": 8
    },
    "timestamp": 1619901691547,
    "session": "room000041"
}, {
    "time": 3670,
    "timeup": false,
    "done": true,
    "player": "813042907588933",
    "stage": {
        "stage": 4,
        "step": 2,
        "round": 8
    },
    "timestamp": 1619901692958,
    "session": "room000041"
}, {
    "contribution": 20,
    "time": 2861,
    "timeup": false,
    "done": true,
    "player": "430169293787866",
    "stage": {
        "stage": 4,
        "step": 1,
        "round": 9
    },
    "timestamp": 1619901696408,
    "session": "room000041"
}, {
    "contribution": 20,
    "time": 3468,
    "timeup": false,
    "done": true,
    "player": "282178883933951",
    "stage": {
        "stage": 4,
        "step": 1,
        "round": 9
    },
    "timestamp": 1619901696941,
    "session": "room000041"
}, {
    "contribution": 20,
    "time": 5417,
    "timeup": false,
    "done": true,
    "player": "952984450704082",
    "stage": {
        "stage": 4,
        "step": 1,
        "round": 9
    },
    "timestamp": 1619901698783,
    "session": "room000041"
}, {
    "contribution": 20,
    "time": 5661,
    "timeup": false,
    "done": true,
    "player": "813042907588933",
    "stage": {
        "stage": 4,
        "step": 1,
        "round": 9
    },
    "timestamp": 1619901698951,
    "session": "room000041"
}, {
    "time": 902,
    "timeup": false,
    "done": true,
    "player": "430169293787866",
    "stage": {
        "stage": 4,
        "step": 2,
        "round": 9
    },
    "timestamp": 1619901700389,
    "session": "room000041"
}, {
    "time": 2687,
    "timeup": false,
    "done": true,
    "player": "952984450704082",
    "stage": {
        "stage": 4,
        "step": 2,
        "round": 9
    },
    "timestamp": 1619901701986,
    "session": "room000041"
}, {
    "time": 2536,
    "timeup": false,
    "done": true,
    "player": "282178883933951",
    "stage": {
        "stage": 4,
        "step": 2,
        "round": 9
    },
    "timestamp": 1619901702163,
    "session": "room000041"
}, {
    "time": 3203,
    "timeup": false,
    "done": true,
    "player": "813042907588933",
    "stage": {
        "stage": 4,
        "step": 2,
        "round": 9
    },
    "timestamp": 1619901702495,
    "session": "room000041"
}, {
    "contribution": 20,
    "time": 2745,
    "timeup": false,
    "done": true,
    "player": "430169293787866",
    "stage": {
        "stage": 4,
        "step": 1,
        "round": 10
    },
    "timestamp": 1619901705831,
    "session": "room000041"
}, {
    "contribution": 20,
    "time": 4515,
    "timeup": false,
    "done": true,
    "player": "952984450704082",
    "stage": {
        "stage": 4,
        "step": 1,
        "round": 10
    },
    "timestamp": 1619901707472,
    "session": "room000041"
}, {
    "contribution": 20,
    "time": 5280,
    "timeup": false,
    "done": true,
    "player": "813042907588933",
    "stage": {
        "stage": 4,
        "step": 1,
        "round": 10
    },
    "timestamp": 1619901708161,
    "session": "room000041"
}, {
    "contribution": 20,
    "time": 3502,
    "timeup": false,
    "done": true,
    "player": "282178883933951",
    "stage": {
        "stage": 4,
        "step": 1,
        "round": 10
    },
    "timestamp": 1619901708709,
    "session": "room000041"
}, {
    "time": 1708,
    "timeup": false,
    "done": true,
    "player": "282178883933951",
    "stage": {
        "stage": 4,
        "step": 2,
        "round": 10
    },
    "timestamp": 1619901710872,
    "session": "room000041"
}, {
    "time": 2567,
    "timeup": false,
    "done": true,
    "player": "430169293787866",
    "stage": {
        "stage": 4,
        "step": 2,
        "round": 10
    },
    "timestamp": 1619901711825,
    "session": "room000041"
}, {
    "time": 2757,
    "timeup": false,
    "done": true,
    "player": "952984450704082",
    "stage": {
        "stage": 4,
        "step": 2,
        "round": 10
    },
    "timestamp": 1619901711897,
    "session": "room000041"
}, {
    "time": 3426,
    "timeup": false,
    "done": true,
    "player": "813042907588933",
    "stage": {
        "stage": 4,
        "step": 2,
        "round": 10
    },
    "timestamp": 1619901712576,
    "session": "room000041"
}, {
    "communication": "Ne",
    "agreement": "Ano",
    "real1": "Ano",
    "real2": "Ano",
    "strategy": "Maximalizovat výnos skupiny",
    "time": 20552,
    "timeup": false,
    "done": true,
    "player": "952984450704082",
    "stage": {
        "stage": 5,
        "step": 1,
        "round": 1
    },
    "timestamp": 1619901733444,
    "session": "room000041"
}, {
    "communication": "Ne",
    "agreement": "Ano",
    "real1": "Ano",
    "real2": "Ano",
    "strategy": "Maximalizovat výnos skupiny",
    "time": 21966,
    "timeup": false,
    "done": true,
    "player": "282178883933951",
    "stage": {
        "stage": 5,
        "step": 1,
        "round": 1
    },
    "timestamp": 1619901734963,
    "session": "room000041"
}, {
    "communication": "Ne",
    "agreement": "Ano",
    "real1": "Ano",
    "real2": "Ano",
    "strategy": "Maximalizovat výnos skupiny",
    "time": 23395,
    "timeup": false,
    "done": true,
    "player": "813042907588933",
    "stage": {
        "stage": 5,
        "step": 1,
        "round": 1
    },
    "timestamp": 1619901736216,
    "session": "room000041"
}, {
    "communication": "Ne",
    "agreement": "Ano",
    "real1": "Ano",
    "real2": "Ano",
    "strategy": "Maximalizovat výnos skupiny",
    "time": 33719,
    "timeup": false,
    "done": true,
    "player": "430169293787866",
    "stage": {
        "stage": 5,
        "step": 1,
        "round": 1
    },
    "timestamp": 1619901746646,
    "session": "room000041"
}, {
    "value": "xtompok@gmail.com",
    "timeBegin": 2012,
    "timeEnd": 6235,
    "isCorrect": true,
    "id": "email",
    "time": 7827,
    "timeup": false,
    "done": true,
    "player": "430169293787866",
    "stage": {
        "stage": 6,
        "step": 1,
        "round": 1
    },
    "timestamp": 1619901754721,
    "session": "room000041"
}, {
    "value": "legolaso@email.cz",
    "timeBegin": 4550,
    "timeEnd": 7427,
    "isCorrect": true,
    "id": "email",
    "time": 9218,
    "timeup": false,
    "done": true,
    "player": "282178883933951",
    "stage": {
        "stage": 6,
        "step": 1,
        "round": 1
    },
    "timestamp": 1619901756189,
    "session": "room000041"
}, {
    "value": "nemcina.dua@seznam.cz",
    "timeBegin": 3760,
    "timeEnd": 13186,
    "isCorrect": true,
    "id": "email",
    "time": 21877,
    "timeup": false,
    "done": true,
    "player": "813042907588933",
    "stage": {
        "stage": 6,
        "step": 1,
        "round": 1
    },
    "timestamp": 1619901768852,
    "session": "room000041"
}, {
    "value": "klara.tauchmanova@gmail.com",
    "timeBegin": 6201,
    "timeEnd": 31885,
    "isCorrect": true,
    "id": "email",
    "time": 39235,
    "timeup": false,
    "done": true,
    "player": "952984450704082",
    "stage": {
        "stage": 6,
        "step": 1,
        "round": 1
    },
    "timestamp": 1619901786122,
    "session": "room000041"
}]